note_str,instrument,pitch,velocity,n_frames
string_acoustic_000-040-025,string_acoustic_000,40,25,33
string_acoustic_000-040-050,string_acoustic_000,40,50,33
string_acoustic_000-040-075,string_acoustic_000,40,75,33
string_acoustic_000-040-100,string_acoustic_000,40,100,38
string_acoustic_000-040-127,string_acoustic_000,40,127,38
string_acoustic_002-040-025,string_acoustic_002,40,25,38
string_acoustic_002-040-050,string_acoustic_002,40,50,38
string_acoustic_002-040-075,string_acoustic_002,40,75,38
string_acoustic_002-040-100,string_acoustic_002,40,100,36
string_acoustic_002-040-127,string_acoustic_002,40,127,38
string_acoustic_005-040-025,string_acoustic_005,40,25,38
string_acoustic_005-040-050,string_acoustic_005,40,50,38
string_acoustic_005-040-075,string_acoustic_005,40,75,38
string_acoustic_005-040-100,string_acoustic_005,40,100,38
string_acoustic_005-040-127,string_acoustic_005,40,127,38
string_acoustic_007-040-025,string_acoustic_007,40,25,38
string_acoustic_007-040-050,string_acoustic_007,40,50,38
string_acoustic_007-040-075,string_acoustic_007,40,75,38
string_acoustic_007-040-100,string_acoustic_007,40,100,38
string_acoustic_007-040-127,string_acoustic_007,40,127,38
string_acoustic_008-040-025,string_acoustic_008,40,25,38
string_acoustic_008-040-050,string_acoustic_008,40,50,38
string_acoustic_008-040-075,string_acoustic_008,40,75,38
string_acoustic_008-040-100,string_acoustic_008,40,100,38
string_acoustic_008-040-127,string_acoustic_008,40,127,38
string_acoustic_010-040-025,string_acoustic_010,40,25,38
string_acoustic_010-040-050,string_acoustic_010,40,50,38
string_acoustic_010-040-075,string_acoustic_010,40,75,34
string_acoustic_010-040-100,string_acoustic_010,40,100,34
string_acoustic_011-040-025,string_acoustic_011,40,25,38
string_acoustic_011-040-050,string_acoustic_011,40,50,38
string_acoustic_011-040-075,string_acoustic_011,40,75,38
string_acoustic_011-040-100,string_acoustic_011,40,100,38
string_acoustic_011-040-127,string_acoustic_011,40,127,38
string_acoustic_013-040-025,string_acoustic_013,40,25,38
string_acoustic_013-040-050,string_acoustic_013,40,50,38
string_acoustic_013-040-075,string_acoustic_013,40,75,38
string_acoustic_013-040-100,string_acoustic_013,40,100,38
string_acoustic_013-040-127,string_acoustic_013,40,127,38
string_acoustic_015-040-025,string_acoustic_015,40,25,38
string_acoustic_015-040-050,string_acoustic_015,40,50,38
string_acoustic_015-040-075,string_acoustic_015,40,75,38
string_acoustic_015-040-100,string_acoustic_015,40,100,38
string_acoustic_015-040-127,string_acoustic_015,40,127,38
string_acoustic_016-040-025,string_acoustic_016,40,25,38
string_acoustic_016-040-050,string_acoustic_016,40,50,38
string_acoustic_016-040-075,string_acoustic_016,40,75,38
string_acoustic_016-040-100,string_acoustic_016,40,100,38
string_acoustic_016-040-127,string_acoustic_016,40,127,38
string_acoustic_017-040-025,string_acoustic_017,40,25,38
string_acoustic_017-040-050,string_acoustic_017,40,50,38
string_acoustic_017-040-075,string_acoustic_017,40,75,38
string_acoustic_017-040-100,string_acoustic_017,40,100,38
string_acoustic_017-040-127,string_acoustic_017,40,127,38
string_acoustic_018-040-025,string_acoustic_018,40,25,38
string_acoustic_018-040-050,string_acoustic_018,40,50,38
string_acoustic_018-040-075,string_acoustic_018,40,75,38
string_acoustic_018-040-100,string_acoustic_018,40,100,38
string_acoustic_018-040-127,string_acoustic_018,40,127,38
string_acoustic_019-040-025,string_acoustic_019,40,25,38
string_acoustic_019-040-050,string_acoustic_019,40,50,38
string_acoustic_019-040-075,string_acoustic_019,40,75,38
string_acoustic_019-040-100,string_acoustic_019,40,100,38
string_acoustic_019-040-127,string_acoustic_019,40,127,38
string_acoustic_021-040-025,string_acoustic_021,40,25,38
string_acoustic_021-040-050,string_acoustic_021,40,50,38
string_acoustic_021-040-075,string_acoustic_021,40,75,38
string_acoustic_021-040-100,string_acoustic_021,40,100,38
string_acoustic_021-040-127,string_acoustic_021,40,127,38
string_acoustic_022-040-025,string_acoustic_022,40,25,38
string_acoustic_022-040-050,string_acoustic_022,40,50,38
string_acoustic_022-040-075,string_acoustic_022,40,75,38
string_acoustic_022-040-100,string_acoustic_022,40,100,38
string_acoustic_022-040-127,string_acoustic_022,40,127,38
string_acoustic_024-040-025,string_acoustic_024,40,25,38
string_acoustic_024-040-050,string_acoustic_024,40,50,38
string_acoustic_024-040-075,string_acoustic_024,40,75,38
string_acoustic_024-040-100,string_acoustic_024,40,100,38
string_acoustic_024-040-127,string_acoustic_024,40,127,38
string_acoustic_028-040-025,string_acoustic_028,40,25,38
string_acoustic_028-040-050,string_acoustic_028,40,50,38
string_acoustic_028-040-075,string_acoustic_028,40,75,38
string_acoustic_028-040-100,string_acoustic_028,40,100,38
string_acoustic_028-040-127,string_acoustic_028,40,127,38
string_acoustic_029-040-025,string_acoustic_029,40,25,38
string_acoustic_029-040-050,string_acoustic_029,40,50,38
string_acoustic_029-040-075,string_acoustic_029,40,75,38
string_acoustic_029-040-100,string_acoustic_029,40,100,38
string_acoustic_029-040-127,string_acoustic_029,40,127,38
string_acoustic_030-040-025,string_acoustic_030,40,25,38
string_acoustic_030-040-050,string_acoustic_030,40,50,38
string_acoustic_030-040-075,string_acoustic_030,40,75,38
string_acoustic_030-040-100,string_acoustic_030,40,100,38
string_acoustic_030-040-127,string_acoustic_030,40,127,38
string_acoustic_033-040-025,string_acoustic_033,40,25,38
string_acoustic_033-040-050,string_acoustic_033,40,50,38
string_acoustic_033-040-075,string_acoustic_033,40,75,38
string_acoustic_033-040-100,string_acoustic_033,40,100,38
string_acoustic_033-040-127,string_acoustic_033,40,127,38
string_acoustic_037-040-025,string_acoustic_037,40,25,38
string_acoustic_037-040-050,string_acoustic_037,40,50,38
string_acoustic_037-040-075,string_acoustic_037,40,75,38
string_acoustic_037-040-100,string_acoustic_037,40,100,38
string_acoustic_037-040-127,string_acoustic_037,40,127,38
string_acoustic_038-040-025,string_acoustic_038,40,25,38
string_acoustic_038-040-050,string_acoustic_038,40,50,38
string_acoustic_038-040-075,string_acoustic_038,40,75,38
string_acoustic_038-040-100,string_acoustic_038,40,100,38
string_acoustic_038-040-127,string_acoustic_038,40,127,38
string_acoustic_039-040-025,string_acoustic_039,40,25,38
string_acoustic_039-040-050,string_acoustic_039,40,50,38
string_acoustic_039-040-075,string_acoustic_039,40,75,36
string_acoustic_039-040-100,string_acoustic_039,40,100,38
string_acoustic_039-040-127,string_acoustic_039,40,127,29
string_acoustic_042-040-025,string_acoustic_042,40,25,38
string_acoustic_042-040-050,string_acoustic_042,40,50,38
string_acoustic_042-040-075,string_acoustic_042,40,75,38
string_acoustic_042-040-100,string_acoustic_042,40,100,38
string_acoustic_042-040-127,string_acoustic_042,40,127,38
string_acoustic_043-040-025,string_acoustic_043,40,25,38
string_acoustic_043-040-050,string_acoustic_043,40,50,38
string_acoustic_043-040-075,string_acoustic_043,40,75,38
string_acoustic_043-040-100,string_acoustic_043,40,100,38
string_acoustic_043-040-127,string_acoustic_043,40,127,38
string_acoustic_044-040-025,string_acoustic_044,40,25,38
string_acoustic_044-040-050,string_acoustic_044,40,50,38
string_acoustic_044-040-075,string_acoustic_044,40,75,38
string_acoustic_044-040-100,string_acoustic_044,40,100,38
string_acoustic_044-040-127,string_acoustic_044,40,127,38
string_acoustic_045-040-025,string_acoustic_045,40,25,38
string_acoustic_045-040-050,string_acoustic_045,40,50,38
string_acoustic_045-040-075,string_acoustic_045,40,75,38
string_acoustic_045-040-100,string_acoustic_045,40,100,38
string_acoustic_045-040-127,string_acoustic_045,40,127,38
string_acoustic_048-040-025,string_acoustic_048,40,25,38
string_acoustic_048-040-050,string_acoustic_048,40,50,38
string_acoustic_048-040-075,string_acoustic_048,40,75,38
string_acoustic_048-040-100,string_acoustic_048,40,100,38
string_acoustic_048-040-127,string_acoustic_048,40,127,38
string_acoustic_051-040-025,string_acoustic_051,40,25,38
string_acoustic_051-040-050,string_acoustic_051,40,50,38
string_acoustic_051-040-075,string_acoustic_051,40,75,38
string_acoustic_051-040-100,string_acoustic_051,40,100,38
string_acoustic_051-040-127,string_acoustic_051,40,127,38
string_acoustic_052-040-025,string_acoustic_052,40,25,38
string_acoustic_052-040-050,string_acoustic_052,40,50,38
string_acoustic_052-040-075,string_acoustic_052,40,75,38
string_acoustic_052-040-100,string_acoustic_052,40,100,38
string_acoustic_052-040-127,string_acoustic_052,40,127,38
string_acoustic_060-040-025,string_acoustic_060,40,25,38
string_acoustic_060-040-050,string_acoustic_060,40,50,38
string_acoustic_060-040-075,string_acoustic_060,40,75,38
string_acoustic_060-040-100,string_acoustic_060,40,100,38
string_acoustic_060-040-127,string_acoustic_060,40,127,38
string_acoustic_061-040-025,string_acoustic_061,40,25,38
string_acoustic_061-040-050,string_acoustic_061,40,50,38
string_acoustic_061-040-075,string_acoustic_061,40,75,38
string_acoustic_061-040-100,string_acoustic_061,40,100,38
string_acoustic_061-040-127,string_acoustic_061,40,127,38
string_acoustic_062-040-025,string_acoustic_062,40,25,38
string_acoustic_062-040-050,string_acoustic_062,40,50,38
string_acoustic_062-040-075,string_acoustic_062,40,75,38
string_acoustic_062-040-100,string_acoustic_062,40,100,33
string_acoustic_062-040-127,string_acoustic_062,40,127,26
string_acoustic_063-040-025,string_acoustic_063,40,25,38
string_acoustic_063-040-050,string_acoustic_063,40,50,38
string_acoustic_063-040-075,string_acoustic_063,40,75,38
string_acoustic_063-040-100,string_acoustic_063,40,100,38
string_acoustic_063-040-127,string_acoustic_063,40,127,38
string_acoustic_064-040-025,string_acoustic_064,40,25,38
string_acoustic_064-040-050,string_acoustic_064,40,50,38
string_acoustic_064-040-075,string_acoustic_064,40,75,38
string_acoustic_064-040-100,string_acoustic_064,40,100,38
string_acoustic_064-040-127,string_acoustic_064,40,127,38
string_acoustic_068-040-025,string_acoustic_068,40,25,38
string_acoustic_068-040-050,string_acoustic_068,40,50,38
string_acoustic_068-040-075,string_acoustic_068,40,75,38
string_acoustic_068-040-100,string_acoustic_068,40,100,38
string_acoustic_068-040-127,string_acoustic_068,40,127,38
string_acoustic_069-040-025,string_acoustic_069,40,25,38
string_acoustic_069-040-050,string_acoustic_069,40,50,38
string_acoustic_069-040-075,string_acoustic_069,40,75,38
string_acoustic_069-040-100,string_acoustic_069,40,100,38
string_acoustic_069-040-127,string_acoustic_069,40,127,38
string_acoustic_073-040-025,string_acoustic_073,40,25,38
string_acoustic_073-040-050,string_acoustic_073,40,50,38
string_acoustic_073-040-075,string_acoustic_073,40,75,38
string_acoustic_073-040-100,string_acoustic_073,40,100,38
string_acoustic_073-040-127,string_acoustic_073,40,127,38
string_acoustic_077-040-025,string_acoustic_077,40,25,38
string_acoustic_077-040-050,string_acoustic_077,40,50,38
string_acoustic_077-040-075,string_acoustic_077,40,75,38
string_acoustic_077-040-100,string_acoustic_077,40,100,38
string_acoustic_077-040-127,string_acoustic_077,40,127,38
string_acoustic_079-040-025,string_acoustic_079,40,25,38
string_acoustic_079-040-050,string_acoustic_079,40,50,38
string_acoustic_079-040-075,string_acoustic_079,40,75,38
string_acoustic_079-040-100,string_acoustic_079,40,100,33
string_acoustic_079-040-127,string_acoustic_079,40,127,33
string_acoustic_081-040-025,string_acoustic_081,40,25,38
string_acoustic_081-040-050,string_acoustic_081,40,50,38
string_acoustic_081-040-075,string_acoustic_081,40,75,38
string_acoustic_081-040-100,string_acoustic_081,40,100,33
string_acoustic_081-040-127,string_acoustic_081,40,127,33
string_acoustic_082-040-025,string_acoustic_082,40,25,38
string_acoustic_082-040-050,string_acoustic_082,40,50,38
string_acoustic_082-040-075,string_acoustic_082,40,75,38
string_acoustic_082-040-100,string_acoustic_082,40,100,38
string_acoustic_082-040-127,string_acoustic_082,40,127,38
string_acoustic_087-040-025,string_acoustic_087,40,25,38
string_acoustic_087-040-050,string_acoustic_087,40,50,38
string_acoustic_087-040-075,string_acoustic_087,40,75,38
string_acoustic_087-040-100,string_acoustic_087,40,100,38
string_acoustic_087-040-127,string_acoustic_087,40,127,38
string_acoustic_089-040-025,string_acoustic_089,40,25,38
string_acoustic_089-040-050,string_acoustic_089,40,50,38
string_acoustic_089-040-075,string_acoustic_089,40,75,38
string_acoustic_089-040-100,string_acoustic_089,40,100,38
string_acoustic_089-040-127,string_acoustic_089,40,127,38
string_acoustic_000-041-025,string_acoustic_000,41,25,30
string_acoustic_000-041-050,string_acoustic_000,41,50,30
string_acoustic_000-041-075,string_acoustic_000,41,75,30
string_acoustic_000-041-100,string_acoustic_000,41,100,32
string_acoustic_000-041-127,string_acoustic_000,41,127,32
string_acoustic_002-041-025,string_acoustic_002,41,25,37
string_acoustic_002-041-050,string_acoustic_002,41,50,37
string_acoustic_002-041-075,string_acoustic_002,41,75,38
string_acoustic_002-041-100,string_acoustic_002,41,100,36
string_acoustic_002-041-127,string_acoustic_002,41,127,38
string_acoustic_005-041-025,string_acoustic_005,41,25,35
string_acoustic_005-041-050,string_acoustic_005,41,50,35
string_acoustic_005-041-075,string_acoustic_005,41,75,38
string_acoustic_005-041-100,string_acoustic_005,41,100,38
string_acoustic_005-041-127,string_acoustic_005,41,127,38
string_acoustic_007-041-025,string_acoustic_007,41,25,38
string_acoustic_007-041-050,string_acoustic_007,41,50,38
string_acoustic_007-041-075,string_acoustic_007,41,75,38
string_acoustic_007-041-100,string_acoustic_007,41,100,38
string_acoustic_007-041-127,string_acoustic_007,41,127,38
string_acoustic_008-041-025,string_acoustic_008,41,25,38
string_acoustic_008-041-050,string_acoustic_008,41,50,38
string_acoustic_008-041-075,string_acoustic_008,41,75,38
string_acoustic_008-041-100,string_acoustic_008,41,100,38
string_acoustic_008-041-127,string_acoustic_008,41,127,38
string_acoustic_010-041-025,string_acoustic_010,41,25,28
string_acoustic_010-041-050,string_acoustic_010,41,50,28
string_acoustic_010-041-075,string_acoustic_010,41,75,33
string_acoustic_010-041-100,string_acoustic_010,41,100,33
string_acoustic_011-041-025,string_acoustic_011,41,25,38
string_acoustic_011-041-050,string_acoustic_011,41,50,38
string_acoustic_011-041-075,string_acoustic_011,41,75,38
string_acoustic_011-041-100,string_acoustic_011,41,100,38
string_acoustic_011-041-127,string_acoustic_011,41,127,38
string_acoustic_013-041-025,string_acoustic_013,41,25,38
string_acoustic_013-041-050,string_acoustic_013,41,50,38
string_acoustic_013-041-075,string_acoustic_013,41,75,38
string_acoustic_013-041-100,string_acoustic_013,41,100,38
string_acoustic_013-041-127,string_acoustic_013,41,127,38
string_acoustic_015-041-025,string_acoustic_015,41,25,38
string_acoustic_015-041-050,string_acoustic_015,41,50,38
string_acoustic_015-041-075,string_acoustic_015,41,75,38
string_acoustic_015-041-100,string_acoustic_015,41,100,38
string_acoustic_015-041-127,string_acoustic_015,41,127,38
string_acoustic_016-041-025,string_acoustic_016,41,25,38
string_acoustic_016-041-050,string_acoustic_016,41,50,38
string_acoustic_016-041-075,string_acoustic_016,41,75,38
string_acoustic_016-041-100,string_acoustic_016,41,100,38
string_acoustic_016-041-127,string_acoustic_016,41,127,38
string_acoustic_017-041-025,string_acoustic_017,41,25,38
string_acoustic_017-041-050,string_acoustic_017,41,50,38
string_acoustic_017-041-075,string_acoustic_017,41,75,38
string_acoustic_017-041-100,string_acoustic_017,41,100,38
string_acoustic_017-041-127,string_acoustic_017,41,127,38
string_acoustic_018-041-025,string_acoustic_018,41,25,38
string_acoustic_018-041-050,string_acoustic_018,41,50,38
string_acoustic_018-041-075,string_acoustic_018,41,75,38
string_acoustic_018-041-100,string_acoustic_018,41,100,38
string_acoustic_018-041-127,string_acoustic_018,41,127,38
string_acoustic_019-041-025,string_acoustic_019,41,25,38
string_acoustic_019-041-050,string_acoustic_019,41,50,38
string_acoustic_019-041-075,string_acoustic_019,41,75,38
string_acoustic_019-041-100,string_acoustic_019,41,100,38
string_acoustic_019-041-127,string_acoustic_019,41,127,38
string_acoustic_021-041-025,string_acoustic_021,41,25,38
string_acoustic_021-041-050,string_acoustic_021,41,50,38
string_acoustic_021-041-075,string_acoustic_021,41,75,38
string_acoustic_021-041-100,string_acoustic_021,41,100,38
string_acoustic_021-041-127,string_acoustic_021,41,127,38
string_acoustic_022-041-025,string_acoustic_022,41,25,38
string_acoustic_022-041-050,string_acoustic_022,41,50,38
string_acoustic_022-041-075,string_acoustic_022,41,75,38
string_acoustic_022-041-100,string_acoustic_022,41,100,38
string_acoustic_022-041-127,string_acoustic_022,41,127,38
string_acoustic_024-041-025,string_acoustic_024,41,25,38
string_acoustic_024-041-050,string_acoustic_024,41,50,38
string_acoustic_024-041-075,string_acoustic_024,41,75,38
string_acoustic_024-041-100,string_acoustic_024,41,100,38
string_acoustic_024-041-127,string_acoustic_024,41,127,38
string_acoustic_028-041-100,string_acoustic_028,41,100,35
string_acoustic_028-041-127,string_acoustic_028,41,127,35
string_acoustic_029-041-025,string_acoustic_029,41,25,38
string_acoustic_029-041-050,string_acoustic_029,41,50,38
string_acoustic_029-041-075,string_acoustic_029,41,75,38
string_acoustic_029-041-100,string_acoustic_029,41,100,38
string_acoustic_029-041-127,string_acoustic_029,41,127,38
string_acoustic_030-041-025,string_acoustic_030,41,25,38
string_acoustic_030-041-050,string_acoustic_030,41,50,38
string_acoustic_030-041-075,string_acoustic_030,41,75,38
string_acoustic_030-041-100,string_acoustic_030,41,100,38
string_acoustic_030-041-127,string_acoustic_030,41,127,38
string_acoustic_033-041-025,string_acoustic_033,41,25,38
string_acoustic_033-041-050,string_acoustic_033,41,50,38
string_acoustic_033-041-075,string_acoustic_033,41,75,38
string_acoustic_033-041-100,string_acoustic_033,41,100,38
string_acoustic_033-041-127,string_acoustic_033,41,127,38
string_acoustic_037-041-025,string_acoustic_037,41,25,38
string_acoustic_037-041-050,string_acoustic_037,41,50,38
string_acoustic_037-041-075,string_acoustic_037,41,75,38
string_acoustic_037-041-100,string_acoustic_037,41,100,38
string_acoustic_037-041-127,string_acoustic_037,41,127,38
string_acoustic_038-041-025,string_acoustic_038,41,25,38
string_acoustic_038-041-050,string_acoustic_038,41,50,38
string_acoustic_038-041-075,string_acoustic_038,41,75,38
string_acoustic_038-041-100,string_acoustic_038,41,100,38
string_acoustic_038-041-127,string_acoustic_038,41,127,38
string_acoustic_039-041-025,string_acoustic_039,41,25,38
string_acoustic_039-041-050,string_acoustic_039,41,50,37
string_acoustic_039-041-075,string_acoustic_039,41,75,38
string_acoustic_039-041-100,string_acoustic_039,41,100,36
string_acoustic_042-041-025,string_acoustic_042,41,25,38
string_acoustic_042-041-050,string_acoustic_042,41,50,38
string_acoustic_042-041-075,string_acoustic_042,41,75,38
string_acoustic_042-041-100,string_acoustic_042,41,100,38
string_acoustic_042-041-127,string_acoustic_042,41,127,38
string_acoustic_043-041-025,string_acoustic_043,41,25,38
string_acoustic_043-041-050,string_acoustic_043,41,50,38
string_acoustic_043-041-075,string_acoustic_043,41,75,38
string_acoustic_043-041-100,string_acoustic_043,41,100,38
string_acoustic_043-041-127,string_acoustic_043,41,127,38
string_acoustic_044-041-025,string_acoustic_044,41,25,38
string_acoustic_044-041-050,string_acoustic_044,41,50,38
string_acoustic_044-041-075,string_acoustic_044,41,75,38
string_acoustic_044-041-100,string_acoustic_044,41,100,38
string_acoustic_044-041-127,string_acoustic_044,41,127,38
string_acoustic_045-041-025,string_acoustic_045,41,25,38
string_acoustic_045-041-050,string_acoustic_045,41,50,38
string_acoustic_045-041-075,string_acoustic_045,41,75,38
string_acoustic_045-041-100,string_acoustic_045,41,100,38
string_acoustic_045-041-127,string_acoustic_045,41,127,38
string_acoustic_048-041-025,string_acoustic_048,41,25,38
string_acoustic_048-041-050,string_acoustic_048,41,50,38
string_acoustic_048-041-075,string_acoustic_048,41,75,38
string_acoustic_048-041-100,string_acoustic_048,41,100,38
string_acoustic_048-041-127,string_acoustic_048,41,127,38
string_acoustic_051-041-025,string_acoustic_051,41,25,38
string_acoustic_051-041-050,string_acoustic_051,41,50,38
string_acoustic_051-041-075,string_acoustic_051,41,75,38
string_acoustic_051-041-100,string_acoustic_051,41,100,38
string_acoustic_051-041-127,string_acoustic_051,41,127,38
string_acoustic_052-041-025,string_acoustic_052,41,25,38
string_acoustic_052-041-050,string_acoustic_052,41,50,38
string_acoustic_052-041-075,string_acoustic_052,41,75,38
string_acoustic_052-041-100,string_acoustic_052,41,100,38
string_acoustic_052-041-127,string_acoustic_052,41,127,38
string_acoustic_053-041-127,string_acoustic_053,41,127,38
string_acoustic_060-041-025,string_acoustic_060,41,25,38
string_acoustic_060-041-050,string_acoustic_060,41,50,38
string_acoustic_060-041-075,string_acoustic_060,41,75,38
string_acoustic_060-041-100,string_acoustic_060,41,100,38
string_acoustic_060-041-127,string_acoustic_060,41,127,38
string_acoustic_061-041-025,string_acoustic_061,41,25,38
string_acoustic_061-041-050,string_acoustic_061,41,50,38
string_acoustic_061-041-075,string_acoustic_061,41,75,38
string_acoustic_061-041-100,string_acoustic_061,41,100,38
string_acoustic_061-041-127,string_acoustic_061,41,127,38
string_acoustic_062-041-025,string_acoustic_062,41,25,38
string_acoustic_062-041-050,string_acoustic_062,41,50,38
string_acoustic_062-041-075,string_acoustic_062,41,75,38
string_acoustic_063-041-025,string_acoustic_063,41,25,38
string_acoustic_063-041-050,string_acoustic_063,41,50,38
string_acoustic_063-041-075,string_acoustic_063,41,75,38
string_acoustic_063-041-100,string_acoustic_063,41,100,38
string_acoustic_063-041-127,string_acoustic_063,41,127,38
string_acoustic_064-041-025,string_acoustic_064,41,25,38
string_acoustic_064-041-050,string_acoustic_064,41,50,38
string_acoustic_064-041-075,string_acoustic_064,41,75,38
string_acoustic_064-041-100,string_acoustic_064,41,100,38
string_acoustic_064-041-127,string_acoustic_064,41,127,38
string_acoustic_068-041-025,string_acoustic_068,41,25,36
string_acoustic_068-041-050,string_acoustic_068,41,50,36
string_acoustic_068-041-075,string_acoustic_068,41,75,38
string_acoustic_068-041-100,string_acoustic_068,41,100,36
string_acoustic_068-041-127,string_acoustic_068,41,127,36
string_acoustic_069-041-025,string_acoustic_069,41,25,38
string_acoustic_069-041-050,string_acoustic_069,41,50,38
string_acoustic_069-041-075,string_acoustic_069,41,75,38
string_acoustic_069-041-100,string_acoustic_069,41,100,38
string_acoustic_069-041-127,string_acoustic_069,41,127,38
string_acoustic_073-041-025,string_acoustic_073,41,25,38
string_acoustic_073-041-050,string_acoustic_073,41,50,38
string_acoustic_073-041-075,string_acoustic_073,41,75,38
string_acoustic_073-041-100,string_acoustic_073,41,100,38
string_acoustic_073-041-127,string_acoustic_073,41,127,38
string_acoustic_077-041-025,string_acoustic_077,41,25,38
string_acoustic_077-041-050,string_acoustic_077,41,50,38
string_acoustic_077-041-075,string_acoustic_077,41,75,38
string_acoustic_077-041-100,string_acoustic_077,41,100,38
string_acoustic_077-041-127,string_acoustic_077,41,127,38
string_acoustic_079-041-025,string_acoustic_079,41,25,37
string_acoustic_079-041-050,string_acoustic_079,41,50,37
string_acoustic_079-041-075,string_acoustic_079,41,75,38
string_acoustic_079-041-100,string_acoustic_079,41,100,36
string_acoustic_079-041-127,string_acoustic_079,41,127,36
string_acoustic_081-041-025,string_acoustic_081,41,25,37
string_acoustic_081-041-050,string_acoustic_081,41,50,37
string_acoustic_081-041-075,string_acoustic_081,41,75,38
string_acoustic_081-041-100,string_acoustic_081,41,100,36
string_acoustic_081-041-127,string_acoustic_081,41,127,36
string_acoustic_082-041-025,string_acoustic_082,41,25,38
string_acoustic_082-041-050,string_acoustic_082,41,50,38
string_acoustic_082-041-075,string_acoustic_082,41,75,38
string_acoustic_082-041-100,string_acoustic_082,41,100,38
string_acoustic_082-041-127,string_acoustic_082,41,127,38
string_acoustic_087-041-025,string_acoustic_087,41,25,38
string_acoustic_087-041-050,string_acoustic_087,41,50,38
string_acoustic_087-041-075,string_acoustic_087,41,75,38
string_acoustic_087-041-100,string_acoustic_087,41,100,38
string_acoustic_087-041-127,string_acoustic_087,41,127,38
string_acoustic_089-041-025,string_acoustic_089,41,25,38
string_acoustic_089-041-050,string_acoustic_089,41,50,38
string_acoustic_089-041-075,string_acoustic_089,41,75,38
string_acoustic_089-041-100,string_acoustic_089,41,100,38
string_acoustic_089-041-127,string_acoustic_089,41,127,38
string_acoustic_002-042-075,string_acoustic_002,42,75,33
string_acoustic_002-042-100,string_acoustic_002,42,100,35
string_acoustic_002-042-127,string_acoustic_002,42,127,35
string_acoustic_005-042-025,string_acoustic_005,42,25,35
string_acoustic_005-042-050,string_acoustic_005,42,50,35
string_acoustic_005-042-075,string_acoustic_005,42,75,31
string_acoustic_005-042-100,string_acoustic_005,42,100,31
string_acoustic_005-042-127,string_acoustic_005,42,127,29
string_acoustic_007-042-025,string_acoustic_007,42,25,38
string_acoustic_007-042-050,string_acoustic_007,42,50,38
string_acoustic_007-042-075,string_acoustic_007,42,75,38
string_acoustic_007-042-100,string_acoustic_007,42,100,38
string_acoustic_007-042-127,string_acoustic_007,42,127,38
string_acoustic_008-042-025,string_acoustic_008,42,25,38
string_acoustic_008-042-050,string_acoustic_008,42,50,38
string_acoustic_008-042-075,string_acoustic_008,42,75,38
string_acoustic_008-042-100,string_acoustic_008,42,100,38
string_acoustic_008-042-127,string_acoustic_008,42,127,38
string_acoustic_010-042-075,string_acoustic_010,42,75,31
string_acoustic_010-042-100,string_acoustic_010,42,100,31
string_acoustic_011-042-025,string_acoustic_011,42,25,38
string_acoustic_011-042-050,string_acoustic_011,42,50,38
string_acoustic_011-042-075,string_acoustic_011,42,75,38
string_acoustic_011-042-100,string_acoustic_011,42,100,38
string_acoustic_011-042-127,string_acoustic_011,42,127,38
string_acoustic_013-042-025,string_acoustic_013,42,25,38
string_acoustic_013-042-050,string_acoustic_013,42,50,38
string_acoustic_013-042-075,string_acoustic_013,42,75,38
string_acoustic_013-042-100,string_acoustic_013,42,100,38
string_acoustic_013-042-127,string_acoustic_013,42,127,38
string_acoustic_015-042-025,string_acoustic_015,42,25,38
string_acoustic_015-042-050,string_acoustic_015,42,50,38
string_acoustic_015-042-075,string_acoustic_015,42,75,38
string_acoustic_015-042-100,string_acoustic_015,42,100,38
string_acoustic_015-042-127,string_acoustic_015,42,127,38
string_acoustic_016-042-025,string_acoustic_016,42,25,38
string_acoustic_016-042-050,string_acoustic_016,42,50,38
string_acoustic_016-042-075,string_acoustic_016,42,75,38
string_acoustic_016-042-100,string_acoustic_016,42,100,38
string_acoustic_016-042-127,string_acoustic_016,42,127,38
string_acoustic_017-042-025,string_acoustic_017,42,25,38
string_acoustic_017-042-050,string_acoustic_017,42,50,38
string_acoustic_017-042-075,string_acoustic_017,42,75,38
string_acoustic_017-042-100,string_acoustic_017,42,100,38
string_acoustic_017-042-127,string_acoustic_017,42,127,38
string_acoustic_018-042-025,string_acoustic_018,42,25,38
string_acoustic_018-042-050,string_acoustic_018,42,50,38
string_acoustic_018-042-075,string_acoustic_018,42,75,38
string_acoustic_018-042-100,string_acoustic_018,42,100,38
string_acoustic_018-042-127,string_acoustic_018,42,127,38
string_acoustic_019-042-025,string_acoustic_019,42,25,38
string_acoustic_019-042-050,string_acoustic_019,42,50,38
string_acoustic_019-042-075,string_acoustic_019,42,75,38
string_acoustic_019-042-100,string_acoustic_019,42,100,38
string_acoustic_019-042-127,string_acoustic_019,42,127,38
string_acoustic_021-042-025,string_acoustic_021,42,25,38
string_acoustic_021-042-050,string_acoustic_021,42,50,38
string_acoustic_021-042-075,string_acoustic_021,42,75,38
string_acoustic_021-042-100,string_acoustic_021,42,100,38
string_acoustic_021-042-127,string_acoustic_021,42,127,38
string_acoustic_022-042-025,string_acoustic_022,42,25,38
string_acoustic_022-042-050,string_acoustic_022,42,50,38
string_acoustic_022-042-075,string_acoustic_022,42,75,38
string_acoustic_022-042-100,string_acoustic_022,42,100,38
string_acoustic_022-042-127,string_acoustic_022,42,127,38
string_acoustic_024-042-025,string_acoustic_024,42,25,38
string_acoustic_024-042-050,string_acoustic_024,42,50,38
string_acoustic_024-042-075,string_acoustic_024,42,75,38
string_acoustic_024-042-100,string_acoustic_024,42,100,38
string_acoustic_024-042-127,string_acoustic_024,42,127,38
string_acoustic_029-042-025,string_acoustic_029,42,25,38
string_acoustic_029-042-050,string_acoustic_029,42,50,38
string_acoustic_029-042-075,string_acoustic_029,42,75,38
string_acoustic_029-042-100,string_acoustic_029,42,100,38
string_acoustic_029-042-127,string_acoustic_029,42,127,38
string_acoustic_030-042-025,string_acoustic_030,42,25,38
string_acoustic_030-042-050,string_acoustic_030,42,50,38
string_acoustic_030-042-075,string_acoustic_030,42,75,38
string_acoustic_030-042-100,string_acoustic_030,42,100,38
string_acoustic_030-042-127,string_acoustic_030,42,127,38
string_acoustic_033-042-025,string_acoustic_033,42,25,38
string_acoustic_033-042-050,string_acoustic_033,42,50,38
string_acoustic_033-042-075,string_acoustic_033,42,75,38
string_acoustic_033-042-100,string_acoustic_033,42,100,38
string_acoustic_033-042-127,string_acoustic_033,42,127,38
string_acoustic_037-042-025,string_acoustic_037,42,25,38
string_acoustic_037-042-050,string_acoustic_037,42,50,38
string_acoustic_037-042-075,string_acoustic_037,42,75,38
string_acoustic_037-042-100,string_acoustic_037,42,100,38
string_acoustic_037-042-127,string_acoustic_037,42,127,38
string_acoustic_038-042-025,string_acoustic_038,42,25,38
string_acoustic_038-042-050,string_acoustic_038,42,50,38
string_acoustic_038-042-075,string_acoustic_038,42,75,38
string_acoustic_038-042-100,string_acoustic_038,42,100,38
string_acoustic_038-042-127,string_acoustic_038,42,127,38
string_acoustic_042-042-025,string_acoustic_042,42,25,38
string_acoustic_042-042-050,string_acoustic_042,42,50,38
string_acoustic_042-042-075,string_acoustic_042,42,75,38
string_acoustic_042-042-100,string_acoustic_042,42,100,38
string_acoustic_042-042-127,string_acoustic_042,42,127,38
string_acoustic_043-042-025,string_acoustic_043,42,25,38
string_acoustic_043-042-050,string_acoustic_043,42,50,38
string_acoustic_043-042-075,string_acoustic_043,42,75,38
string_acoustic_043-042-100,string_acoustic_043,42,100,38
string_acoustic_043-042-127,string_acoustic_043,42,127,38
string_acoustic_044-042-025,string_acoustic_044,42,25,38
string_acoustic_044-042-050,string_acoustic_044,42,50,38
string_acoustic_044-042-075,string_acoustic_044,42,75,38
string_acoustic_044-042-100,string_acoustic_044,42,100,38
string_acoustic_044-042-127,string_acoustic_044,42,127,38
string_acoustic_045-042-025,string_acoustic_045,42,25,38
string_acoustic_045-042-050,string_acoustic_045,42,50,38
string_acoustic_045-042-075,string_acoustic_045,42,75,38
string_acoustic_045-042-100,string_acoustic_045,42,100,38
string_acoustic_045-042-127,string_acoustic_045,42,127,38
string_acoustic_048-042-025,string_acoustic_048,42,25,38
string_acoustic_048-042-050,string_acoustic_048,42,50,38
string_acoustic_048-042-075,string_acoustic_048,42,75,38
string_acoustic_048-042-100,string_acoustic_048,42,100,38
string_acoustic_048-042-127,string_acoustic_048,42,127,38
string_acoustic_051-042-025,string_acoustic_051,42,25,38
string_acoustic_051-042-050,string_acoustic_051,42,50,38
string_acoustic_051-042-075,string_acoustic_051,42,75,38
string_acoustic_051-042-100,string_acoustic_051,42,100,38
string_acoustic_051-042-127,string_acoustic_051,42,127,38
string_acoustic_052-042-025,string_acoustic_052,42,25,38
string_acoustic_052-042-050,string_acoustic_052,42,50,38
string_acoustic_052-042-075,string_acoustic_052,42,75,38
string_acoustic_052-042-100,string_acoustic_052,42,100,38
string_acoustic_052-042-127,string_acoustic_052,42,127,38
string_acoustic_060-042-025,string_acoustic_060,42,25,38
string_acoustic_060-042-050,string_acoustic_060,42,50,38
string_acoustic_060-042-075,string_acoustic_060,42,75,38
string_acoustic_060-042-100,string_acoustic_060,42,100,38
string_acoustic_060-042-127,string_acoustic_060,42,127,38
string_acoustic_061-042-025,string_acoustic_061,42,25,38
string_acoustic_061-042-050,string_acoustic_061,42,50,38
string_acoustic_061-042-075,string_acoustic_061,42,75,38
string_acoustic_061-042-100,string_acoustic_061,42,100,38
string_acoustic_061-042-127,string_acoustic_061,42,127,38
string_acoustic_063-042-025,string_acoustic_063,42,25,38
string_acoustic_063-042-050,string_acoustic_063,42,50,38
string_acoustic_063-042-075,string_acoustic_063,42,75,38
string_acoustic_063-042-100,string_acoustic_063,42,100,38
string_acoustic_063-042-127,string_acoustic_063,42,127,38
string_acoustic_064-042-025,string_acoustic_064,42,25,38
string_acoustic_064-042-050,string_acoustic_064,42,50,38
string_acoustic_064-042-075,string_acoustic_064,42,75,38
string_acoustic_064-042-100,string_acoustic_064,42,100,38
string_acoustic_064-042-127,string_acoustic_064,42,127,38
string_acoustic_068-042-075,string_acoustic_068,42,75,32
string_acoustic_068-042-100,string_acoustic_068,42,100,25
string_acoustic_068-042-127,string_acoustic_068,42,127,25
string_acoustic_069-042-025,string_acoustic_069,42,25,38
string_acoustic_069-042-050,string_acoustic_069,42,50,38
string_acoustic_069-042-075,string_acoustic_069,42,75,38
string_acoustic_069-042-100,string_acoustic_069,42,100,38
string_acoustic_069-042-127,string_acoustic_069,42,127,38
string_acoustic_073-042-025,string_acoustic_073,42,25,38
string_acoustic_073-042-050,string_acoustic_073,42,50,38
string_acoustic_073-042-075,string_acoustic_073,42,75,38
string_acoustic_073-042-100,string_acoustic_073,42,100,38
string_acoustic_073-042-127,string_acoustic_073,42,127,38
string_acoustic_077-042-025,string_acoustic_077,42,25,38
string_acoustic_077-042-050,string_acoustic_077,42,50,38
string_acoustic_077-042-075,string_acoustic_077,42,75,38
string_acoustic_077-042-100,string_acoustic_077,42,100,38
string_acoustic_077-042-127,string_acoustic_077,42,127,38
string_acoustic_079-042-025,string_acoustic_079,42,25,37
string_acoustic_079-042-050,string_acoustic_079,42,50,37
string_acoustic_079-042-075,string_acoustic_079,42,75,38
string_acoustic_079-042-100,string_acoustic_079,42,100,38
string_acoustic_079-042-127,string_acoustic_079,42,127,38
string_acoustic_081-042-025,string_acoustic_081,42,25,37
string_acoustic_081-042-050,string_acoustic_081,42,50,37
string_acoustic_081-042-075,string_acoustic_081,42,75,38
string_acoustic_081-042-100,string_acoustic_081,42,100,38
string_acoustic_081-042-127,string_acoustic_081,42,127,38
string_acoustic_082-042-025,string_acoustic_082,42,25,38
string_acoustic_082-042-050,string_acoustic_082,42,50,38
string_acoustic_082-042-075,string_acoustic_082,42,75,38
string_acoustic_082-042-100,string_acoustic_082,42,100,38
string_acoustic_082-042-127,string_acoustic_082,42,127,38
string_acoustic_087-042-025,string_acoustic_087,42,25,38
string_acoustic_087-042-050,string_acoustic_087,42,50,38
string_acoustic_087-042-075,string_acoustic_087,42,75,38
string_acoustic_087-042-100,string_acoustic_087,42,100,38
string_acoustic_087-042-127,string_acoustic_087,42,127,38
string_acoustic_089-042-025,string_acoustic_089,42,25,38
string_acoustic_089-042-050,string_acoustic_089,42,50,38
string_acoustic_089-042-075,string_acoustic_089,42,75,38
string_acoustic_089-042-100,string_acoustic_089,42,100,38
string_acoustic_089-042-127,string_acoustic_089,42,127,38
string_acoustic_002-043-075,string_acoustic_002,43,75,38
string_acoustic_002-043-100,string_acoustic_002,43,100,26
string_acoustic_002-043-127,string_acoustic_002,43,127,38
string_acoustic_005-043-025,string_acoustic_005,43,25,32
string_acoustic_005-043-050,string_acoustic_005,43,50,32
string_acoustic_005-043-075,string_acoustic_005,43,75,30
string_acoustic_005-043-100,string_acoustic_005,43,100,30
string_acoustic_005-043-127,string_acoustic_005,43,127,27
string_acoustic_007-043-025,string_acoustic_007,43,25,38
string_acoustic_007-043-050,string_acoustic_007,43,50,38
string_acoustic_007-043-075,string_acoustic_007,43,75,38
string_acoustic_007-043-100,string_acoustic_007,43,100,38
string_acoustic_007-043-127,string_acoustic_007,43,127,38
string_acoustic_008-043-025,string_acoustic_008,43,25,38
string_acoustic_008-043-050,string_acoustic_008,43,50,38
string_acoustic_008-043-075,string_acoustic_008,43,75,38
string_acoustic_008-043-100,string_acoustic_008,43,100,38
string_acoustic_008-043-127,string_acoustic_008,43,127,38
string_acoustic_010-043-025,string_acoustic_010,43,25,38
string_acoustic_010-043-050,string_acoustic_010,43,50,38
string_acoustic_010-043-075,string_acoustic_010,43,75,38
string_acoustic_010-043-100,string_acoustic_010,43,100,38
string_acoustic_010-043-127,string_acoustic_010,43,127,36
string_acoustic_011-043-025,string_acoustic_011,43,25,38
string_acoustic_011-043-050,string_acoustic_011,43,50,38
string_acoustic_011-043-075,string_acoustic_011,43,75,38
string_acoustic_011-043-100,string_acoustic_011,43,100,38
string_acoustic_011-043-127,string_acoustic_011,43,127,38
string_acoustic_013-043-025,string_acoustic_013,43,25,38
string_acoustic_013-043-050,string_acoustic_013,43,50,38
string_acoustic_013-043-075,string_acoustic_013,43,75,38
string_acoustic_013-043-100,string_acoustic_013,43,100,38
string_acoustic_013-043-127,string_acoustic_013,43,127,38
string_acoustic_015-043-025,string_acoustic_015,43,25,38
string_acoustic_015-043-050,string_acoustic_015,43,50,38
string_acoustic_015-043-075,string_acoustic_015,43,75,38
string_acoustic_015-043-100,string_acoustic_015,43,100,38
string_acoustic_015-043-127,string_acoustic_015,43,127,38
string_acoustic_016-043-025,string_acoustic_016,43,25,38
string_acoustic_016-043-050,string_acoustic_016,43,50,38
string_acoustic_016-043-075,string_acoustic_016,43,75,38
string_acoustic_016-043-100,string_acoustic_016,43,100,38
string_acoustic_016-043-127,string_acoustic_016,43,127,38
string_acoustic_017-043-025,string_acoustic_017,43,25,38
string_acoustic_017-043-050,string_acoustic_017,43,50,38
string_acoustic_017-043-075,string_acoustic_017,43,75,38
string_acoustic_017-043-100,string_acoustic_017,43,100,38
string_acoustic_017-043-127,string_acoustic_017,43,127,38
string_acoustic_018-043-025,string_acoustic_018,43,25,38
string_acoustic_018-043-050,string_acoustic_018,43,50,38
string_acoustic_018-043-075,string_acoustic_018,43,75,38
string_acoustic_018-043-100,string_acoustic_018,43,100,38
string_acoustic_018-043-127,string_acoustic_018,43,127,38
string_acoustic_019-043-025,string_acoustic_019,43,25,38
string_acoustic_019-043-050,string_acoustic_019,43,50,38
string_acoustic_019-043-075,string_acoustic_019,43,75,38
string_acoustic_019-043-100,string_acoustic_019,43,100,38
string_acoustic_019-043-127,string_acoustic_019,43,127,38
string_acoustic_021-043-025,string_acoustic_021,43,25,38
string_acoustic_021-043-050,string_acoustic_021,43,50,38
string_acoustic_021-043-075,string_acoustic_021,43,75,38
string_acoustic_021-043-100,string_acoustic_021,43,100,38
string_acoustic_021-043-127,string_acoustic_021,43,127,38
string_acoustic_022-043-025,string_acoustic_022,43,25,38
string_acoustic_022-043-050,string_acoustic_022,43,50,38
string_acoustic_022-043-075,string_acoustic_022,43,75,38
string_acoustic_022-043-100,string_acoustic_022,43,100,38
string_acoustic_022-043-127,string_acoustic_022,43,127,38
string_acoustic_024-043-025,string_acoustic_024,43,25,38
string_acoustic_024-043-050,string_acoustic_024,43,50,38
string_acoustic_024-043-075,string_acoustic_024,43,75,38
string_acoustic_024-043-100,string_acoustic_024,43,100,38
string_acoustic_024-043-127,string_acoustic_024,43,127,38
string_acoustic_027-043-025,string_acoustic_027,43,25,38
string_acoustic_027-043-050,string_acoustic_027,43,50,38
string_acoustic_027-043-075,string_acoustic_027,43,75,38
string_acoustic_027-043-100,string_acoustic_027,43,100,38
string_acoustic_027-043-127,string_acoustic_027,43,127,36
string_acoustic_028-043-025,string_acoustic_028,43,25,28
string_acoustic_028-043-050,string_acoustic_028,43,50,28
string_acoustic_028-043-075,string_acoustic_028,43,75,28
string_acoustic_028-043-100,string_acoustic_028,43,100,35
string_acoustic_028-043-127,string_acoustic_028,43,127,35
string_acoustic_029-043-025,string_acoustic_029,43,25,38
string_acoustic_029-043-050,string_acoustic_029,43,50,38
string_acoustic_029-043-075,string_acoustic_029,43,75,38
string_acoustic_029-043-100,string_acoustic_029,43,100,38
string_acoustic_029-043-127,string_acoustic_029,43,127,38
string_acoustic_030-043-025,string_acoustic_030,43,25,38
string_acoustic_030-043-050,string_acoustic_030,43,50,38
string_acoustic_030-043-075,string_acoustic_030,43,75,38
string_acoustic_030-043-100,string_acoustic_030,43,100,38
string_acoustic_030-043-127,string_acoustic_030,43,127,38
string_acoustic_033-043-025,string_acoustic_033,43,25,38
string_acoustic_033-043-050,string_acoustic_033,43,50,38
string_acoustic_033-043-075,string_acoustic_033,43,75,38
string_acoustic_033-043-100,string_acoustic_033,43,100,38
string_acoustic_033-043-127,string_acoustic_033,43,127,38
string_acoustic_037-043-025,string_acoustic_037,43,25,38
string_acoustic_037-043-050,string_acoustic_037,43,50,38
string_acoustic_037-043-075,string_acoustic_037,43,75,38
string_acoustic_037-043-100,string_acoustic_037,43,100,38
string_acoustic_037-043-127,string_acoustic_037,43,127,38
string_acoustic_038-043-025,string_acoustic_038,43,25,33
string_acoustic_038-043-050,string_acoustic_038,43,50,33
string_acoustic_038-043-075,string_acoustic_038,43,75,33
string_acoustic_038-043-100,string_acoustic_038,43,100,38
string_acoustic_038-043-127,string_acoustic_038,43,127,38
string_acoustic_039-043-025,string_acoustic_039,43,25,38
string_acoustic_039-043-050,string_acoustic_039,43,50,38
string_acoustic_039-043-075,string_acoustic_039,43,75,38
string_acoustic_039-043-100,string_acoustic_039,43,100,38
string_acoustic_042-043-025,string_acoustic_042,43,25,38
string_acoustic_042-043-050,string_acoustic_042,43,50,38
string_acoustic_042-043-075,string_acoustic_042,43,75,38
string_acoustic_042-043-100,string_acoustic_042,43,100,38
string_acoustic_042-043-127,string_acoustic_042,43,127,38
string_acoustic_043-043-025,string_acoustic_043,43,25,38
string_acoustic_043-043-050,string_acoustic_043,43,50,38
string_acoustic_043-043-075,string_acoustic_043,43,75,38
string_acoustic_043-043-100,string_acoustic_043,43,100,38
string_acoustic_043-043-127,string_acoustic_043,43,127,38
string_acoustic_044-043-025,string_acoustic_044,43,25,38
string_acoustic_044-043-050,string_acoustic_044,43,50,38
string_acoustic_044-043-075,string_acoustic_044,43,75,38
string_acoustic_044-043-100,string_acoustic_044,43,100,38
string_acoustic_044-043-127,string_acoustic_044,43,127,38
string_acoustic_045-043-025,string_acoustic_045,43,25,38
string_acoustic_045-043-050,string_acoustic_045,43,50,38
string_acoustic_045-043-075,string_acoustic_045,43,75,38
string_acoustic_045-043-100,string_acoustic_045,43,100,38
string_acoustic_045-043-127,string_acoustic_045,43,127,38
string_acoustic_048-043-025,string_acoustic_048,43,25,38
string_acoustic_048-043-050,string_acoustic_048,43,50,38
string_acoustic_048-043-075,string_acoustic_048,43,75,38
string_acoustic_048-043-100,string_acoustic_048,43,100,38
string_acoustic_048-043-127,string_acoustic_048,43,127,38
string_acoustic_051-043-025,string_acoustic_051,43,25,38
string_acoustic_051-043-050,string_acoustic_051,43,50,38
string_acoustic_051-043-075,string_acoustic_051,43,75,38
string_acoustic_051-043-100,string_acoustic_051,43,100,38
string_acoustic_051-043-127,string_acoustic_051,43,127,38
string_acoustic_052-043-025,string_acoustic_052,43,25,38
string_acoustic_052-043-050,string_acoustic_052,43,50,38
string_acoustic_052-043-075,string_acoustic_052,43,75,38
string_acoustic_052-043-100,string_acoustic_052,43,100,38
string_acoustic_052-043-127,string_acoustic_052,43,127,38
string_acoustic_053-043-025,string_acoustic_053,43,25,36
string_acoustic_053-043-050,string_acoustic_053,43,50,36
string_acoustic_053-043-075,string_acoustic_053,43,75,36
string_acoustic_053-043-100,string_acoustic_053,43,100,36
string_acoustic_060-043-025,string_acoustic_060,43,25,38
string_acoustic_060-043-050,string_acoustic_060,43,50,38
string_acoustic_060-043-075,string_acoustic_060,43,75,38
string_acoustic_060-043-100,string_acoustic_060,43,100,38
string_acoustic_060-043-127,string_acoustic_060,43,127,38
string_acoustic_061-043-025,string_acoustic_061,43,25,38
string_acoustic_061-043-050,string_acoustic_061,43,50,38
string_acoustic_061-043-075,string_acoustic_061,43,75,38
string_acoustic_061-043-100,string_acoustic_061,43,100,38
string_acoustic_061-043-127,string_acoustic_061,43,127,38
string_acoustic_063-043-025,string_acoustic_063,43,25,38
string_acoustic_063-043-050,string_acoustic_063,43,50,38
string_acoustic_063-043-075,string_acoustic_063,43,75,38
string_acoustic_063-043-100,string_acoustic_063,43,100,38
string_acoustic_063-043-127,string_acoustic_063,43,127,38
string_acoustic_064-043-025,string_acoustic_064,43,25,38
string_acoustic_064-043-050,string_acoustic_064,43,50,38
string_acoustic_064-043-075,string_acoustic_064,43,75,38
string_acoustic_064-043-100,string_acoustic_064,43,100,38
string_acoustic_064-043-127,string_acoustic_064,43,127,38
string_acoustic_068-043-075,string_acoustic_068,43,75,38
string_acoustic_069-043-025,string_acoustic_069,43,25,38
string_acoustic_069-043-050,string_acoustic_069,43,50,38
string_acoustic_069-043-075,string_acoustic_069,43,75,38
string_acoustic_069-043-100,string_acoustic_069,43,100,38
string_acoustic_069-043-127,string_acoustic_069,43,127,38
string_acoustic_073-043-025,string_acoustic_073,43,25,38
string_acoustic_073-043-050,string_acoustic_073,43,50,38
string_acoustic_073-043-075,string_acoustic_073,43,75,38
string_acoustic_073-043-100,string_acoustic_073,43,100,38
string_acoustic_073-043-127,string_acoustic_073,43,127,38
string_acoustic_077-043-025,string_acoustic_077,43,25,38
string_acoustic_077-043-050,string_acoustic_077,43,50,38
string_acoustic_077-043-075,string_acoustic_077,43,75,38
string_acoustic_077-043-100,string_acoustic_077,43,100,38
string_acoustic_077-043-127,string_acoustic_077,43,127,38
string_acoustic_079-043-025,string_acoustic_079,43,25,38
string_acoustic_079-043-050,string_acoustic_079,43,50,38
string_acoustic_079-043-075,string_acoustic_079,43,75,38
string_acoustic_079-043-100,string_acoustic_079,43,100,38
string_acoustic_079-043-127,string_acoustic_079,43,127,38
string_acoustic_081-043-025,string_acoustic_081,43,25,38
string_acoustic_081-043-050,string_acoustic_081,43,50,38
string_acoustic_081-043-075,string_acoustic_081,43,75,38
string_acoustic_081-043-100,string_acoustic_081,43,100,38
string_acoustic_081-043-127,string_acoustic_081,43,127,38
string_acoustic_082-043-025,string_acoustic_082,43,25,38
string_acoustic_082-043-050,string_acoustic_082,43,50,38
string_acoustic_082-043-075,string_acoustic_082,43,75,38
string_acoustic_082-043-100,string_acoustic_082,43,100,38
string_acoustic_082-043-127,string_acoustic_082,43,127,38
string_acoustic_087-043-025,string_acoustic_087,43,25,38
string_acoustic_087-043-050,string_acoustic_087,43,50,38
string_acoustic_087-043-075,string_acoustic_087,43,75,38
string_acoustic_087-043-100,string_acoustic_087,43,100,38
string_acoustic_087-043-127,string_acoustic_087,43,127,38
string_acoustic_089-043-025,string_acoustic_089,43,25,38
string_acoustic_089-043-050,string_acoustic_089,43,50,38
string_acoustic_089-043-075,string_acoustic_089,43,75,38
string_acoustic_089-043-100,string_acoustic_089,43,100,38
string_acoustic_089-043-127,string_acoustic_089,43,127,38
string_acoustic_000-044-100,string_acoustic_000,44,100,32
string_acoustic_000-044-127,string_acoustic_000,44,127,32
string_acoustic_002-044-025,string_acoustic_002,44,25,33
string_acoustic_002-044-050,string_acoustic_002,44,50,33
string_acoustic_002-044-075,string_acoustic_002,44,75,38
string_acoustic_002-044-100,string_acoustic_002,44,100,38
string_acoustic_002-044-127,string_acoustic_002,44,127,38
string_acoustic_005-044-025,string_acoustic_005,44,25,38
string_acoustic_005-044-050,string_acoustic_005,44,50,38
string_acoustic_005-044-075,string_acoustic_005,44,75,38
string_acoustic_005-044-100,string_acoustic_005,44,100,38
string_acoustic_005-044-127,string_acoustic_005,44,127,35
string_acoustic_007-044-025,string_acoustic_007,44,25,38
string_acoustic_007-044-050,string_acoustic_007,44,50,38
string_acoustic_007-044-075,string_acoustic_007,44,75,38
string_acoustic_007-044-100,string_acoustic_007,44,100,38
string_acoustic_007-044-127,string_acoustic_007,44,127,38
string_acoustic_008-044-025,string_acoustic_008,44,25,38
string_acoustic_008-044-050,string_acoustic_008,44,50,38
string_acoustic_008-044-075,string_acoustic_008,44,75,38
string_acoustic_008-044-100,string_acoustic_008,44,100,38
string_acoustic_008-044-127,string_acoustic_008,44,127,38
string_acoustic_010-044-025,string_acoustic_010,44,25,38
string_acoustic_010-044-050,string_acoustic_010,44,50,38
string_acoustic_010-044-075,string_acoustic_010,44,75,38
string_acoustic_010-044-100,string_acoustic_010,44,100,38
string_acoustic_010-044-127,string_acoustic_010,44,127,34
string_acoustic_011-044-025,string_acoustic_011,44,25,38
string_acoustic_011-044-050,string_acoustic_011,44,50,38
string_acoustic_011-044-075,string_acoustic_011,44,75,38
string_acoustic_011-044-100,string_acoustic_011,44,100,38
string_acoustic_011-044-127,string_acoustic_011,44,127,38
string_acoustic_013-044-025,string_acoustic_013,44,25,38
string_acoustic_013-044-050,string_acoustic_013,44,50,38
string_acoustic_013-044-075,string_acoustic_013,44,75,38
string_acoustic_013-044-100,string_acoustic_013,44,100,38
string_acoustic_013-044-127,string_acoustic_013,44,127,38
string_acoustic_015-044-025,string_acoustic_015,44,25,38
string_acoustic_015-044-050,string_acoustic_015,44,50,38
string_acoustic_015-044-075,string_acoustic_015,44,75,38
string_acoustic_015-044-100,string_acoustic_015,44,100,38
string_acoustic_015-044-127,string_acoustic_015,44,127,38
string_acoustic_016-044-025,string_acoustic_016,44,25,38
string_acoustic_016-044-050,string_acoustic_016,44,50,38
string_acoustic_016-044-075,string_acoustic_016,44,75,38
string_acoustic_016-044-100,string_acoustic_016,44,100,38
string_acoustic_016-044-127,string_acoustic_016,44,127,38
string_acoustic_017-044-025,string_acoustic_017,44,25,38
string_acoustic_017-044-050,string_acoustic_017,44,50,38
string_acoustic_017-044-075,string_acoustic_017,44,75,38
string_acoustic_017-044-100,string_acoustic_017,44,100,38
string_acoustic_017-044-127,string_acoustic_017,44,127,38
string_acoustic_018-044-025,string_acoustic_018,44,25,38
string_acoustic_018-044-050,string_acoustic_018,44,50,38
string_acoustic_018-044-075,string_acoustic_018,44,75,38
string_acoustic_018-044-100,string_acoustic_018,44,100,38
string_acoustic_018-044-127,string_acoustic_018,44,127,38
string_acoustic_019-044-025,string_acoustic_019,44,25,38
string_acoustic_019-044-050,string_acoustic_019,44,50,38
string_acoustic_019-044-075,string_acoustic_019,44,75,38
string_acoustic_019-044-100,string_acoustic_019,44,100,38
string_acoustic_019-044-127,string_acoustic_019,44,127,38
string_acoustic_021-044-025,string_acoustic_021,44,25,38
string_acoustic_021-044-050,string_acoustic_021,44,50,38
string_acoustic_021-044-075,string_acoustic_021,44,75,38
string_acoustic_021-044-100,string_acoustic_021,44,100,38
string_acoustic_021-044-127,string_acoustic_021,44,127,38
string_acoustic_022-044-025,string_acoustic_022,44,25,38
string_acoustic_022-044-050,string_acoustic_022,44,50,38
string_acoustic_022-044-075,string_acoustic_022,44,75,38
string_acoustic_022-044-100,string_acoustic_022,44,100,38
string_acoustic_022-044-127,string_acoustic_022,44,127,38
string_acoustic_024-044-025,string_acoustic_024,44,25,38
string_acoustic_024-044-050,string_acoustic_024,44,50,38
string_acoustic_024-044-075,string_acoustic_024,44,75,38
string_acoustic_024-044-100,string_acoustic_024,44,100,38
string_acoustic_024-044-127,string_acoustic_024,44,127,38
string_acoustic_027-044-025,string_acoustic_027,44,25,38
string_acoustic_027-044-050,string_acoustic_027,44,50,38
string_acoustic_027-044-075,string_acoustic_027,44,75,38
string_acoustic_027-044-100,string_acoustic_027,44,100,38
string_acoustic_027-044-127,string_acoustic_027,44,127,34
string_acoustic_028-044-025,string_acoustic_028,44,25,31
string_acoustic_028-044-050,string_acoustic_028,44,50,31
string_acoustic_028-044-075,string_acoustic_028,44,75,31
string_acoustic_029-044-025,string_acoustic_029,44,25,38
string_acoustic_029-044-050,string_acoustic_029,44,50,38
string_acoustic_029-044-075,string_acoustic_029,44,75,38
string_acoustic_029-044-100,string_acoustic_029,44,100,38
string_acoustic_029-044-127,string_acoustic_029,44,127,38
string_acoustic_030-044-025,string_acoustic_030,44,25,38
string_acoustic_030-044-050,string_acoustic_030,44,50,38
string_acoustic_030-044-075,string_acoustic_030,44,75,38
string_acoustic_030-044-100,string_acoustic_030,44,100,38
string_acoustic_030-044-127,string_acoustic_030,44,127,38
string_acoustic_031-044-100,string_acoustic_031,44,100,36
string_acoustic_031-044-127,string_acoustic_031,44,127,36
string_acoustic_033-044-025,string_acoustic_033,44,25,38
string_acoustic_033-044-050,string_acoustic_033,44,50,38
string_acoustic_033-044-075,string_acoustic_033,44,75,38
string_acoustic_033-044-100,string_acoustic_033,44,100,38
string_acoustic_033-044-127,string_acoustic_033,44,127,38
string_acoustic_037-044-025,string_acoustic_037,44,25,38
string_acoustic_037-044-050,string_acoustic_037,44,50,38
string_acoustic_037-044-075,string_acoustic_037,44,75,38
string_acoustic_037-044-100,string_acoustic_037,44,100,38
string_acoustic_037-044-127,string_acoustic_037,44,127,38
string_acoustic_038-044-025,string_acoustic_038,44,25,31
string_acoustic_038-044-050,string_acoustic_038,44,50,31
string_acoustic_038-044-075,string_acoustic_038,44,75,31
string_acoustic_038-044-100,string_acoustic_038,44,100,38
string_acoustic_038-044-127,string_acoustic_038,44,127,38
string_acoustic_042-044-025,string_acoustic_042,44,25,38
string_acoustic_042-044-050,string_acoustic_042,44,50,38
string_acoustic_042-044-075,string_acoustic_042,44,75,38
string_acoustic_042-044-100,string_acoustic_042,44,100,38
string_acoustic_042-044-127,string_acoustic_042,44,127,38
string_acoustic_043-044-025,string_acoustic_043,44,25,38
string_acoustic_043-044-050,string_acoustic_043,44,50,38
string_acoustic_043-044-075,string_acoustic_043,44,75,38
string_acoustic_043-044-100,string_acoustic_043,44,100,38
string_acoustic_043-044-127,string_acoustic_043,44,127,38
string_acoustic_044-044-025,string_acoustic_044,44,25,38
string_acoustic_044-044-050,string_acoustic_044,44,50,38
string_acoustic_044-044-075,string_acoustic_044,44,75,38
string_acoustic_044-044-100,string_acoustic_044,44,100,38
string_acoustic_044-044-127,string_acoustic_044,44,127,38
string_acoustic_045-044-025,string_acoustic_045,44,25,38
string_acoustic_045-044-050,string_acoustic_045,44,50,38
string_acoustic_045-044-075,string_acoustic_045,44,75,38
string_acoustic_045-044-100,string_acoustic_045,44,100,38
string_acoustic_045-044-127,string_acoustic_045,44,127,38
string_acoustic_048-044-025,string_acoustic_048,44,25,38
string_acoustic_048-044-050,string_acoustic_048,44,50,38
string_acoustic_048-044-075,string_acoustic_048,44,75,38
string_acoustic_048-044-100,string_acoustic_048,44,100,38
string_acoustic_048-044-127,string_acoustic_048,44,127,38
string_acoustic_051-044-025,string_acoustic_051,44,25,38
string_acoustic_051-044-050,string_acoustic_051,44,50,38
string_acoustic_051-044-075,string_acoustic_051,44,75,38
string_acoustic_051-044-100,string_acoustic_051,44,100,38
string_acoustic_051-044-127,string_acoustic_051,44,127,38
string_acoustic_052-044-025,string_acoustic_052,44,25,38
string_acoustic_052-044-050,string_acoustic_052,44,50,38
string_acoustic_052-044-075,string_acoustic_052,44,75,38
string_acoustic_052-044-100,string_acoustic_052,44,100,38
string_acoustic_052-044-127,string_acoustic_052,44,127,38
string_acoustic_060-044-025,string_acoustic_060,44,25,38
string_acoustic_060-044-050,string_acoustic_060,44,50,38
string_acoustic_060-044-075,string_acoustic_060,44,75,38
string_acoustic_060-044-100,string_acoustic_060,44,100,38
string_acoustic_060-044-127,string_acoustic_060,44,127,38
string_acoustic_061-044-025,string_acoustic_061,44,25,38
string_acoustic_061-044-050,string_acoustic_061,44,50,38
string_acoustic_061-044-075,string_acoustic_061,44,75,38
string_acoustic_061-044-100,string_acoustic_061,44,100,38
string_acoustic_061-044-127,string_acoustic_061,44,127,38
string_acoustic_063-044-025,string_acoustic_063,44,25,38
string_acoustic_063-044-050,string_acoustic_063,44,50,38
string_acoustic_063-044-075,string_acoustic_063,44,75,38
string_acoustic_063-044-100,string_acoustic_063,44,100,38
string_acoustic_063-044-127,string_acoustic_063,44,127,38
string_acoustic_064-044-025,string_acoustic_064,44,25,38
string_acoustic_064-044-050,string_acoustic_064,44,50,38
string_acoustic_064-044-075,string_acoustic_064,44,75,38
string_acoustic_064-044-100,string_acoustic_064,44,100,38
string_acoustic_064-044-127,string_acoustic_064,44,127,38
string_acoustic_068-044-025,string_acoustic_068,44,25,34
string_acoustic_068-044-050,string_acoustic_068,44,50,34
string_acoustic_068-044-075,string_acoustic_068,44,75,31
string_acoustic_069-044-025,string_acoustic_069,44,25,38
string_acoustic_069-044-050,string_acoustic_069,44,50,38
string_acoustic_069-044-075,string_acoustic_069,44,75,38
string_acoustic_069-044-100,string_acoustic_069,44,100,38
string_acoustic_069-044-127,string_acoustic_069,44,127,38
string_acoustic_073-044-025,string_acoustic_073,44,25,38
string_acoustic_073-044-050,string_acoustic_073,44,50,38
string_acoustic_073-044-075,string_acoustic_073,44,75,38
string_acoustic_073-044-100,string_acoustic_073,44,100,38
string_acoustic_073-044-127,string_acoustic_073,44,127,38
string_acoustic_077-044-025,string_acoustic_077,44,25,38
string_acoustic_077-044-050,string_acoustic_077,44,50,38
string_acoustic_077-044-075,string_acoustic_077,44,75,38
string_acoustic_077-044-100,string_acoustic_077,44,100,38
string_acoustic_077-044-127,string_acoustic_077,44,127,38
string_acoustic_079-044-025,string_acoustic_079,44,25,38
string_acoustic_079-044-050,string_acoustic_079,44,50,38
string_acoustic_079-044-075,string_acoustic_079,44,75,38
string_acoustic_079-044-100,string_acoustic_079,44,100,38
string_acoustic_079-044-127,string_acoustic_079,44,127,38
string_acoustic_081-044-025,string_acoustic_081,44,25,38
string_acoustic_081-044-050,string_acoustic_081,44,50,38
string_acoustic_081-044-075,string_acoustic_081,44,75,38
string_acoustic_081-044-100,string_acoustic_081,44,100,38
string_acoustic_081-044-127,string_acoustic_081,44,127,38
string_acoustic_082-044-025,string_acoustic_082,44,25,38
string_acoustic_082-044-050,string_acoustic_082,44,50,38
string_acoustic_082-044-075,string_acoustic_082,44,75,38
string_acoustic_082-044-100,string_acoustic_082,44,100,38
string_acoustic_082-044-127,string_acoustic_082,44,127,38
string_acoustic_087-044-025,string_acoustic_087,44,25,38
string_acoustic_087-044-050,string_acoustic_087,44,50,38
string_acoustic_087-044-075,string_acoustic_087,44,75,38
string_acoustic_087-044-100,string_acoustic_087,44,100,38
string_acoustic_087-044-127,string_acoustic_087,44,127,38
string_acoustic_089-044-025,string_acoustic_089,44,25,38
string_acoustic_089-044-050,string_acoustic_089,44,50,38
string_acoustic_089-044-075,string_acoustic_089,44,75,38
string_acoustic_089-044-100,string_acoustic_089,44,100,38
string_acoustic_089-044-127,string_acoustic_089,44,127,38
string_acoustic_000-045-025,string_acoustic_000,45,25,38
string_acoustic_000-045-050,string_acoustic_000,45,50,38
string_acoustic_000-045-075,string_acoustic_000,45,75,38
string_acoustic_000-045-100,string_acoustic_000,45,100,38
string_acoustic_000-045-127,string_acoustic_000,45,127,38
string_acoustic_002-045-025,string_acoustic_002,45,25,37
string_acoustic_002-045-050,string_acoustic_002,45,50,37
string_acoustic_002-045-075,string_acoustic_002,45,75,38
string_acoustic_002-045-100,string_acoustic_002,45,100,37
string_acoustic_002-045-127,string_acoustic_002,45,127,38
string_acoustic_005-045-025,string_acoustic_005,45,25,37
string_acoustic_005-045-050,string_acoustic_005,45,50,37
string_acoustic_005-045-075,string_acoustic_005,45,75,38
string_acoustic_005-045-100,string_acoustic_005,45,100,38
string_acoustic_005-045-127,string_acoustic_005,45,127,32
string_acoustic_007-045-025,string_acoustic_007,45,25,38
string_acoustic_007-045-050,string_acoustic_007,45,50,38
string_acoustic_007-045-075,string_acoustic_007,45,75,38
string_acoustic_007-045-100,string_acoustic_007,45,100,38
string_acoustic_007-045-127,string_acoustic_007,45,127,38
string_acoustic_008-045-025,string_acoustic_008,45,25,38
string_acoustic_008-045-050,string_acoustic_008,45,50,38
string_acoustic_008-045-075,string_acoustic_008,45,75,38
string_acoustic_008-045-100,string_acoustic_008,45,100,38
string_acoustic_008-045-127,string_acoustic_008,45,127,38
string_acoustic_010-045-025,string_acoustic_010,45,25,38
string_acoustic_010-045-050,string_acoustic_010,45,50,38
string_acoustic_010-045-075,string_acoustic_010,45,75,38
string_acoustic_010-045-100,string_acoustic_010,45,100,38
string_acoustic_010-045-127,string_acoustic_010,45,127,37
string_acoustic_011-045-025,string_acoustic_011,45,25,38
string_acoustic_011-045-050,string_acoustic_011,45,50,38
string_acoustic_011-045-075,string_acoustic_011,45,75,38
string_acoustic_011-045-100,string_acoustic_011,45,100,38
string_acoustic_011-045-127,string_acoustic_011,45,127,38
string_acoustic_013-045-025,string_acoustic_013,45,25,38
string_acoustic_013-045-050,string_acoustic_013,45,50,38
string_acoustic_013-045-075,string_acoustic_013,45,75,38
string_acoustic_013-045-100,string_acoustic_013,45,100,38
string_acoustic_013-045-127,string_acoustic_013,45,127,38
string_acoustic_015-045-025,string_acoustic_015,45,25,38
string_acoustic_015-045-050,string_acoustic_015,45,50,38
string_acoustic_015-045-075,string_acoustic_015,45,75,38
string_acoustic_015-045-100,string_acoustic_015,45,100,38
string_acoustic_015-045-127,string_acoustic_015,45,127,38
string_acoustic_016-045-025,string_acoustic_016,45,25,38
string_acoustic_016-045-050,string_acoustic_016,45,50,38
string_acoustic_016-045-075,string_acoustic_016,45,75,38
string_acoustic_016-045-100,string_acoustic_016,45,100,38
string_acoustic_016-045-127,string_acoustic_016,45,127,38
string_acoustic_017-045-025,string_acoustic_017,45,25,38
string_acoustic_017-045-050,string_acoustic_017,45,50,38
string_acoustic_017-045-075,string_acoustic_017,45,75,38
string_acoustic_017-045-100,string_acoustic_017,45,100,38
string_acoustic_017-045-127,string_acoustic_017,45,127,38
string_acoustic_018-045-025,string_acoustic_018,45,25,38
string_acoustic_018-045-050,string_acoustic_018,45,50,38
string_acoustic_018-045-075,string_acoustic_018,45,75,38
string_acoustic_018-045-100,string_acoustic_018,45,100,38
string_acoustic_018-045-127,string_acoustic_018,45,127,38
string_acoustic_019-045-025,string_acoustic_019,45,25,38
string_acoustic_019-045-050,string_acoustic_019,45,50,38
string_acoustic_019-045-075,string_acoustic_019,45,75,38
string_acoustic_019-045-100,string_acoustic_019,45,100,38
string_acoustic_019-045-127,string_acoustic_019,45,127,38
string_acoustic_021-045-025,string_acoustic_021,45,25,38
string_acoustic_021-045-050,string_acoustic_021,45,50,38
string_acoustic_021-045-075,string_acoustic_021,45,75,38
string_acoustic_021-045-100,string_acoustic_021,45,100,38
string_acoustic_021-045-127,string_acoustic_021,45,127,38
string_acoustic_022-045-025,string_acoustic_022,45,25,38
string_acoustic_022-045-050,string_acoustic_022,45,50,38
string_acoustic_022-045-075,string_acoustic_022,45,75,38
string_acoustic_022-045-100,string_acoustic_022,45,100,38
string_acoustic_022-045-127,string_acoustic_022,45,127,38
string_acoustic_024-045-025,string_acoustic_024,45,25,38
string_acoustic_024-045-050,string_acoustic_024,45,50,38
string_acoustic_024-045-075,string_acoustic_024,45,75,38
string_acoustic_024-045-100,string_acoustic_024,45,100,38
string_acoustic_024-045-127,string_acoustic_024,45,127,38
string_acoustic_027-045-025,string_acoustic_027,45,25,38
string_acoustic_027-045-050,string_acoustic_027,45,50,38
string_acoustic_027-045-075,string_acoustic_027,45,75,38
string_acoustic_027-045-100,string_acoustic_027,45,100,38
string_acoustic_027-045-127,string_acoustic_027,45,127,37
string_acoustic_028-045-100,string_acoustic_028,45,100,38
string_acoustic_028-045-127,string_acoustic_028,45,127,38
string_acoustic_029-045-025,string_acoustic_029,45,25,38
string_acoustic_029-045-050,string_acoustic_029,45,50,38
string_acoustic_029-045-075,string_acoustic_029,45,75,38
string_acoustic_029-045-100,string_acoustic_029,45,100,38
string_acoustic_029-045-127,string_acoustic_029,45,127,38
string_acoustic_030-045-025,string_acoustic_030,45,25,38
string_acoustic_030-045-050,string_acoustic_030,45,50,38
string_acoustic_030-045-075,string_acoustic_030,45,75,38
string_acoustic_030-045-100,string_acoustic_030,45,100,38
string_acoustic_030-045-127,string_acoustic_030,45,127,38
string_acoustic_033-045-025,string_acoustic_033,45,25,38
string_acoustic_033-045-050,string_acoustic_033,45,50,38
string_acoustic_033-045-075,string_acoustic_033,45,75,38
string_acoustic_033-045-100,string_acoustic_033,45,100,38
string_acoustic_033-045-127,string_acoustic_033,45,127,38
string_acoustic_037-045-025,string_acoustic_037,45,25,38
string_acoustic_037-045-050,string_acoustic_037,45,50,38
string_acoustic_037-045-075,string_acoustic_037,45,75,38
string_acoustic_037-045-100,string_acoustic_037,45,100,38
string_acoustic_037-045-127,string_acoustic_037,45,127,38
string_acoustic_038-045-100,string_acoustic_038,45,100,38
string_acoustic_038-045-127,string_acoustic_038,45,127,38
string_acoustic_042-045-025,string_acoustic_042,45,25,38
string_acoustic_042-045-050,string_acoustic_042,45,50,38
string_acoustic_042-045-075,string_acoustic_042,45,75,38
string_acoustic_042-045-100,string_acoustic_042,45,100,38
string_acoustic_042-045-127,string_acoustic_042,45,127,38
string_acoustic_043-045-025,string_acoustic_043,45,25,38
string_acoustic_043-045-050,string_acoustic_043,45,50,38
string_acoustic_043-045-075,string_acoustic_043,45,75,38
string_acoustic_043-045-100,string_acoustic_043,45,100,38
string_acoustic_043-045-127,string_acoustic_043,45,127,38
string_acoustic_044-045-025,string_acoustic_044,45,25,38
string_acoustic_044-045-050,string_acoustic_044,45,50,38
string_acoustic_044-045-075,string_acoustic_044,45,75,38
string_acoustic_044-045-100,string_acoustic_044,45,100,38
string_acoustic_044-045-127,string_acoustic_044,45,127,38
string_acoustic_045-045-025,string_acoustic_045,45,25,38
string_acoustic_045-045-050,string_acoustic_045,45,50,38
string_acoustic_045-045-075,string_acoustic_045,45,75,38
string_acoustic_045-045-100,string_acoustic_045,45,100,38
string_acoustic_045-045-127,string_acoustic_045,45,127,38
string_acoustic_048-045-025,string_acoustic_048,45,25,38
string_acoustic_048-045-050,string_acoustic_048,45,50,38
string_acoustic_048-045-075,string_acoustic_048,45,75,38
string_acoustic_048-045-100,string_acoustic_048,45,100,38
string_acoustic_048-045-127,string_acoustic_048,45,127,38
string_acoustic_051-045-025,string_acoustic_051,45,25,38
string_acoustic_051-045-050,string_acoustic_051,45,50,38
string_acoustic_051-045-075,string_acoustic_051,45,75,38
string_acoustic_051-045-100,string_acoustic_051,45,100,38
string_acoustic_051-045-127,string_acoustic_051,45,127,38
string_acoustic_052-045-025,string_acoustic_052,45,25,38
string_acoustic_052-045-050,string_acoustic_052,45,50,38
string_acoustic_052-045-075,string_acoustic_052,45,75,38
string_acoustic_052-045-100,string_acoustic_052,45,100,38
string_acoustic_052-045-127,string_acoustic_052,45,127,38
string_acoustic_060-045-025,string_acoustic_060,45,25,38
string_acoustic_060-045-050,string_acoustic_060,45,50,38
string_acoustic_060-045-075,string_acoustic_060,45,75,38
string_acoustic_060-045-100,string_acoustic_060,45,100,38
string_acoustic_060-045-127,string_acoustic_060,45,127,38
string_acoustic_061-045-025,string_acoustic_061,45,25,38
string_acoustic_061-045-050,string_acoustic_061,45,50,38
string_acoustic_061-045-075,string_acoustic_061,45,75,38
string_acoustic_061-045-100,string_acoustic_061,45,100,38
string_acoustic_061-045-127,string_acoustic_061,45,127,38
string_acoustic_063-045-025,string_acoustic_063,45,25,38
string_acoustic_063-045-050,string_acoustic_063,45,50,38
string_acoustic_063-045-075,string_acoustic_063,45,75,38
string_acoustic_063-045-100,string_acoustic_063,45,100,38
string_acoustic_063-045-127,string_acoustic_063,45,127,38
string_acoustic_064-045-025,string_acoustic_064,45,25,38
string_acoustic_064-045-050,string_acoustic_064,45,50,38
string_acoustic_064-045-075,string_acoustic_064,45,75,38
string_acoustic_064-045-100,string_acoustic_064,45,100,38
string_acoustic_064-045-127,string_acoustic_064,45,127,38
string_acoustic_068-045-025,string_acoustic_068,45,25,35
string_acoustic_068-045-050,string_acoustic_068,45,50,35
string_acoustic_068-045-075,string_acoustic_068,45,75,38
string_acoustic_068-045-100,string_acoustic_068,45,100,38
string_acoustic_068-045-127,string_acoustic_068,45,127,38
string_acoustic_069-045-025,string_acoustic_069,45,25,38
string_acoustic_069-045-050,string_acoustic_069,45,50,38
string_acoustic_069-045-075,string_acoustic_069,45,75,38
string_acoustic_069-045-100,string_acoustic_069,45,100,38
string_acoustic_069-045-127,string_acoustic_069,45,127,38
string_acoustic_073-045-025,string_acoustic_073,45,25,38
string_acoustic_073-045-050,string_acoustic_073,45,50,38
string_acoustic_073-045-075,string_acoustic_073,45,75,38
string_acoustic_073-045-100,string_acoustic_073,45,100,38
string_acoustic_073-045-127,string_acoustic_073,45,127,38
string_acoustic_077-045-025,string_acoustic_077,45,25,38
string_acoustic_077-045-050,string_acoustic_077,45,50,38
string_acoustic_077-045-075,string_acoustic_077,45,75,38
string_acoustic_077-045-100,string_acoustic_077,45,100,38
string_acoustic_077-045-127,string_acoustic_077,45,127,38
string_acoustic_079-045-025,string_acoustic_079,45,25,37
string_acoustic_079-045-050,string_acoustic_079,45,50,37
string_acoustic_081-045-025,string_acoustic_081,45,25,37
string_acoustic_081-045-050,string_acoustic_081,45,50,37
string_acoustic_082-045-025,string_acoustic_082,45,25,38
string_acoustic_082-045-050,string_acoustic_082,45,50,38
string_acoustic_082-045-075,string_acoustic_082,45,75,38
string_acoustic_082-045-100,string_acoustic_082,45,100,38
string_acoustic_082-045-127,string_acoustic_082,45,127,38
string_acoustic_087-045-025,string_acoustic_087,45,25,38
string_acoustic_087-045-050,string_acoustic_087,45,50,38
string_acoustic_087-045-075,string_acoustic_087,45,75,38
string_acoustic_087-045-100,string_acoustic_087,45,100,38
string_acoustic_087-045-127,string_acoustic_087,45,127,38
string_acoustic_089-045-025,string_acoustic_089,45,25,38
string_acoustic_089-045-050,string_acoustic_089,45,50,38
string_acoustic_089-045-075,string_acoustic_089,45,75,38
string_acoustic_089-045-100,string_acoustic_089,45,100,38
string_acoustic_089-045-127,string_acoustic_089,45,127,38
string_acoustic_002-046-025,string_acoustic_002,46,25,38
string_acoustic_002-046-050,string_acoustic_002,46,50,38
string_acoustic_002-046-075,string_acoustic_002,46,75,38
string_acoustic_002-046-100,string_acoustic_002,46,100,38
string_acoustic_002-046-127,string_acoustic_002,46,127,38
string_acoustic_005-046-025,string_acoustic_005,46,25,34
string_acoustic_005-046-050,string_acoustic_005,46,50,34
string_acoustic_005-046-075,string_acoustic_005,46,75,38
string_acoustic_005-046-100,string_acoustic_005,46,100,38
string_acoustic_005-046-127,string_acoustic_005,46,127,23
string_acoustic_007-046-025,string_acoustic_007,46,25,38
string_acoustic_007-046-050,string_acoustic_007,46,50,38
string_acoustic_007-046-075,string_acoustic_007,46,75,38
string_acoustic_007-046-100,string_acoustic_007,46,100,38
string_acoustic_007-046-127,string_acoustic_007,46,127,38
string_acoustic_008-046-025,string_acoustic_008,46,25,38
string_acoustic_008-046-050,string_acoustic_008,46,50,38
string_acoustic_008-046-075,string_acoustic_008,46,75,38
string_acoustic_008-046-100,string_acoustic_008,46,100,38
string_acoustic_008-046-127,string_acoustic_008,46,127,38
string_acoustic_010-046-025,string_acoustic_010,46,25,38
string_acoustic_010-046-050,string_acoustic_010,46,50,38
string_acoustic_010-046-075,string_acoustic_010,46,75,38
string_acoustic_010-046-100,string_acoustic_010,46,100,38
string_acoustic_010-046-127,string_acoustic_010,46,127,34
string_acoustic_011-046-025,string_acoustic_011,46,25,38
string_acoustic_011-046-050,string_acoustic_011,46,50,38
string_acoustic_011-046-075,string_acoustic_011,46,75,38
string_acoustic_011-046-100,string_acoustic_011,46,100,38
string_acoustic_011-046-127,string_acoustic_011,46,127,38
string_acoustic_013-046-025,string_acoustic_013,46,25,38
string_acoustic_013-046-050,string_acoustic_013,46,50,38
string_acoustic_013-046-075,string_acoustic_013,46,75,38
string_acoustic_013-046-100,string_acoustic_013,46,100,38
string_acoustic_013-046-127,string_acoustic_013,46,127,38
string_acoustic_015-046-025,string_acoustic_015,46,25,38
string_acoustic_015-046-050,string_acoustic_015,46,50,38
string_acoustic_015-046-075,string_acoustic_015,46,75,38
string_acoustic_015-046-100,string_acoustic_015,46,100,38
string_acoustic_015-046-127,string_acoustic_015,46,127,38
string_acoustic_016-046-025,string_acoustic_016,46,25,38
string_acoustic_016-046-050,string_acoustic_016,46,50,38
string_acoustic_016-046-075,string_acoustic_016,46,75,38
string_acoustic_016-046-100,string_acoustic_016,46,100,38
string_acoustic_016-046-127,string_acoustic_016,46,127,38
string_acoustic_017-046-025,string_acoustic_017,46,25,38
string_acoustic_017-046-050,string_acoustic_017,46,50,38
string_acoustic_017-046-075,string_acoustic_017,46,75,38
string_acoustic_017-046-100,string_acoustic_017,46,100,38
string_acoustic_017-046-127,string_acoustic_017,46,127,38
string_acoustic_018-046-025,string_acoustic_018,46,25,38
string_acoustic_018-046-050,string_acoustic_018,46,50,38
string_acoustic_018-046-075,string_acoustic_018,46,75,38
string_acoustic_018-046-100,string_acoustic_018,46,100,38
string_acoustic_018-046-127,string_acoustic_018,46,127,38
string_acoustic_019-046-025,string_acoustic_019,46,25,38
string_acoustic_019-046-050,string_acoustic_019,46,50,38
string_acoustic_019-046-075,string_acoustic_019,46,75,38
string_acoustic_019-046-100,string_acoustic_019,46,100,38
string_acoustic_019-046-127,string_acoustic_019,46,127,38
string_acoustic_021-046-025,string_acoustic_021,46,25,38
string_acoustic_021-046-050,string_acoustic_021,46,50,38
string_acoustic_021-046-075,string_acoustic_021,46,75,38
string_acoustic_021-046-100,string_acoustic_021,46,100,38
string_acoustic_021-046-127,string_acoustic_021,46,127,38
string_acoustic_022-046-025,string_acoustic_022,46,25,38
string_acoustic_022-046-050,string_acoustic_022,46,50,38
string_acoustic_022-046-075,string_acoustic_022,46,75,38
string_acoustic_022-046-100,string_acoustic_022,46,100,38
string_acoustic_022-046-127,string_acoustic_022,46,127,38
string_acoustic_024-046-025,string_acoustic_024,46,25,38
string_acoustic_024-046-050,string_acoustic_024,46,50,38
string_acoustic_024-046-075,string_acoustic_024,46,75,38
string_acoustic_024-046-100,string_acoustic_024,46,100,38
string_acoustic_024-046-127,string_acoustic_024,46,127,38
string_acoustic_027-046-025,string_acoustic_027,46,25,38
string_acoustic_027-046-050,string_acoustic_027,46,50,38
string_acoustic_027-046-075,string_acoustic_027,46,75,38
string_acoustic_027-046-100,string_acoustic_027,46,100,38
string_acoustic_027-046-127,string_acoustic_027,46,127,34
string_acoustic_029-046-025,string_acoustic_029,46,25,38
string_acoustic_029-046-050,string_acoustic_029,46,50,38
string_acoustic_029-046-075,string_acoustic_029,46,75,38
string_acoustic_029-046-100,string_acoustic_029,46,100,38
string_acoustic_029-046-127,string_acoustic_029,46,127,38
string_acoustic_030-046-025,string_acoustic_030,46,25,38
string_acoustic_030-046-050,string_acoustic_030,46,50,38
string_acoustic_030-046-075,string_acoustic_030,46,75,38
string_acoustic_030-046-100,string_acoustic_030,46,100,38
string_acoustic_030-046-127,string_acoustic_030,46,127,38
string_acoustic_033-046-025,string_acoustic_033,46,25,38
string_acoustic_033-046-050,string_acoustic_033,46,50,38
string_acoustic_033-046-075,string_acoustic_033,46,75,38
string_acoustic_033-046-100,string_acoustic_033,46,100,38
string_acoustic_033-046-127,string_acoustic_033,46,127,38
string_acoustic_037-046-025,string_acoustic_037,46,25,38
string_acoustic_037-046-050,string_acoustic_037,46,50,38
string_acoustic_037-046-075,string_acoustic_037,46,75,38
string_acoustic_037-046-100,string_acoustic_037,46,100,38
string_acoustic_037-046-127,string_acoustic_037,46,127,38
string_acoustic_038-046-100,string_acoustic_038,46,100,38
string_acoustic_038-046-127,string_acoustic_038,46,127,38
string_acoustic_042-046-025,string_acoustic_042,46,25,38
string_acoustic_042-046-050,string_acoustic_042,46,50,38
string_acoustic_042-046-075,string_acoustic_042,46,75,38
string_acoustic_042-046-100,string_acoustic_042,46,100,38
string_acoustic_042-046-127,string_acoustic_042,46,127,38
string_acoustic_043-046-025,string_acoustic_043,46,25,38
string_acoustic_043-046-050,string_acoustic_043,46,50,38
string_acoustic_043-046-075,string_acoustic_043,46,75,38
string_acoustic_043-046-100,string_acoustic_043,46,100,38
string_acoustic_043-046-127,string_acoustic_043,46,127,38
string_acoustic_044-046-025,string_acoustic_044,46,25,38
string_acoustic_044-046-050,string_acoustic_044,46,50,38
string_acoustic_044-046-075,string_acoustic_044,46,75,38
string_acoustic_044-046-100,string_acoustic_044,46,100,38
string_acoustic_044-046-127,string_acoustic_044,46,127,38
string_acoustic_045-046-025,string_acoustic_045,46,25,38
string_acoustic_045-046-050,string_acoustic_045,46,50,38
string_acoustic_045-046-075,string_acoustic_045,46,75,38
string_acoustic_045-046-100,string_acoustic_045,46,100,38
string_acoustic_045-046-127,string_acoustic_045,46,127,38
string_acoustic_048-046-025,string_acoustic_048,46,25,38
string_acoustic_048-046-050,string_acoustic_048,46,50,38
string_acoustic_048-046-075,string_acoustic_048,46,75,38
string_acoustic_048-046-100,string_acoustic_048,46,100,38
string_acoustic_048-046-127,string_acoustic_048,46,127,38
string_acoustic_051-046-025,string_acoustic_051,46,25,38
string_acoustic_051-046-050,string_acoustic_051,46,50,38
string_acoustic_051-046-075,string_acoustic_051,46,75,38
string_acoustic_051-046-100,string_acoustic_051,46,100,38
string_acoustic_051-046-127,string_acoustic_051,46,127,38
string_acoustic_052-046-025,string_acoustic_052,46,25,38
string_acoustic_052-046-050,string_acoustic_052,46,50,38
string_acoustic_052-046-075,string_acoustic_052,46,75,38
string_acoustic_052-046-100,string_acoustic_052,46,100,38
string_acoustic_052-046-127,string_acoustic_052,46,127,38
string_acoustic_060-046-025,string_acoustic_060,46,25,38
string_acoustic_060-046-050,string_acoustic_060,46,50,38
string_acoustic_060-046-075,string_acoustic_060,46,75,38
string_acoustic_060-046-100,string_acoustic_060,46,100,38
string_acoustic_060-046-127,string_acoustic_060,46,127,38
string_acoustic_061-046-025,string_acoustic_061,46,25,38
string_acoustic_061-046-050,string_acoustic_061,46,50,38
string_acoustic_061-046-075,string_acoustic_061,46,75,38
string_acoustic_061-046-100,string_acoustic_061,46,100,38
string_acoustic_061-046-127,string_acoustic_061,46,127,38
string_acoustic_062-046-025,string_acoustic_062,46,25,34
string_acoustic_062-046-050,string_acoustic_062,46,50,34
string_acoustic_062-046-075,string_acoustic_062,46,75,34
string_acoustic_062-046-100,string_acoustic_062,46,100,28
string_acoustic_063-046-025,string_acoustic_063,46,25,38
string_acoustic_063-046-050,string_acoustic_063,46,50,38
string_acoustic_063-046-075,string_acoustic_063,46,75,38
string_acoustic_063-046-100,string_acoustic_063,46,100,38
string_acoustic_063-046-127,string_acoustic_063,46,127,38
string_acoustic_064-046-025,string_acoustic_064,46,25,38
string_acoustic_064-046-050,string_acoustic_064,46,50,38
string_acoustic_064-046-075,string_acoustic_064,46,75,38
string_acoustic_064-046-100,string_acoustic_064,46,100,38
string_acoustic_064-046-127,string_acoustic_064,46,127,38
string_acoustic_068-046-025,string_acoustic_068,46,25,38
string_acoustic_068-046-050,string_acoustic_068,46,50,38
string_acoustic_068-046-075,string_acoustic_068,46,75,38
string_acoustic_068-046-100,string_acoustic_068,46,100,38
string_acoustic_068-046-127,string_acoustic_068,46,127,38
string_acoustic_069-046-025,string_acoustic_069,46,25,38
string_acoustic_069-046-050,string_acoustic_069,46,50,38
string_acoustic_069-046-075,string_acoustic_069,46,75,38
string_acoustic_069-046-100,string_acoustic_069,46,100,38
string_acoustic_069-046-127,string_acoustic_069,46,127,38
string_acoustic_073-046-025,string_acoustic_073,46,25,38
string_acoustic_073-046-050,string_acoustic_073,46,50,38
string_acoustic_073-046-075,string_acoustic_073,46,75,38
string_acoustic_073-046-100,string_acoustic_073,46,100,38
string_acoustic_073-046-127,string_acoustic_073,46,127,38
string_acoustic_077-046-025,string_acoustic_077,46,25,38
string_acoustic_077-046-050,string_acoustic_077,46,50,38
string_acoustic_077-046-075,string_acoustic_077,46,75,38
string_acoustic_077-046-100,string_acoustic_077,46,100,38
string_acoustic_077-046-127,string_acoustic_077,46,127,38
string_acoustic_079-046-025,string_acoustic_079,46,25,38
string_acoustic_079-046-050,string_acoustic_079,46,50,38
string_acoustic_079-046-075,string_acoustic_079,46,75,35
string_acoustic_081-046-025,string_acoustic_081,46,25,38
string_acoustic_081-046-050,string_acoustic_081,46,50,38
string_acoustic_081-046-075,string_acoustic_081,46,75,35
string_acoustic_082-046-025,string_acoustic_082,46,25,38
string_acoustic_082-046-050,string_acoustic_082,46,50,38
string_acoustic_082-046-075,string_acoustic_082,46,75,38
string_acoustic_082-046-100,string_acoustic_082,46,100,38
string_acoustic_082-046-127,string_acoustic_082,46,127,38
string_acoustic_087-046-025,string_acoustic_087,46,25,38
string_acoustic_087-046-050,string_acoustic_087,46,50,38
string_acoustic_087-046-075,string_acoustic_087,46,75,38
string_acoustic_087-046-100,string_acoustic_087,46,100,38
string_acoustic_087-046-127,string_acoustic_087,46,127,38
string_acoustic_089-046-025,string_acoustic_089,46,25,38
string_acoustic_089-046-050,string_acoustic_089,46,50,38
string_acoustic_089-046-075,string_acoustic_089,46,75,38
string_acoustic_089-046-100,string_acoustic_089,46,100,38
string_acoustic_089-046-127,string_acoustic_089,46,127,38
string_acoustic_000-047-025,string_acoustic_000,47,25,38
string_acoustic_000-047-050,string_acoustic_000,47,50,38
string_acoustic_000-047-075,string_acoustic_000,47,75,38
string_acoustic_002-047-025,string_acoustic_002,47,25,38
string_acoustic_002-047-050,string_acoustic_002,47,50,38
string_acoustic_002-047-075,string_acoustic_002,47,75,38
string_acoustic_002-047-100,string_acoustic_002,47,100,38
string_acoustic_002-047-127,string_acoustic_002,47,127,38
string_acoustic_005-047-025,string_acoustic_005,47,25,32
string_acoustic_005-047-050,string_acoustic_005,47,50,32
string_acoustic_005-047-075,string_acoustic_005,47,75,35
string_acoustic_005-047-100,string_acoustic_005,47,100,35
string_acoustic_005-047-127,string_acoustic_005,47,127,22
string_acoustic_007-047-025,string_acoustic_007,47,25,38
string_acoustic_007-047-050,string_acoustic_007,47,50,38
string_acoustic_007-047-075,string_acoustic_007,47,75,38
string_acoustic_007-047-100,string_acoustic_007,47,100,38
string_acoustic_007-047-127,string_acoustic_007,47,127,38
string_acoustic_008-047-025,string_acoustic_008,47,25,38
string_acoustic_008-047-050,string_acoustic_008,47,50,38
string_acoustic_008-047-075,string_acoustic_008,47,75,38
string_acoustic_008-047-100,string_acoustic_008,47,100,38
string_acoustic_008-047-127,string_acoustic_008,47,127,38
string_acoustic_010-047-025,string_acoustic_010,47,25,36
string_acoustic_010-047-050,string_acoustic_010,47,50,36
string_acoustic_010-047-075,string_acoustic_010,47,75,38
string_acoustic_010-047-100,string_acoustic_010,47,100,38
string_acoustic_010-047-127,string_acoustic_010,47,127,29
string_acoustic_011-047-025,string_acoustic_011,47,25,38
string_acoustic_011-047-050,string_acoustic_011,47,50,38
string_acoustic_011-047-075,string_acoustic_011,47,75,38
string_acoustic_011-047-100,string_acoustic_011,47,100,38
string_acoustic_011-047-127,string_acoustic_011,47,127,38
string_acoustic_013-047-025,string_acoustic_013,47,25,38
string_acoustic_013-047-050,string_acoustic_013,47,50,38
string_acoustic_013-047-075,string_acoustic_013,47,75,38
string_acoustic_013-047-100,string_acoustic_013,47,100,38
string_acoustic_013-047-127,string_acoustic_013,47,127,38
string_acoustic_015-047-025,string_acoustic_015,47,25,38
string_acoustic_015-047-050,string_acoustic_015,47,50,38
string_acoustic_015-047-075,string_acoustic_015,47,75,38
string_acoustic_015-047-100,string_acoustic_015,47,100,38
string_acoustic_015-047-127,string_acoustic_015,47,127,38
string_acoustic_016-047-025,string_acoustic_016,47,25,38
string_acoustic_016-047-050,string_acoustic_016,47,50,38
string_acoustic_016-047-075,string_acoustic_016,47,75,38
string_acoustic_016-047-100,string_acoustic_016,47,100,38
string_acoustic_016-047-127,string_acoustic_016,47,127,38
string_acoustic_017-047-025,string_acoustic_017,47,25,38
string_acoustic_017-047-050,string_acoustic_017,47,50,38
string_acoustic_017-047-075,string_acoustic_017,47,75,38
string_acoustic_017-047-100,string_acoustic_017,47,100,38
string_acoustic_017-047-127,string_acoustic_017,47,127,38
string_acoustic_018-047-025,string_acoustic_018,47,25,38
string_acoustic_018-047-050,string_acoustic_018,47,50,38
string_acoustic_018-047-075,string_acoustic_018,47,75,38
string_acoustic_018-047-100,string_acoustic_018,47,100,38
string_acoustic_018-047-127,string_acoustic_018,47,127,38
string_acoustic_019-047-025,string_acoustic_019,47,25,38
string_acoustic_019-047-050,string_acoustic_019,47,50,38
string_acoustic_019-047-075,string_acoustic_019,47,75,38
string_acoustic_019-047-100,string_acoustic_019,47,100,38
string_acoustic_019-047-127,string_acoustic_019,47,127,38
string_acoustic_021-047-025,string_acoustic_021,47,25,38
string_acoustic_021-047-050,string_acoustic_021,47,50,38
string_acoustic_021-047-075,string_acoustic_021,47,75,38
string_acoustic_021-047-100,string_acoustic_021,47,100,38
string_acoustic_021-047-127,string_acoustic_021,47,127,38
string_acoustic_022-047-025,string_acoustic_022,47,25,38
string_acoustic_022-047-050,string_acoustic_022,47,50,38
string_acoustic_022-047-075,string_acoustic_022,47,75,38
string_acoustic_022-047-100,string_acoustic_022,47,100,38
string_acoustic_022-047-127,string_acoustic_022,47,127,38
string_acoustic_024-047-025,string_acoustic_024,47,25,38
string_acoustic_024-047-050,string_acoustic_024,47,50,38
string_acoustic_024-047-075,string_acoustic_024,47,75,38
string_acoustic_024-047-100,string_acoustic_024,47,100,38
string_acoustic_024-047-127,string_acoustic_024,47,127,38
string_acoustic_027-047-025,string_acoustic_027,47,25,36
string_acoustic_027-047-050,string_acoustic_027,47,50,36
string_acoustic_027-047-075,string_acoustic_027,47,75,38
string_acoustic_027-047-100,string_acoustic_027,47,100,38
string_acoustic_027-047-127,string_acoustic_027,47,127,29
string_acoustic_028-047-025,string_acoustic_028,47,25,34
string_acoustic_028-047-050,string_acoustic_028,47,50,34
string_acoustic_028-047-075,string_acoustic_028,47,75,34
string_acoustic_028-047-100,string_acoustic_028,47,100,38
string_acoustic_028-047-127,string_acoustic_028,47,127,38
string_acoustic_029-047-025,string_acoustic_029,47,25,38
string_acoustic_029-047-050,string_acoustic_029,47,50,38
string_acoustic_029-047-075,string_acoustic_029,47,75,38
string_acoustic_029-047-100,string_acoustic_029,47,100,38
string_acoustic_029-047-127,string_acoustic_029,47,127,38
string_acoustic_030-047-025,string_acoustic_030,47,25,38
string_acoustic_030-047-050,string_acoustic_030,47,50,38
string_acoustic_030-047-075,string_acoustic_030,47,75,38
string_acoustic_030-047-100,string_acoustic_030,47,100,38
string_acoustic_030-047-127,string_acoustic_030,47,127,38
string_acoustic_033-047-025,string_acoustic_033,47,25,38
string_acoustic_033-047-050,string_acoustic_033,47,50,38
string_acoustic_033-047-075,string_acoustic_033,47,75,38
string_acoustic_033-047-100,string_acoustic_033,47,100,38
string_acoustic_033-047-127,string_acoustic_033,47,127,38
string_acoustic_037-047-025,string_acoustic_037,47,25,38
string_acoustic_037-047-050,string_acoustic_037,47,50,38
string_acoustic_037-047-075,string_acoustic_037,47,75,38
string_acoustic_037-047-100,string_acoustic_037,47,100,38
string_acoustic_037-047-127,string_acoustic_037,47,127,38
string_acoustic_038-047-025,string_acoustic_038,47,25,32
string_acoustic_038-047-050,string_acoustic_038,47,50,32
string_acoustic_038-047-075,string_acoustic_038,47,75,35
string_acoustic_038-047-100,string_acoustic_038,47,100,35
string_acoustic_038-047-127,string_acoustic_038,47,127,22
string_acoustic_042-047-025,string_acoustic_042,47,25,38
string_acoustic_042-047-050,string_acoustic_042,47,50,38
string_acoustic_042-047-075,string_acoustic_042,47,75,38
string_acoustic_042-047-100,string_acoustic_042,47,100,38
string_acoustic_042-047-127,string_acoustic_042,47,127,38
string_acoustic_043-047-025,string_acoustic_043,47,25,38
string_acoustic_043-047-050,string_acoustic_043,47,50,38
string_acoustic_043-047-075,string_acoustic_043,47,75,38
string_acoustic_043-047-100,string_acoustic_043,47,100,38
string_acoustic_043-047-127,string_acoustic_043,47,127,38
string_acoustic_044-047-025,string_acoustic_044,47,25,38
string_acoustic_044-047-050,string_acoustic_044,47,50,38
string_acoustic_044-047-075,string_acoustic_044,47,75,38
string_acoustic_044-047-100,string_acoustic_044,47,100,38
string_acoustic_044-047-127,string_acoustic_044,47,127,38
string_acoustic_045-047-025,string_acoustic_045,47,25,38
string_acoustic_045-047-050,string_acoustic_045,47,50,38
string_acoustic_045-047-075,string_acoustic_045,47,75,38
string_acoustic_045-047-100,string_acoustic_045,47,100,38
string_acoustic_045-047-127,string_acoustic_045,47,127,38
string_acoustic_048-047-025,string_acoustic_048,47,25,38
string_acoustic_048-047-050,string_acoustic_048,47,50,38
string_acoustic_048-047-075,string_acoustic_048,47,75,38
string_acoustic_048-047-100,string_acoustic_048,47,100,38
string_acoustic_048-047-127,string_acoustic_048,47,127,38
string_acoustic_051-047-025,string_acoustic_051,47,25,38
string_acoustic_051-047-050,string_acoustic_051,47,50,38
string_acoustic_051-047-075,string_acoustic_051,47,75,38
string_acoustic_051-047-100,string_acoustic_051,47,100,38
string_acoustic_051-047-127,string_acoustic_051,47,127,38
string_acoustic_052-047-025,string_acoustic_052,47,25,38
string_acoustic_052-047-050,string_acoustic_052,47,50,38
string_acoustic_052-047-075,string_acoustic_052,47,75,38
string_acoustic_052-047-100,string_acoustic_052,47,100,38
string_acoustic_052-047-127,string_acoustic_052,47,127,38
string_acoustic_060-047-025,string_acoustic_060,47,25,38
string_acoustic_060-047-050,string_acoustic_060,47,50,38
string_acoustic_060-047-075,string_acoustic_060,47,75,38
string_acoustic_060-047-100,string_acoustic_060,47,100,38
string_acoustic_060-047-127,string_acoustic_060,47,127,38
string_acoustic_061-047-025,string_acoustic_061,47,25,38
string_acoustic_061-047-050,string_acoustic_061,47,50,38
string_acoustic_061-047-075,string_acoustic_061,47,75,38
string_acoustic_061-047-100,string_acoustic_061,47,100,38
string_acoustic_061-047-127,string_acoustic_061,47,127,38
string_acoustic_062-047-025,string_acoustic_062,47,25,32
string_acoustic_062-047-050,string_acoustic_062,47,50,32
string_acoustic_062-047-075,string_acoustic_062,47,75,32
string_acoustic_063-047-025,string_acoustic_063,47,25,38
string_acoustic_063-047-050,string_acoustic_063,47,50,38
string_acoustic_063-047-075,string_acoustic_063,47,75,38
string_acoustic_063-047-100,string_acoustic_063,47,100,38
string_acoustic_063-047-127,string_acoustic_063,47,127,38
string_acoustic_064-047-025,string_acoustic_064,47,25,38
string_acoustic_064-047-050,string_acoustic_064,47,50,38
string_acoustic_064-047-075,string_acoustic_064,47,75,38
string_acoustic_064-047-100,string_acoustic_064,47,100,38
string_acoustic_064-047-127,string_acoustic_064,47,127,38
string_acoustic_068-047-025,string_acoustic_068,47,25,38
string_acoustic_068-047-050,string_acoustic_068,47,50,38
string_acoustic_068-047-075,string_acoustic_068,47,75,38
string_acoustic_068-047-100,string_acoustic_068,47,100,38
string_acoustic_068-047-127,string_acoustic_068,47,127,38
string_acoustic_069-047-025,string_acoustic_069,47,25,38
string_acoustic_069-047-050,string_acoustic_069,47,50,38
string_acoustic_069-047-075,string_acoustic_069,47,75,38
string_acoustic_069-047-100,string_acoustic_069,47,100,38
string_acoustic_069-047-127,string_acoustic_069,47,127,38
string_acoustic_073-047-025,string_acoustic_073,47,25,38
string_acoustic_073-047-050,string_acoustic_073,47,50,38
string_acoustic_073-047-075,string_acoustic_073,47,75,38
string_acoustic_073-047-100,string_acoustic_073,47,100,38
string_acoustic_073-047-127,string_acoustic_073,47,127,38
string_acoustic_077-047-025,string_acoustic_077,47,25,38
string_acoustic_077-047-050,string_acoustic_077,47,50,38
string_acoustic_077-047-075,string_acoustic_077,47,75,38
string_acoustic_077-047-100,string_acoustic_077,47,100,38
string_acoustic_077-047-127,string_acoustic_077,47,127,38
string_acoustic_079-047-075,string_acoustic_079,47,75,38
string_acoustic_079-047-100,string_acoustic_079,47,100,38
string_acoustic_079-047-127,string_acoustic_079,47,127,38
string_acoustic_081-047-075,string_acoustic_081,47,75,38
string_acoustic_081-047-100,string_acoustic_081,47,100,38
string_acoustic_081-047-127,string_acoustic_081,47,127,38
string_acoustic_082-047-025,string_acoustic_082,47,25,38
string_acoustic_082-047-050,string_acoustic_082,47,50,38
string_acoustic_082-047-075,string_acoustic_082,47,75,38
string_acoustic_082-047-100,string_acoustic_082,47,100,38
string_acoustic_082-047-127,string_acoustic_082,47,127,38
string_acoustic_087-047-025,string_acoustic_087,47,25,38
string_acoustic_087-047-050,string_acoustic_087,47,50,38
string_acoustic_087-047-075,string_acoustic_087,47,75,38
string_acoustic_087-047-100,string_acoustic_087,47,100,38
string_acoustic_087-047-127,string_acoustic_087,47,127,38
string_acoustic_089-047-025,string_acoustic_089,47,25,38
string_acoustic_089-047-050,string_acoustic_089,47,50,38
string_acoustic_089-047-075,string_acoustic_089,47,75,38
string_acoustic_089-047-100,string_acoustic_089,47,100,38
string_acoustic_089-047-127,string_acoustic_089,47,127,38
string_acoustic_001-048-025,string_acoustic_001,48,25,38
string_acoustic_001-048-050,string_acoustic_001,48,50,38
string_acoustic_001-048-075,string_acoustic_001,48,75,38
string_acoustic_001-048-100,string_acoustic_001,48,100,38
string_acoustic_001-048-127,string_acoustic_001,48,127,38
string_acoustic_002-048-025,string_acoustic_002,48,25,38
string_acoustic_002-048-050,string_acoustic_002,48,50,38
string_acoustic_002-048-075,string_acoustic_002,48,75,38
string_acoustic_002-048-100,string_acoustic_002,48,100,37
string_acoustic_002-048-127,string_acoustic_002,48,127,35
string_acoustic_004-048-025,string_acoustic_004,48,25,38
string_acoustic_004-048-050,string_acoustic_004,48,50,38
string_acoustic_004-048-075,string_acoustic_004,48,75,38
string_acoustic_004-048-100,string_acoustic_004,48,100,38
string_acoustic_004-048-127,string_acoustic_004,48,127,38
string_acoustic_005-048-025,string_acoustic_005,48,25,33
string_acoustic_005-048-050,string_acoustic_005,48,50,33
string_acoustic_005-048-075,string_acoustic_005,48,75,36
string_acoustic_005-048-100,string_acoustic_005,48,100,36
string_acoustic_005-048-127,string_acoustic_005,48,127,38
string_acoustic_007-048-025,string_acoustic_007,48,25,38
string_acoustic_007-048-050,string_acoustic_007,48,50,38
string_acoustic_007-048-075,string_acoustic_007,48,75,38
string_acoustic_007-048-100,string_acoustic_007,48,100,38
string_acoustic_007-048-127,string_acoustic_007,48,127,38
string_acoustic_008-048-025,string_acoustic_008,48,25,38
string_acoustic_008-048-050,string_acoustic_008,48,50,38
string_acoustic_008-048-075,string_acoustic_008,48,75,38
string_acoustic_008-048-100,string_acoustic_008,48,100,38
string_acoustic_008-048-127,string_acoustic_008,48,127,38
string_acoustic_009-048-025,string_acoustic_009,48,25,38
string_acoustic_009-048-050,string_acoustic_009,48,50,38
string_acoustic_009-048-075,string_acoustic_009,48,75,38
string_acoustic_009-048-100,string_acoustic_009,48,100,38
string_acoustic_009-048-127,string_acoustic_009,48,127,38
string_acoustic_010-048-025,string_acoustic_010,48,25,35
string_acoustic_010-048-050,string_acoustic_010,48,50,35
string_acoustic_010-048-075,string_acoustic_010,48,75,37
string_acoustic_010-048-100,string_acoustic_010,48,100,37
string_acoustic_011-048-025,string_acoustic_011,48,25,38
string_acoustic_011-048-050,string_acoustic_011,48,50,38
string_acoustic_011-048-075,string_acoustic_011,48,75,38
string_acoustic_011-048-100,string_acoustic_011,48,100,38
string_acoustic_011-048-127,string_acoustic_011,48,127,38
string_acoustic_013-048-025,string_acoustic_013,48,25,38
string_acoustic_013-048-050,string_acoustic_013,48,50,38
string_acoustic_013-048-075,string_acoustic_013,48,75,38
string_acoustic_013-048-100,string_acoustic_013,48,100,38
string_acoustic_013-048-127,string_acoustic_013,48,127,38
string_acoustic_015-048-025,string_acoustic_015,48,25,38
string_acoustic_015-048-050,string_acoustic_015,48,50,38
string_acoustic_015-048-075,string_acoustic_015,48,75,38
string_acoustic_015-048-100,string_acoustic_015,48,100,38
string_acoustic_015-048-127,string_acoustic_015,48,127,38
string_acoustic_016-048-025,string_acoustic_016,48,25,38
string_acoustic_016-048-050,string_acoustic_016,48,50,38
string_acoustic_016-048-075,string_acoustic_016,48,75,38
string_acoustic_016-048-100,string_acoustic_016,48,100,38
string_acoustic_016-048-127,string_acoustic_016,48,127,38
string_acoustic_017-048-025,string_acoustic_017,48,25,38
string_acoustic_017-048-050,string_acoustic_017,48,50,38
string_acoustic_017-048-075,string_acoustic_017,48,75,38
string_acoustic_017-048-100,string_acoustic_017,48,100,38
string_acoustic_017-048-127,string_acoustic_017,48,127,38
string_acoustic_018-048-025,string_acoustic_018,48,25,38
string_acoustic_018-048-050,string_acoustic_018,48,50,38
string_acoustic_018-048-075,string_acoustic_018,48,75,38
string_acoustic_018-048-100,string_acoustic_018,48,100,38
string_acoustic_018-048-127,string_acoustic_018,48,127,38
string_acoustic_019-048-025,string_acoustic_019,48,25,38
string_acoustic_019-048-050,string_acoustic_019,48,50,38
string_acoustic_019-048-075,string_acoustic_019,48,75,38
string_acoustic_019-048-100,string_acoustic_019,48,100,38
string_acoustic_019-048-127,string_acoustic_019,48,127,38
string_acoustic_020-048-025,string_acoustic_020,48,25,38
string_acoustic_020-048-050,string_acoustic_020,48,50,38
string_acoustic_020-048-075,string_acoustic_020,48,75,38
string_acoustic_020-048-100,string_acoustic_020,48,100,38
string_acoustic_020-048-127,string_acoustic_020,48,127,38
string_acoustic_021-048-025,string_acoustic_021,48,25,38
string_acoustic_021-048-050,string_acoustic_021,48,50,38
string_acoustic_021-048-075,string_acoustic_021,48,75,38
string_acoustic_021-048-100,string_acoustic_021,48,100,38
string_acoustic_021-048-127,string_acoustic_021,48,127,38
string_acoustic_022-048-025,string_acoustic_022,48,25,38
string_acoustic_022-048-050,string_acoustic_022,48,50,38
string_acoustic_022-048-075,string_acoustic_022,48,75,38
string_acoustic_022-048-100,string_acoustic_022,48,100,38
string_acoustic_022-048-127,string_acoustic_022,48,127,38
string_acoustic_023-048-025,string_acoustic_023,48,25,38
string_acoustic_023-048-050,string_acoustic_023,48,50,38
string_acoustic_023-048-075,string_acoustic_023,48,75,38
string_acoustic_023-048-100,string_acoustic_023,48,100,38
string_acoustic_023-048-127,string_acoustic_023,48,127,38
string_acoustic_024-048-025,string_acoustic_024,48,25,38
string_acoustic_024-048-050,string_acoustic_024,48,50,38
string_acoustic_024-048-075,string_acoustic_024,48,75,38
string_acoustic_024-048-100,string_acoustic_024,48,100,38
string_acoustic_024-048-127,string_acoustic_024,48,127,38
string_acoustic_027-048-025,string_acoustic_027,48,25,35
string_acoustic_027-048-050,string_acoustic_027,48,50,35
string_acoustic_027-048-075,string_acoustic_027,48,75,37
string_acoustic_027-048-100,string_acoustic_027,48,100,37
string_acoustic_028-048-100,string_acoustic_028,48,100,32
string_acoustic_028-048-127,string_acoustic_028,48,127,32
string_acoustic_029-048-025,string_acoustic_029,48,25,38
string_acoustic_029-048-050,string_acoustic_029,48,50,38
string_acoustic_029-048-075,string_acoustic_029,48,75,38
string_acoustic_029-048-100,string_acoustic_029,48,100,38
string_acoustic_029-048-127,string_acoustic_029,48,127,38
string_acoustic_030-048-025,string_acoustic_030,48,25,38
string_acoustic_030-048-050,string_acoustic_030,48,50,38
string_acoustic_030-048-075,string_acoustic_030,48,75,38
string_acoustic_030-048-100,string_acoustic_030,48,100,38
string_acoustic_030-048-127,string_acoustic_030,48,127,38
string_acoustic_033-048-025,string_acoustic_033,48,25,38
string_acoustic_033-048-050,string_acoustic_033,48,50,38
string_acoustic_033-048-075,string_acoustic_033,48,75,38
string_acoustic_033-048-100,string_acoustic_033,48,100,38
string_acoustic_033-048-127,string_acoustic_033,48,127,38
string_acoustic_037-048-025,string_acoustic_037,48,25,38
string_acoustic_037-048-050,string_acoustic_037,48,50,38
string_acoustic_037-048-075,string_acoustic_037,48,75,38
string_acoustic_037-048-100,string_acoustic_037,48,100,38
string_acoustic_037-048-127,string_acoustic_037,48,127,38
string_acoustic_038-048-025,string_acoustic_038,48,25,33
string_acoustic_038-048-050,string_acoustic_038,48,50,33
string_acoustic_038-048-075,string_acoustic_038,48,75,36
string_acoustic_038-048-100,string_acoustic_038,48,100,36
string_acoustic_038-048-127,string_acoustic_038,48,127,38
string_acoustic_039-048-025,string_acoustic_039,48,25,38
string_acoustic_039-048-050,string_acoustic_039,48,50,38
string_acoustic_039-048-075,string_acoustic_039,48,75,38
string_acoustic_039-048-100,string_acoustic_039,48,100,38
string_acoustic_039-048-127,string_acoustic_039,48,127,38
string_acoustic_040-048-025,string_acoustic_040,48,25,38
string_acoustic_040-048-050,string_acoustic_040,48,50,38
string_acoustic_040-048-075,string_acoustic_040,48,75,38
string_acoustic_040-048-100,string_acoustic_040,48,100,38
string_acoustic_040-048-127,string_acoustic_040,48,127,38
string_acoustic_042-048-025,string_acoustic_042,48,25,38
string_acoustic_042-048-050,string_acoustic_042,48,50,38
string_acoustic_042-048-075,string_acoustic_042,48,75,38
string_acoustic_042-048-100,string_acoustic_042,48,100,38
string_acoustic_042-048-127,string_acoustic_042,48,127,38
string_acoustic_043-048-025,string_acoustic_043,48,25,38
string_acoustic_043-048-050,string_acoustic_043,48,50,38
string_acoustic_043-048-075,string_acoustic_043,48,75,38
string_acoustic_043-048-100,string_acoustic_043,48,100,38
string_acoustic_043-048-127,string_acoustic_043,48,127,38
string_acoustic_044-048-025,string_acoustic_044,48,25,38
string_acoustic_044-048-050,string_acoustic_044,48,50,38
string_acoustic_044-048-075,string_acoustic_044,48,75,38
string_acoustic_044-048-100,string_acoustic_044,48,100,38
string_acoustic_044-048-127,string_acoustic_044,48,127,38
string_acoustic_045-048-025,string_acoustic_045,48,25,38
string_acoustic_045-048-050,string_acoustic_045,48,50,38
string_acoustic_045-048-075,string_acoustic_045,48,75,38
string_acoustic_045-048-100,string_acoustic_045,48,100,38
string_acoustic_045-048-127,string_acoustic_045,48,127,38
string_acoustic_048-048-025,string_acoustic_048,48,25,38
string_acoustic_048-048-050,string_acoustic_048,48,50,38
string_acoustic_048-048-075,string_acoustic_048,48,75,38
string_acoustic_048-048-100,string_acoustic_048,48,100,38
string_acoustic_048-048-127,string_acoustic_048,48,127,38
string_acoustic_049-048-025,string_acoustic_049,48,25,38
string_acoustic_049-048-050,string_acoustic_049,48,50,38
string_acoustic_049-048-075,string_acoustic_049,48,75,38
string_acoustic_049-048-100,string_acoustic_049,48,100,38
string_acoustic_049-048-127,string_acoustic_049,48,127,38
string_acoustic_050-048-127,string_acoustic_050,48,127,27
string_acoustic_051-048-025,string_acoustic_051,48,25,38
string_acoustic_051-048-050,string_acoustic_051,48,50,38
string_acoustic_051-048-075,string_acoustic_051,48,75,38
string_acoustic_051-048-100,string_acoustic_051,48,100,38
string_acoustic_051-048-127,string_acoustic_051,48,127,38
string_acoustic_052-048-025,string_acoustic_052,48,25,38
string_acoustic_052-048-050,string_acoustic_052,48,50,38
string_acoustic_052-048-075,string_acoustic_052,48,75,38
string_acoustic_052-048-100,string_acoustic_052,48,100,38
string_acoustic_052-048-127,string_acoustic_052,48,127,38
string_acoustic_054-048-025,string_acoustic_054,48,25,38
string_acoustic_054-048-050,string_acoustic_054,48,50,38
string_acoustic_054-048-075,string_acoustic_054,48,75,38
string_acoustic_054-048-100,string_acoustic_054,48,100,38
string_acoustic_054-048-127,string_acoustic_054,48,127,38
string_acoustic_058-048-025,string_acoustic_058,48,25,38
string_acoustic_058-048-050,string_acoustic_058,48,50,38
string_acoustic_058-048-075,string_acoustic_058,48,75,38
string_acoustic_058-048-100,string_acoustic_058,48,100,38
string_acoustic_058-048-127,string_acoustic_058,48,127,38
string_acoustic_059-048-025,string_acoustic_059,48,25,38
string_acoustic_059-048-050,string_acoustic_059,48,50,38
string_acoustic_059-048-075,string_acoustic_059,48,75,38
string_acoustic_059-048-100,string_acoustic_059,48,100,38
string_acoustic_059-048-127,string_acoustic_059,48,127,38
string_acoustic_060-048-025,string_acoustic_060,48,25,38
string_acoustic_060-048-050,string_acoustic_060,48,50,38
string_acoustic_060-048-075,string_acoustic_060,48,75,38
string_acoustic_060-048-100,string_acoustic_060,48,100,38
string_acoustic_060-048-127,string_acoustic_060,48,127,38
string_acoustic_061-048-025,string_acoustic_061,48,25,38
string_acoustic_061-048-050,string_acoustic_061,48,50,38
string_acoustic_061-048-075,string_acoustic_061,48,75,38
string_acoustic_061-048-100,string_acoustic_061,48,100,38
string_acoustic_061-048-127,string_acoustic_061,48,127,38
string_acoustic_062-048-025,string_acoustic_062,48,25,38
string_acoustic_062-048-050,string_acoustic_062,48,50,38
string_acoustic_062-048-075,string_acoustic_062,48,75,38
string_acoustic_062-048-100,string_acoustic_062,48,100,38
string_acoustic_062-048-127,string_acoustic_062,48,127,33
string_acoustic_063-048-025,string_acoustic_063,48,25,38
string_acoustic_063-048-050,string_acoustic_063,48,50,38
string_acoustic_063-048-075,string_acoustic_063,48,75,38
string_acoustic_063-048-100,string_acoustic_063,48,100,38
string_acoustic_063-048-127,string_acoustic_063,48,127,38
string_acoustic_064-048-025,string_acoustic_064,48,25,38
string_acoustic_064-048-050,string_acoustic_064,48,50,38
string_acoustic_064-048-075,string_acoustic_064,48,75,38
string_acoustic_064-048-100,string_acoustic_064,48,100,38
string_acoustic_064-048-127,string_acoustic_064,48,127,38
string_acoustic_065-048-025,string_acoustic_065,48,25,38
string_acoustic_065-048-050,string_acoustic_065,48,50,38
string_acoustic_065-048-075,string_acoustic_065,48,75,38
string_acoustic_065-048-100,string_acoustic_065,48,100,38
string_acoustic_065-048-127,string_acoustic_065,48,127,38
string_acoustic_068-048-025,string_acoustic_068,48,25,38
string_acoustic_068-048-050,string_acoustic_068,48,50,38
string_acoustic_068-048-075,string_acoustic_068,48,75,37
string_acoustic_068-048-100,string_acoustic_068,48,100,34
string_acoustic_068-048-127,string_acoustic_068,48,127,34
string_acoustic_069-048-025,string_acoustic_069,48,25,38
string_acoustic_069-048-050,string_acoustic_069,48,50,38
string_acoustic_069-048-075,string_acoustic_069,48,75,38
string_acoustic_069-048-100,string_acoustic_069,48,100,38
string_acoustic_069-048-127,string_acoustic_069,48,127,38
string_acoustic_072-048-025,string_acoustic_072,48,25,38
string_acoustic_072-048-050,string_acoustic_072,48,50,38
string_acoustic_072-048-127,string_acoustic_072,48,127,34
string_acoustic_073-048-025,string_acoustic_073,48,25,38
string_acoustic_073-048-050,string_acoustic_073,48,50,38
string_acoustic_073-048-075,string_acoustic_073,48,75,38
string_acoustic_073-048-100,string_acoustic_073,48,100,38
string_acoustic_073-048-127,string_acoustic_073,48,127,38
string_acoustic_074-048-025,string_acoustic_074,48,25,38
string_acoustic_074-048-050,string_acoustic_074,48,50,38
string_acoustic_074-048-075,string_acoustic_074,48,75,38
string_acoustic_074-048-100,string_acoustic_074,48,100,38
string_acoustic_074-048-127,string_acoustic_074,48,127,38
string_acoustic_076-048-025,string_acoustic_076,48,25,38
string_acoustic_076-048-050,string_acoustic_076,48,50,38
string_acoustic_076-048-075,string_acoustic_076,48,75,38
string_acoustic_076-048-100,string_acoustic_076,48,100,38
string_acoustic_076-048-127,string_acoustic_076,48,127,38
string_acoustic_077-048-025,string_acoustic_077,48,25,38
string_acoustic_077-048-050,string_acoustic_077,48,50,38
string_acoustic_077-048-075,string_acoustic_077,48,75,38
string_acoustic_077-048-100,string_acoustic_077,48,100,38
string_acoustic_077-048-127,string_acoustic_077,48,127,38
string_acoustic_079-048-025,string_acoustic_079,48,25,38
string_acoustic_079-048-050,string_acoustic_079,48,50,38
string_acoustic_079-048-075,string_acoustic_079,48,75,38
string_acoustic_079-048-100,string_acoustic_079,48,100,38
string_acoustic_079-048-127,string_acoustic_079,48,127,38
string_acoustic_081-048-025,string_acoustic_081,48,25,38
string_acoustic_081-048-050,string_acoustic_081,48,50,38
string_acoustic_081-048-075,string_acoustic_081,48,75,38
string_acoustic_081-048-100,string_acoustic_081,48,100,38
string_acoustic_081-048-127,string_acoustic_081,48,127,38
string_acoustic_082-048-025,string_acoustic_082,48,25,38
string_acoustic_082-048-050,string_acoustic_082,48,50,38
string_acoustic_082-048-075,string_acoustic_082,48,75,38
string_acoustic_082-048-100,string_acoustic_082,48,100,38
string_acoustic_082-048-127,string_acoustic_082,48,127,38
string_acoustic_083-048-025,string_acoustic_083,48,25,38
string_acoustic_083-048-050,string_acoustic_083,48,50,38
string_acoustic_083-048-075,string_acoustic_083,48,75,38
string_acoustic_083-048-100,string_acoustic_083,48,100,38
string_acoustic_083-048-127,string_acoustic_083,48,127,38
string_acoustic_085-048-025,string_acoustic_085,48,25,38
string_acoustic_085-048-050,string_acoustic_085,48,50,38
string_acoustic_085-048-075,string_acoustic_085,48,75,38
string_acoustic_085-048-100,string_acoustic_085,48,100,34
string_acoustic_085-048-127,string_acoustic_085,48,127,34
string_acoustic_086-048-025,string_acoustic_086,48,25,38
string_acoustic_086-048-050,string_acoustic_086,48,50,38
string_acoustic_086-048-075,string_acoustic_086,48,75,38
string_acoustic_086-048-100,string_acoustic_086,48,100,38
string_acoustic_086-048-127,string_acoustic_086,48,127,38
string_acoustic_087-048-025,string_acoustic_087,48,25,38
string_acoustic_087-048-050,string_acoustic_087,48,50,38
string_acoustic_087-048-075,string_acoustic_087,48,75,38
string_acoustic_087-048-100,string_acoustic_087,48,100,38
string_acoustic_087-048-127,string_acoustic_087,48,127,38
string_acoustic_089-048-025,string_acoustic_089,48,25,38
string_acoustic_089-048-050,string_acoustic_089,48,50,38
string_acoustic_089-048-075,string_acoustic_089,48,75,38
string_acoustic_089-048-100,string_acoustic_089,48,100,38
string_acoustic_089-048-127,string_acoustic_089,48,127,38
string_acoustic_000-049-100,string_acoustic_000,49,100,33
string_acoustic_000-049-127,string_acoustic_000,49,127,33
string_acoustic_001-049-025,string_acoustic_001,49,25,38
string_acoustic_001-049-050,string_acoustic_001,49,50,38
string_acoustic_001-049-075,string_acoustic_001,49,75,38
string_acoustic_001-049-100,string_acoustic_001,49,100,38
string_acoustic_001-049-127,string_acoustic_001,49,127,38
string_acoustic_002-049-025,string_acoustic_002,49,25,38
string_acoustic_002-049-050,string_acoustic_002,49,50,38
string_acoustic_002-049-075,string_acoustic_002,49,75,38
string_acoustic_002-049-100,string_acoustic_002,49,100,38
string_acoustic_002-049-127,string_acoustic_002,49,127,38
string_acoustic_005-049-025,string_acoustic_005,49,25,31
string_acoustic_005-049-050,string_acoustic_005,49,50,31
string_acoustic_005-049-075,string_acoustic_005,49,75,34
string_acoustic_005-049-100,string_acoustic_005,49,100,34
string_acoustic_005-049-127,string_acoustic_005,49,127,36
string_acoustic_007-049-025,string_acoustic_007,49,25,38
string_acoustic_007-049-050,string_acoustic_007,49,50,38
string_acoustic_007-049-075,string_acoustic_007,49,75,38
string_acoustic_007-049-100,string_acoustic_007,49,100,38
string_acoustic_007-049-127,string_acoustic_007,49,127,38
string_acoustic_008-049-025,string_acoustic_008,49,25,38
string_acoustic_008-049-050,string_acoustic_008,49,50,38
string_acoustic_008-049-075,string_acoustic_008,49,75,38
string_acoustic_008-049-100,string_acoustic_008,49,100,38
string_acoustic_008-049-127,string_acoustic_008,49,127,38
string_acoustic_009-049-025,string_acoustic_009,49,25,38
string_acoustic_009-049-050,string_acoustic_009,49,50,38
string_acoustic_009-049-075,string_acoustic_009,49,75,38
string_acoustic_009-049-100,string_acoustic_009,49,100,38
string_acoustic_009-049-127,string_acoustic_009,49,127,38
string_acoustic_010-049-025,string_acoustic_010,49,25,36
string_acoustic_010-049-050,string_acoustic_010,49,50,36
string_acoustic_010-049-075,string_acoustic_010,49,75,32
string_acoustic_010-049-100,string_acoustic_010,49,100,32
string_acoustic_010-049-127,string_acoustic_010,49,127,26
string_acoustic_011-049-025,string_acoustic_011,49,25,38
string_acoustic_011-049-050,string_acoustic_011,49,50,38
string_acoustic_011-049-075,string_acoustic_011,49,75,38
string_acoustic_011-049-100,string_acoustic_011,49,100,38
string_acoustic_011-049-127,string_acoustic_011,49,127,38
string_acoustic_013-049-025,string_acoustic_013,49,25,38
string_acoustic_013-049-050,string_acoustic_013,49,50,38
string_acoustic_013-049-075,string_acoustic_013,49,75,38
string_acoustic_013-049-100,string_acoustic_013,49,100,38
string_acoustic_013-049-127,string_acoustic_013,49,127,38
string_acoustic_015-049-025,string_acoustic_015,49,25,38
string_acoustic_015-049-050,string_acoustic_015,49,50,38
string_acoustic_015-049-075,string_acoustic_015,49,75,38
string_acoustic_015-049-100,string_acoustic_015,49,100,38
string_acoustic_015-049-127,string_acoustic_015,49,127,38
string_acoustic_016-049-025,string_acoustic_016,49,25,38
string_acoustic_016-049-050,string_acoustic_016,49,50,38
string_acoustic_016-049-075,string_acoustic_016,49,75,38
string_acoustic_016-049-100,string_acoustic_016,49,100,38
string_acoustic_016-049-127,string_acoustic_016,49,127,38
string_acoustic_017-049-025,string_acoustic_017,49,25,38
string_acoustic_017-049-050,string_acoustic_017,49,50,38
string_acoustic_017-049-075,string_acoustic_017,49,75,38
string_acoustic_017-049-100,string_acoustic_017,49,100,38
string_acoustic_017-049-127,string_acoustic_017,49,127,38
string_acoustic_018-049-025,string_acoustic_018,49,25,38
string_acoustic_018-049-050,string_acoustic_018,49,50,38
string_acoustic_018-049-075,string_acoustic_018,49,75,38
string_acoustic_018-049-100,string_acoustic_018,49,100,38
string_acoustic_018-049-127,string_acoustic_018,49,127,38
string_acoustic_019-049-025,string_acoustic_019,49,25,38
string_acoustic_019-049-050,string_acoustic_019,49,50,38
string_acoustic_019-049-075,string_acoustic_019,49,75,38
string_acoustic_019-049-100,string_acoustic_019,49,100,38
string_acoustic_019-049-127,string_acoustic_019,49,127,38
string_acoustic_020-049-025,string_acoustic_020,49,25,38
string_acoustic_020-049-050,string_acoustic_020,49,50,38
string_acoustic_020-049-075,string_acoustic_020,49,75,38
string_acoustic_020-049-100,string_acoustic_020,49,100,38
string_acoustic_020-049-127,string_acoustic_020,49,127,38
string_acoustic_021-049-025,string_acoustic_021,49,25,38
string_acoustic_021-049-050,string_acoustic_021,49,50,38
string_acoustic_021-049-075,string_acoustic_021,49,75,38
string_acoustic_021-049-100,string_acoustic_021,49,100,38
string_acoustic_021-049-127,string_acoustic_021,49,127,38
string_acoustic_022-049-025,string_acoustic_022,49,25,38
string_acoustic_022-049-050,string_acoustic_022,49,50,38
string_acoustic_022-049-075,string_acoustic_022,49,75,38
string_acoustic_022-049-100,string_acoustic_022,49,100,38
string_acoustic_022-049-127,string_acoustic_022,49,127,38
string_acoustic_023-049-025,string_acoustic_023,49,25,38
string_acoustic_023-049-050,string_acoustic_023,49,50,38
string_acoustic_023-049-075,string_acoustic_023,49,75,38
string_acoustic_023-049-100,string_acoustic_023,49,100,38
string_acoustic_023-049-127,string_acoustic_023,49,127,38
string_acoustic_024-049-025,string_acoustic_024,49,25,38
string_acoustic_024-049-050,string_acoustic_024,49,50,38
string_acoustic_024-049-075,string_acoustic_024,49,75,38
string_acoustic_024-049-100,string_acoustic_024,49,100,38
string_acoustic_024-049-127,string_acoustic_024,49,127,38
string_acoustic_027-049-025,string_acoustic_027,49,25,36
string_acoustic_027-049-050,string_acoustic_027,49,50,36
string_acoustic_027-049-075,string_acoustic_027,49,75,32
string_acoustic_027-049-100,string_acoustic_027,49,100,32
string_acoustic_027-049-127,string_acoustic_027,49,127,26
string_acoustic_028-049-025,string_acoustic_028,49,25,38
string_acoustic_028-049-050,string_acoustic_028,49,50,38
string_acoustic_028-049-075,string_acoustic_028,49,75,38
string_acoustic_028-049-100,string_acoustic_028,49,100,38
string_acoustic_028-049-127,string_acoustic_028,49,127,38
string_acoustic_029-049-025,string_acoustic_029,49,25,38
string_acoustic_029-049-050,string_acoustic_029,49,50,38
string_acoustic_029-049-075,string_acoustic_029,49,75,38
string_acoustic_029-049-100,string_acoustic_029,49,100,38
string_acoustic_029-049-127,string_acoustic_029,49,127,38
string_acoustic_030-049-025,string_acoustic_030,49,25,38
string_acoustic_030-049-050,string_acoustic_030,49,50,38
string_acoustic_030-049-075,string_acoustic_030,49,75,38
string_acoustic_030-049-100,string_acoustic_030,49,100,38
string_acoustic_030-049-127,string_acoustic_030,49,127,38
string_acoustic_033-049-025,string_acoustic_033,49,25,38
string_acoustic_033-049-050,string_acoustic_033,49,50,38
string_acoustic_033-049-075,string_acoustic_033,49,75,38
string_acoustic_033-049-100,string_acoustic_033,49,100,38
string_acoustic_033-049-127,string_acoustic_033,49,127,38
string_acoustic_037-049-025,string_acoustic_037,49,25,38
string_acoustic_037-049-050,string_acoustic_037,49,50,38
string_acoustic_037-049-075,string_acoustic_037,49,75,38
string_acoustic_037-049-100,string_acoustic_037,49,100,38
string_acoustic_037-049-127,string_acoustic_037,49,127,38
string_acoustic_038-049-025,string_acoustic_038,49,25,31
string_acoustic_038-049-050,string_acoustic_038,49,50,31
string_acoustic_038-049-075,string_acoustic_038,49,75,34
string_acoustic_038-049-100,string_acoustic_038,49,100,34
string_acoustic_038-049-127,string_acoustic_038,49,127,36
string_acoustic_040-049-025,string_acoustic_040,49,25,38
string_acoustic_040-049-050,string_acoustic_040,49,50,38
string_acoustic_040-049-075,string_acoustic_040,49,75,38
string_acoustic_040-049-100,string_acoustic_040,49,100,38
string_acoustic_040-049-127,string_acoustic_040,49,127,38
string_acoustic_042-049-025,string_acoustic_042,49,25,38
string_acoustic_042-049-050,string_acoustic_042,49,50,38
string_acoustic_042-049-075,string_acoustic_042,49,75,38
string_acoustic_042-049-100,string_acoustic_042,49,100,38
string_acoustic_042-049-127,string_acoustic_042,49,127,38
string_acoustic_043-049-025,string_acoustic_043,49,25,38
string_acoustic_043-049-050,string_acoustic_043,49,50,38
string_acoustic_043-049-075,string_acoustic_043,49,75,38
string_acoustic_043-049-100,string_acoustic_043,49,100,38
string_acoustic_043-049-127,string_acoustic_043,49,127,38
string_acoustic_044-049-025,string_acoustic_044,49,25,38
string_acoustic_044-049-050,string_acoustic_044,49,50,38
string_acoustic_044-049-075,string_acoustic_044,49,75,38
string_acoustic_044-049-100,string_acoustic_044,49,100,38
string_acoustic_044-049-127,string_acoustic_044,49,127,38
string_acoustic_045-049-025,string_acoustic_045,49,25,38
string_acoustic_045-049-050,string_acoustic_045,49,50,38
string_acoustic_045-049-075,string_acoustic_045,49,75,38
string_acoustic_045-049-100,string_acoustic_045,49,100,38
string_acoustic_045-049-127,string_acoustic_045,49,127,38
string_acoustic_048-049-025,string_acoustic_048,49,25,38
string_acoustic_048-049-050,string_acoustic_048,49,50,38
string_acoustic_048-049-075,string_acoustic_048,49,75,38
string_acoustic_048-049-100,string_acoustic_048,49,100,38
string_acoustic_048-049-127,string_acoustic_048,49,127,38
string_acoustic_049-049-025,string_acoustic_049,49,25,38
string_acoustic_049-049-050,string_acoustic_049,49,50,38
string_acoustic_049-049-075,string_acoustic_049,49,75,38
string_acoustic_049-049-100,string_acoustic_049,49,100,38
string_acoustic_049-049-127,string_acoustic_049,49,127,38
string_acoustic_051-049-025,string_acoustic_051,49,25,38
string_acoustic_051-049-050,string_acoustic_051,49,50,38
string_acoustic_051-049-075,string_acoustic_051,49,75,38
string_acoustic_051-049-100,string_acoustic_051,49,100,38
string_acoustic_051-049-127,string_acoustic_051,49,127,38
string_acoustic_052-049-025,string_acoustic_052,49,25,38
string_acoustic_052-049-050,string_acoustic_052,49,50,38
string_acoustic_052-049-075,string_acoustic_052,49,75,38
string_acoustic_052-049-100,string_acoustic_052,49,100,38
string_acoustic_052-049-127,string_acoustic_052,49,127,38
string_acoustic_053-049-025,string_acoustic_053,49,25,23
string_acoustic_053-049-050,string_acoustic_053,49,50,23
string_acoustic_053-049-075,string_acoustic_053,49,75,23
string_acoustic_053-049-100,string_acoustic_053,49,100,23
string_acoustic_053-049-127,string_acoustic_053,49,127,37
string_acoustic_054-049-025,string_acoustic_054,49,25,38
string_acoustic_054-049-050,string_acoustic_054,49,50,38
string_acoustic_054-049-075,string_acoustic_054,49,75,38
string_acoustic_054-049-100,string_acoustic_054,49,100,38
string_acoustic_054-049-127,string_acoustic_054,49,127,38
string_acoustic_058-049-025,string_acoustic_058,49,25,36
string_acoustic_058-049-050,string_acoustic_058,49,50,36
string_acoustic_058-049-075,string_acoustic_058,49,75,36
string_acoustic_059-049-025,string_acoustic_059,49,25,38
string_acoustic_059-049-050,string_acoustic_059,49,50,38
string_acoustic_059-049-075,string_acoustic_059,49,75,38
string_acoustic_059-049-100,string_acoustic_059,49,100,38
string_acoustic_059-049-127,string_acoustic_059,49,127,38
string_acoustic_060-049-025,string_acoustic_060,49,25,38
string_acoustic_060-049-050,string_acoustic_060,49,50,38
string_acoustic_060-049-075,string_acoustic_060,49,75,38
string_acoustic_060-049-100,string_acoustic_060,49,100,38
string_acoustic_060-049-127,string_acoustic_060,49,127,38
string_acoustic_061-049-025,string_acoustic_061,49,25,38
string_acoustic_061-049-050,string_acoustic_061,49,50,38
string_acoustic_061-049-075,string_acoustic_061,49,75,38
string_acoustic_061-049-100,string_acoustic_061,49,100,38
string_acoustic_061-049-127,string_acoustic_061,49,127,38
string_acoustic_062-049-025,string_acoustic_062,49,25,38
string_acoustic_062-049-050,string_acoustic_062,49,50,38
string_acoustic_062-049-075,string_acoustic_062,49,75,38
string_acoustic_062-049-100,string_acoustic_062,49,100,38
string_acoustic_062-049-127,string_acoustic_062,49,127,29
string_acoustic_063-049-025,string_acoustic_063,49,25,38
string_acoustic_063-049-050,string_acoustic_063,49,50,38
string_acoustic_063-049-075,string_acoustic_063,49,75,38
string_acoustic_063-049-100,string_acoustic_063,49,100,38
string_acoustic_063-049-127,string_acoustic_063,49,127,38
string_acoustic_064-049-025,string_acoustic_064,49,25,38
string_acoustic_064-049-050,string_acoustic_064,49,50,38
string_acoustic_064-049-075,string_acoustic_064,49,75,38
string_acoustic_064-049-100,string_acoustic_064,49,100,38
string_acoustic_064-049-127,string_acoustic_064,49,127,38
string_acoustic_065-049-075,string_acoustic_065,49,75,36
string_acoustic_065-049-100,string_acoustic_065,49,100,38
string_acoustic_065-049-127,string_acoustic_065,49,127,38
string_acoustic_068-049-025,string_acoustic_068,49,25,38
string_acoustic_068-049-050,string_acoustic_068,49,50,38
string_acoustic_068-049-075,string_acoustic_068,49,75,38
string_acoustic_068-049-100,string_acoustic_068,49,100,38
string_acoustic_068-049-127,string_acoustic_068,49,127,38
string_acoustic_069-049-025,string_acoustic_069,49,25,38
string_acoustic_069-049-050,string_acoustic_069,49,50,38
string_acoustic_069-049-075,string_acoustic_069,49,75,38
string_acoustic_069-049-100,string_acoustic_069,49,100,38
string_acoustic_069-049-127,string_acoustic_069,49,127,38
string_acoustic_073-049-025,string_acoustic_073,49,25,38
string_acoustic_073-049-050,string_acoustic_073,49,50,38
string_acoustic_073-049-075,string_acoustic_073,49,75,38
string_acoustic_073-049-100,string_acoustic_073,49,100,38
string_acoustic_073-049-127,string_acoustic_073,49,127,38
string_acoustic_074-049-025,string_acoustic_074,49,25,38
string_acoustic_074-049-050,string_acoustic_074,49,50,38
string_acoustic_074-049-075,string_acoustic_074,49,75,38
string_acoustic_074-049-100,string_acoustic_074,49,100,38
string_acoustic_074-049-127,string_acoustic_074,49,127,38
string_acoustic_076-049-025,string_acoustic_076,49,25,38
string_acoustic_076-049-050,string_acoustic_076,49,50,38
string_acoustic_076-049-075,string_acoustic_076,49,75,38
string_acoustic_076-049-100,string_acoustic_076,49,100,38
string_acoustic_076-049-127,string_acoustic_076,49,127,38
string_acoustic_077-049-025,string_acoustic_077,49,25,38
string_acoustic_077-049-050,string_acoustic_077,49,50,38
string_acoustic_077-049-075,string_acoustic_077,49,75,38
string_acoustic_077-049-100,string_acoustic_077,49,100,38
string_acoustic_077-049-127,string_acoustic_077,49,127,38
string_acoustic_079-049-025,string_acoustic_079,49,25,38
string_acoustic_079-049-050,string_acoustic_079,49,50,38
string_acoustic_079-049-075,string_acoustic_079,49,75,38
string_acoustic_079-049-100,string_acoustic_079,49,100,36
string_acoustic_079-049-127,string_acoustic_079,49,127,36
string_acoustic_081-049-025,string_acoustic_081,49,25,38
string_acoustic_081-049-050,string_acoustic_081,49,50,38
string_acoustic_081-049-075,string_acoustic_081,49,75,38
string_acoustic_081-049-100,string_acoustic_081,49,100,36
string_acoustic_081-049-127,string_acoustic_081,49,127,36
string_acoustic_082-049-025,string_acoustic_082,49,25,38
string_acoustic_082-049-050,string_acoustic_082,49,50,38
string_acoustic_082-049-075,string_acoustic_082,49,75,38
string_acoustic_082-049-100,string_acoustic_082,49,100,38
string_acoustic_082-049-127,string_acoustic_082,49,127,38
string_acoustic_083-049-025,string_acoustic_083,49,25,38
string_acoustic_083-049-050,string_acoustic_083,49,50,38
string_acoustic_083-049-075,string_acoustic_083,49,75,38
string_acoustic_083-049-100,string_acoustic_083,49,100,38
string_acoustic_083-049-127,string_acoustic_083,49,127,38
string_acoustic_086-049-025,string_acoustic_086,49,25,38
string_acoustic_086-049-050,string_acoustic_086,49,50,38
string_acoustic_086-049-075,string_acoustic_086,49,75,38
string_acoustic_086-049-100,string_acoustic_086,49,100,38
string_acoustic_086-049-127,string_acoustic_086,49,127,38
string_acoustic_087-049-025,string_acoustic_087,49,25,38
string_acoustic_087-049-050,string_acoustic_087,49,50,38
string_acoustic_087-049-075,string_acoustic_087,49,75,38
string_acoustic_087-049-100,string_acoustic_087,49,100,38
string_acoustic_087-049-127,string_acoustic_087,49,127,38
string_acoustic_089-049-025,string_acoustic_089,49,25,38
string_acoustic_089-049-050,string_acoustic_089,49,50,38
string_acoustic_089-049-075,string_acoustic_089,49,75,38
string_acoustic_089-049-100,string_acoustic_089,49,100,38
string_acoustic_089-049-127,string_acoustic_089,49,127,38
string_acoustic_000-050-025,string_acoustic_000,50,25,38
string_acoustic_000-050-050,string_acoustic_000,50,50,38
string_acoustic_000-050-075,string_acoustic_000,50,75,38
string_acoustic_000-050-100,string_acoustic_000,50,100,38
string_acoustic_000-050-127,string_acoustic_000,50,127,38
string_acoustic_001-050-025,string_acoustic_001,50,25,38
string_acoustic_001-050-050,string_acoustic_001,50,50,38
string_acoustic_001-050-075,string_acoustic_001,50,75,38
string_acoustic_001-050-100,string_acoustic_001,50,100,38
string_acoustic_001-050-127,string_acoustic_001,50,127,38
string_acoustic_002-050-025,string_acoustic_002,50,25,38
string_acoustic_002-050-050,string_acoustic_002,50,50,38
string_acoustic_002-050-075,string_acoustic_002,50,75,38
string_acoustic_002-050-100,string_acoustic_002,50,100,38
string_acoustic_002-050-127,string_acoustic_002,50,127,38
string_acoustic_005-050-075,string_acoustic_005,50,75,26
string_acoustic_005-050-100,string_acoustic_005,50,100,26
string_acoustic_005-050-127,string_acoustic_005,50,127,31
string_acoustic_007-050-025,string_acoustic_007,50,25,38
string_acoustic_007-050-050,string_acoustic_007,50,50,38
string_acoustic_007-050-075,string_acoustic_007,50,75,38
string_acoustic_007-050-100,string_acoustic_007,50,100,38
string_acoustic_007-050-127,string_acoustic_007,50,127,38
string_acoustic_008-050-025,string_acoustic_008,50,25,38
string_acoustic_008-050-050,string_acoustic_008,50,50,38
string_acoustic_008-050-075,string_acoustic_008,50,75,38
string_acoustic_008-050-100,string_acoustic_008,50,100,38
string_acoustic_008-050-127,string_acoustic_008,50,127,38
string_acoustic_009-050-025,string_acoustic_009,50,25,38
string_acoustic_009-050-050,string_acoustic_009,50,50,38
string_acoustic_009-050-075,string_acoustic_009,50,75,38
string_acoustic_009-050-100,string_acoustic_009,50,100,38
string_acoustic_009-050-127,string_acoustic_009,50,127,38
string_acoustic_010-050-025,string_acoustic_010,50,25,34
string_acoustic_010-050-050,string_acoustic_010,50,50,34
string_acoustic_010-050-075,string_acoustic_010,50,75,30
string_acoustic_010-050-100,string_acoustic_010,50,100,30
string_acoustic_010-050-127,string_acoustic_010,50,127,24
string_acoustic_011-050-025,string_acoustic_011,50,25,38
string_acoustic_011-050-050,string_acoustic_011,50,50,38
string_acoustic_011-050-075,string_acoustic_011,50,75,38
string_acoustic_011-050-100,string_acoustic_011,50,100,38
string_acoustic_011-050-127,string_acoustic_011,50,127,38
string_acoustic_013-050-025,string_acoustic_013,50,25,38
string_acoustic_013-050-050,string_acoustic_013,50,50,38
string_acoustic_013-050-075,string_acoustic_013,50,75,38
string_acoustic_013-050-100,string_acoustic_013,50,100,38
string_acoustic_013-050-127,string_acoustic_013,50,127,38
string_acoustic_015-050-025,string_acoustic_015,50,25,38
string_acoustic_015-050-050,string_acoustic_015,50,50,38
string_acoustic_015-050-075,string_acoustic_015,50,75,38
string_acoustic_015-050-100,string_acoustic_015,50,100,38
string_acoustic_015-050-127,string_acoustic_015,50,127,38
string_acoustic_016-050-025,string_acoustic_016,50,25,38
string_acoustic_016-050-050,string_acoustic_016,50,50,38
string_acoustic_016-050-075,string_acoustic_016,50,75,38
string_acoustic_016-050-100,string_acoustic_016,50,100,38
string_acoustic_016-050-127,string_acoustic_016,50,127,38
string_acoustic_017-050-025,string_acoustic_017,50,25,38
string_acoustic_017-050-050,string_acoustic_017,50,50,38
string_acoustic_017-050-075,string_acoustic_017,50,75,38
string_acoustic_017-050-100,string_acoustic_017,50,100,38
string_acoustic_017-050-127,string_acoustic_017,50,127,38
string_acoustic_018-050-025,string_acoustic_018,50,25,38
string_acoustic_018-050-050,string_acoustic_018,50,50,38
string_acoustic_018-050-075,string_acoustic_018,50,75,38
string_acoustic_018-050-100,string_acoustic_018,50,100,38
string_acoustic_018-050-127,string_acoustic_018,50,127,38
string_acoustic_019-050-025,string_acoustic_019,50,25,38
string_acoustic_019-050-050,string_acoustic_019,50,50,38
string_acoustic_019-050-075,string_acoustic_019,50,75,38
string_acoustic_019-050-100,string_acoustic_019,50,100,38
string_acoustic_019-050-127,string_acoustic_019,50,127,38
string_acoustic_020-050-025,string_acoustic_020,50,25,38
string_acoustic_020-050-050,string_acoustic_020,50,50,38
string_acoustic_020-050-075,string_acoustic_020,50,75,38
string_acoustic_020-050-100,string_acoustic_020,50,100,38
string_acoustic_020-050-127,string_acoustic_020,50,127,38
string_acoustic_021-050-025,string_acoustic_021,50,25,38
string_acoustic_021-050-050,string_acoustic_021,50,50,38
string_acoustic_021-050-075,string_acoustic_021,50,75,38
string_acoustic_021-050-100,string_acoustic_021,50,100,38
string_acoustic_021-050-127,string_acoustic_021,50,127,38
string_acoustic_022-050-025,string_acoustic_022,50,25,38
string_acoustic_022-050-050,string_acoustic_022,50,50,38
string_acoustic_022-050-075,string_acoustic_022,50,75,38
string_acoustic_022-050-100,string_acoustic_022,50,100,38
string_acoustic_022-050-127,string_acoustic_022,50,127,38
string_acoustic_023-050-025,string_acoustic_023,50,25,38
string_acoustic_023-050-050,string_acoustic_023,50,50,38
string_acoustic_023-050-075,string_acoustic_023,50,75,38
string_acoustic_023-050-100,string_acoustic_023,50,100,38
string_acoustic_023-050-127,string_acoustic_023,50,127,38
string_acoustic_024-050-025,string_acoustic_024,50,25,38
string_acoustic_024-050-050,string_acoustic_024,50,50,38
string_acoustic_024-050-075,string_acoustic_024,50,75,38
string_acoustic_024-050-100,string_acoustic_024,50,100,38
string_acoustic_024-050-127,string_acoustic_024,50,127,38
string_acoustic_027-050-025,string_acoustic_027,50,25,34
string_acoustic_027-050-050,string_acoustic_027,50,50,34
string_acoustic_027-050-075,string_acoustic_027,50,75,30
string_acoustic_027-050-100,string_acoustic_027,50,100,30
string_acoustic_027-050-127,string_acoustic_027,50,127,24
string_acoustic_028-050-025,string_acoustic_028,50,25,38
string_acoustic_028-050-050,string_acoustic_028,50,50,38
string_acoustic_028-050-075,string_acoustic_028,50,75,38
string_acoustic_028-050-100,string_acoustic_028,50,100,38
string_acoustic_028-050-127,string_acoustic_028,50,127,38
string_acoustic_029-050-025,string_acoustic_029,50,25,38
string_acoustic_029-050-050,string_acoustic_029,50,50,38
string_acoustic_029-050-075,string_acoustic_029,50,75,38
string_acoustic_029-050-100,string_acoustic_029,50,100,38
string_acoustic_029-050-127,string_acoustic_029,50,127,38
string_acoustic_030-050-025,string_acoustic_030,50,25,38
string_acoustic_030-050-050,string_acoustic_030,50,50,38
string_acoustic_030-050-075,string_acoustic_030,50,75,38
string_acoustic_030-050-100,string_acoustic_030,50,100,38
string_acoustic_030-050-127,string_acoustic_030,50,127,38
string_acoustic_031-050-100,string_acoustic_031,50,100,36
string_acoustic_031-050-127,string_acoustic_031,50,127,36
string_acoustic_033-050-025,string_acoustic_033,50,25,38
string_acoustic_033-050-050,string_acoustic_033,50,50,38
string_acoustic_033-050-075,string_acoustic_033,50,75,38
string_acoustic_033-050-100,string_acoustic_033,50,100,38
string_acoustic_033-050-127,string_acoustic_033,50,127,38
string_acoustic_037-050-025,string_acoustic_037,50,25,38
string_acoustic_037-050-050,string_acoustic_037,50,50,38
string_acoustic_037-050-075,string_acoustic_037,50,75,38
string_acoustic_037-050-100,string_acoustic_037,50,100,38
string_acoustic_037-050-127,string_acoustic_037,50,127,38
string_acoustic_038-050-075,string_acoustic_038,50,75,26
string_acoustic_038-050-100,string_acoustic_038,50,100,26
string_acoustic_038-050-127,string_acoustic_038,50,127,31
string_acoustic_039-050-025,string_acoustic_039,50,25,38
string_acoustic_039-050-050,string_acoustic_039,50,50,37
string_acoustic_039-050-075,string_acoustic_039,50,75,38
string_acoustic_039-050-100,string_acoustic_039,50,100,38
string_acoustic_039-050-127,string_acoustic_039,50,127,38
string_acoustic_040-050-025,string_acoustic_040,50,25,38
string_acoustic_040-050-050,string_acoustic_040,50,50,38
string_acoustic_040-050-075,string_acoustic_040,50,75,38
string_acoustic_040-050-100,string_acoustic_040,50,100,38
string_acoustic_040-050-127,string_acoustic_040,50,127,38
string_acoustic_042-050-025,string_acoustic_042,50,25,38
string_acoustic_042-050-050,string_acoustic_042,50,50,38
string_acoustic_042-050-075,string_acoustic_042,50,75,38
string_acoustic_042-050-100,string_acoustic_042,50,100,38
string_acoustic_042-050-127,string_acoustic_042,50,127,38
string_acoustic_043-050-025,string_acoustic_043,50,25,38
string_acoustic_043-050-050,string_acoustic_043,50,50,38
string_acoustic_043-050-075,string_acoustic_043,50,75,38
string_acoustic_043-050-100,string_acoustic_043,50,100,38
string_acoustic_043-050-127,string_acoustic_043,50,127,38
string_acoustic_044-050-025,string_acoustic_044,50,25,38
string_acoustic_044-050-050,string_acoustic_044,50,50,38
string_acoustic_044-050-075,string_acoustic_044,50,75,38
string_acoustic_044-050-100,string_acoustic_044,50,100,38
string_acoustic_044-050-127,string_acoustic_044,50,127,38
string_acoustic_045-050-025,string_acoustic_045,50,25,38
string_acoustic_045-050-050,string_acoustic_045,50,50,38
string_acoustic_045-050-075,string_acoustic_045,50,75,38
string_acoustic_045-050-100,string_acoustic_045,50,100,38
string_acoustic_045-050-127,string_acoustic_045,50,127,38
string_acoustic_048-050-025,string_acoustic_048,50,25,38
string_acoustic_048-050-050,string_acoustic_048,50,50,38
string_acoustic_048-050-075,string_acoustic_048,50,75,38
string_acoustic_048-050-100,string_acoustic_048,50,100,38
string_acoustic_048-050-127,string_acoustic_048,50,127,38
string_acoustic_049-050-025,string_acoustic_049,50,25,38
string_acoustic_049-050-050,string_acoustic_049,50,50,38
string_acoustic_049-050-075,string_acoustic_049,50,75,38
string_acoustic_049-050-100,string_acoustic_049,50,100,38
string_acoustic_049-050-127,string_acoustic_049,50,127,38
string_acoustic_051-050-025,string_acoustic_051,50,25,38
string_acoustic_051-050-050,string_acoustic_051,50,50,38
string_acoustic_051-050-075,string_acoustic_051,50,75,38
string_acoustic_051-050-100,string_acoustic_051,50,100,38
string_acoustic_051-050-127,string_acoustic_051,50,127,38
string_acoustic_052-050-025,string_acoustic_052,50,25,38
string_acoustic_052-050-050,string_acoustic_052,50,50,38
string_acoustic_052-050-075,string_acoustic_052,50,75,38
string_acoustic_052-050-100,string_acoustic_052,50,100,38
string_acoustic_052-050-127,string_acoustic_052,50,127,38
string_acoustic_053-050-127,string_acoustic_053,50,127,29
string_acoustic_054-050-025,string_acoustic_054,50,25,38
string_acoustic_054-050-050,string_acoustic_054,50,50,38
string_acoustic_054-050-075,string_acoustic_054,50,75,38
string_acoustic_054-050-100,string_acoustic_054,50,100,38
string_acoustic_054-050-127,string_acoustic_054,50,127,38
string_acoustic_059-050-025,string_acoustic_059,50,25,38
string_acoustic_059-050-050,string_acoustic_059,50,50,38
string_acoustic_059-050-075,string_acoustic_059,50,75,38
string_acoustic_059-050-100,string_acoustic_059,50,100,38
string_acoustic_059-050-127,string_acoustic_059,50,127,38
string_acoustic_060-050-025,string_acoustic_060,50,25,38
string_acoustic_060-050-050,string_acoustic_060,50,50,38
string_acoustic_060-050-075,string_acoustic_060,50,75,38
string_acoustic_060-050-100,string_acoustic_060,50,100,38
string_acoustic_060-050-127,string_acoustic_060,50,127,38
string_acoustic_061-050-025,string_acoustic_061,50,25,38
string_acoustic_061-050-050,string_acoustic_061,50,50,38
string_acoustic_061-050-075,string_acoustic_061,50,75,38
string_acoustic_061-050-100,string_acoustic_061,50,100,38
string_acoustic_061-050-127,string_acoustic_061,50,127,38
string_acoustic_062-050-100,string_acoustic_062,50,100,33
string_acoustic_063-050-025,string_acoustic_063,50,25,38
string_acoustic_063-050-050,string_acoustic_063,50,50,38
string_acoustic_063-050-075,string_acoustic_063,50,75,38
string_acoustic_063-050-100,string_acoustic_063,50,100,38
string_acoustic_063-050-127,string_acoustic_063,50,127,38
string_acoustic_064-050-025,string_acoustic_064,50,25,38
string_acoustic_064-050-050,string_acoustic_064,50,50,38
string_acoustic_064-050-075,string_acoustic_064,50,75,38
string_acoustic_064-050-100,string_acoustic_064,50,100,38
string_acoustic_064-050-127,string_acoustic_064,50,127,38
string_acoustic_068-050-025,string_acoustic_068,50,25,38
string_acoustic_068-050-050,string_acoustic_068,50,50,38
string_acoustic_068-050-075,string_acoustic_068,50,75,38
string_acoustic_068-050-100,string_acoustic_068,50,100,38
string_acoustic_068-050-127,string_acoustic_068,50,127,38
string_acoustic_069-050-025,string_acoustic_069,50,25,38
string_acoustic_069-050-050,string_acoustic_069,50,50,38
string_acoustic_069-050-075,string_acoustic_069,50,75,38
string_acoustic_069-050-100,string_acoustic_069,50,100,38
string_acoustic_069-050-127,string_acoustic_069,50,127,38
string_acoustic_072-050-025,string_acoustic_072,50,25,38
string_acoustic_072-050-050,string_acoustic_072,50,50,38
string_acoustic_072-050-100,string_acoustic_072,50,100,38
string_acoustic_072-050-127,string_acoustic_072,50,127,38
string_acoustic_073-050-025,string_acoustic_073,50,25,38
string_acoustic_073-050-050,string_acoustic_073,50,50,38
string_acoustic_073-050-075,string_acoustic_073,50,75,38
string_acoustic_073-050-100,string_acoustic_073,50,100,38
string_acoustic_073-050-127,string_acoustic_073,50,127,38
string_acoustic_074-050-025,string_acoustic_074,50,25,38
string_acoustic_074-050-050,string_acoustic_074,50,50,38
string_acoustic_074-050-075,string_acoustic_074,50,75,38
string_acoustic_074-050-100,string_acoustic_074,50,100,38
string_acoustic_074-050-127,string_acoustic_074,50,127,38
string_acoustic_076-050-025,string_acoustic_076,50,25,38
string_acoustic_076-050-050,string_acoustic_076,50,50,38
string_acoustic_076-050-075,string_acoustic_076,50,75,38
string_acoustic_076-050-100,string_acoustic_076,50,100,38
string_acoustic_076-050-127,string_acoustic_076,50,127,38
string_acoustic_077-050-025,string_acoustic_077,50,25,38
string_acoustic_077-050-050,string_acoustic_077,50,50,38
string_acoustic_077-050-075,string_acoustic_077,50,75,38
string_acoustic_077-050-100,string_acoustic_077,50,100,38
string_acoustic_077-050-127,string_acoustic_077,50,127,38
string_acoustic_079-050-025,string_acoustic_079,50,25,38
string_acoustic_079-050-050,string_acoustic_079,50,50,38
string_acoustic_079-050-100,string_acoustic_079,50,100,29
string_acoustic_079-050-127,string_acoustic_079,50,127,29
string_acoustic_081-050-025,string_acoustic_081,50,25,38
string_acoustic_081-050-050,string_acoustic_081,50,50,38
string_acoustic_081-050-100,string_acoustic_081,50,100,29
string_acoustic_081-050-127,string_acoustic_081,50,127,29
string_acoustic_082-050-025,string_acoustic_082,50,25,38
string_acoustic_082-050-050,string_acoustic_082,50,50,38
string_acoustic_082-050-075,string_acoustic_082,50,75,38
string_acoustic_082-050-100,string_acoustic_082,50,100,38
string_acoustic_082-050-127,string_acoustic_082,50,127,38
string_acoustic_083-050-025,string_acoustic_083,50,25,38
string_acoustic_083-050-050,string_acoustic_083,50,50,38
string_acoustic_083-050-075,string_acoustic_083,50,75,38
string_acoustic_083-050-100,string_acoustic_083,50,100,38
string_acoustic_083-050-127,string_acoustic_083,50,127,38
string_acoustic_086-050-025,string_acoustic_086,50,25,38
string_acoustic_086-050-050,string_acoustic_086,50,50,38
string_acoustic_086-050-075,string_acoustic_086,50,75,38
string_acoustic_086-050-100,string_acoustic_086,50,100,38
string_acoustic_086-050-127,string_acoustic_086,50,127,38
string_acoustic_087-050-025,string_acoustic_087,50,25,38
string_acoustic_087-050-050,string_acoustic_087,50,50,38
string_acoustic_087-050-075,string_acoustic_087,50,75,38
string_acoustic_087-050-100,string_acoustic_087,50,100,38
string_acoustic_087-050-127,string_acoustic_087,50,127,38
string_acoustic_089-050-025,string_acoustic_089,50,25,38
string_acoustic_089-050-050,string_acoustic_089,50,50,38
string_acoustic_089-050-075,string_acoustic_089,50,75,38
string_acoustic_089-050-100,string_acoustic_089,50,100,38
string_acoustic_089-050-127,string_acoustic_089,50,127,38
string_acoustic_000-051-025,string_acoustic_000,51,25,33
string_acoustic_000-051-050,string_acoustic_000,51,50,33
string_acoustic_000-051-075,string_acoustic_000,51,75,33
string_acoustic_000-051-100,string_acoustic_000,51,100,38
string_acoustic_000-051-127,string_acoustic_000,51,127,38
string_acoustic_001-051-025,string_acoustic_001,51,25,38
string_acoustic_001-051-050,string_acoustic_001,51,50,38
string_acoustic_001-051-075,string_acoustic_001,51,75,38
string_acoustic_001-051-100,string_acoustic_001,51,100,38
string_acoustic_001-051-127,string_acoustic_001,51,127,38
string_acoustic_002-051-025,string_acoustic_002,51,25,38
string_acoustic_002-051-050,string_acoustic_002,51,50,38
string_acoustic_002-051-075,string_acoustic_002,51,75,38
string_acoustic_002-051-100,string_acoustic_002,51,100,38
string_acoustic_002-051-127,string_acoustic_002,51,127,33
string_acoustic_005-051-075,string_acoustic_005,51,75,24
string_acoustic_005-051-100,string_acoustic_005,51,100,24
string_acoustic_005-051-127,string_acoustic_005,51,127,29
string_acoustic_007-051-025,string_acoustic_007,51,25,38
string_acoustic_007-051-050,string_acoustic_007,51,50,38
string_acoustic_007-051-075,string_acoustic_007,51,75,38
string_acoustic_007-051-100,string_acoustic_007,51,100,38
string_acoustic_007-051-127,string_acoustic_007,51,127,38
string_acoustic_008-051-025,string_acoustic_008,51,25,38
string_acoustic_008-051-050,string_acoustic_008,51,50,38
string_acoustic_008-051-075,string_acoustic_008,51,75,38
string_acoustic_008-051-100,string_acoustic_008,51,100,38
string_acoustic_008-051-127,string_acoustic_008,51,127,38
string_acoustic_009-051-025,string_acoustic_009,51,25,38
string_acoustic_009-051-050,string_acoustic_009,51,50,38
string_acoustic_009-051-075,string_acoustic_009,51,75,38
string_acoustic_009-051-100,string_acoustic_009,51,100,38
string_acoustic_009-051-127,string_acoustic_009,51,127,38
string_acoustic_010-051-025,string_acoustic_010,51,25,23
string_acoustic_010-051-050,string_acoustic_010,51,50,23
string_acoustic_011-051-025,string_acoustic_011,51,25,38
string_acoustic_011-051-050,string_acoustic_011,51,50,38
string_acoustic_011-051-075,string_acoustic_011,51,75,38
string_acoustic_011-051-100,string_acoustic_011,51,100,38
string_acoustic_011-051-127,string_acoustic_011,51,127,38
string_acoustic_013-051-025,string_acoustic_013,51,25,38
string_acoustic_013-051-050,string_acoustic_013,51,50,38
string_acoustic_013-051-075,string_acoustic_013,51,75,38
string_acoustic_013-051-100,string_acoustic_013,51,100,38
string_acoustic_013-051-127,string_acoustic_013,51,127,38
string_acoustic_015-051-025,string_acoustic_015,51,25,38
string_acoustic_015-051-050,string_acoustic_015,51,50,38
string_acoustic_015-051-075,string_acoustic_015,51,75,38
string_acoustic_015-051-100,string_acoustic_015,51,100,38
string_acoustic_015-051-127,string_acoustic_015,51,127,38
string_acoustic_016-051-025,string_acoustic_016,51,25,38
string_acoustic_016-051-050,string_acoustic_016,51,50,38
string_acoustic_016-051-075,string_acoustic_016,51,75,38
string_acoustic_016-051-100,string_acoustic_016,51,100,38
string_acoustic_016-051-127,string_acoustic_016,51,127,38
string_acoustic_017-051-025,string_acoustic_017,51,25,38
string_acoustic_017-051-050,string_acoustic_017,51,50,38
string_acoustic_017-051-075,string_acoustic_017,51,75,38
string_acoustic_017-051-100,string_acoustic_017,51,100,38
string_acoustic_017-051-127,string_acoustic_017,51,127,38
string_acoustic_018-051-025,string_acoustic_018,51,25,38
string_acoustic_018-051-050,string_acoustic_018,51,50,38
string_acoustic_018-051-075,string_acoustic_018,51,75,38
string_acoustic_018-051-100,string_acoustic_018,51,100,38
string_acoustic_018-051-127,string_acoustic_018,51,127,38
string_acoustic_019-051-025,string_acoustic_019,51,25,38
string_acoustic_019-051-050,string_acoustic_019,51,50,38
string_acoustic_019-051-075,string_acoustic_019,51,75,38
string_acoustic_019-051-100,string_acoustic_019,51,100,38
string_acoustic_019-051-127,string_acoustic_019,51,127,38
string_acoustic_020-051-025,string_acoustic_020,51,25,38
string_acoustic_020-051-050,string_acoustic_020,51,50,38
string_acoustic_020-051-075,string_acoustic_020,51,75,38
string_acoustic_020-051-100,string_acoustic_020,51,100,38
string_acoustic_020-051-127,string_acoustic_020,51,127,38
string_acoustic_021-051-025,string_acoustic_021,51,25,38
string_acoustic_021-051-050,string_acoustic_021,51,50,38
string_acoustic_021-051-075,string_acoustic_021,51,75,38
string_acoustic_021-051-100,string_acoustic_021,51,100,38
string_acoustic_021-051-127,string_acoustic_021,51,127,38
string_acoustic_022-051-025,string_acoustic_022,51,25,38
string_acoustic_022-051-050,string_acoustic_022,51,50,38
string_acoustic_022-051-075,string_acoustic_022,51,75,38
string_acoustic_022-051-100,string_acoustic_022,51,100,38
string_acoustic_022-051-127,string_acoustic_022,51,127,38
string_acoustic_023-051-025,string_acoustic_023,51,25,38
string_acoustic_023-051-050,string_acoustic_023,51,50,38
string_acoustic_023-051-075,string_acoustic_023,51,75,38
string_acoustic_023-051-100,string_acoustic_023,51,100,38
string_acoustic_023-051-127,string_acoustic_023,51,127,38
string_acoustic_024-051-025,string_acoustic_024,51,25,38
string_acoustic_024-051-050,string_acoustic_024,51,50,38
string_acoustic_024-051-075,string_acoustic_024,51,75,38
string_acoustic_024-051-100,string_acoustic_024,51,100,38
string_acoustic_024-051-127,string_acoustic_024,51,127,38
string_acoustic_027-051-025,string_acoustic_027,51,25,23
string_acoustic_027-051-050,string_acoustic_027,51,50,23
string_acoustic_028-051-025,string_acoustic_028,51,25,38
string_acoustic_028-051-050,string_acoustic_028,51,50,38
string_acoustic_028-051-075,string_acoustic_028,51,75,38
string_acoustic_028-051-100,string_acoustic_028,51,100,38
string_acoustic_028-051-127,string_acoustic_028,51,127,38
string_acoustic_029-051-025,string_acoustic_029,51,25,38
string_acoustic_029-051-050,string_acoustic_029,51,50,38
string_acoustic_029-051-075,string_acoustic_029,51,75,38
string_acoustic_029-051-100,string_acoustic_029,51,100,38
string_acoustic_029-051-127,string_acoustic_029,51,127,38
string_acoustic_030-051-025,string_acoustic_030,51,25,38
string_acoustic_030-051-050,string_acoustic_030,51,50,38
string_acoustic_030-051-075,string_acoustic_030,51,75,38
string_acoustic_030-051-100,string_acoustic_030,51,100,38
string_acoustic_030-051-127,string_acoustic_030,51,127,38
string_acoustic_033-051-025,string_acoustic_033,51,25,38
string_acoustic_033-051-050,string_acoustic_033,51,50,38
string_acoustic_033-051-075,string_acoustic_033,51,75,38
string_acoustic_033-051-100,string_acoustic_033,51,100,38
string_acoustic_033-051-127,string_acoustic_033,51,127,38
string_acoustic_037-051-025,string_acoustic_037,51,25,38
string_acoustic_037-051-050,string_acoustic_037,51,50,38
string_acoustic_037-051-075,string_acoustic_037,51,75,38
string_acoustic_037-051-100,string_acoustic_037,51,100,38
string_acoustic_037-051-127,string_acoustic_037,51,127,38
string_acoustic_038-051-075,string_acoustic_038,51,75,24
string_acoustic_038-051-100,string_acoustic_038,51,100,24
string_acoustic_038-051-127,string_acoustic_038,51,127,29
string_acoustic_040-051-025,string_acoustic_040,51,25,38
string_acoustic_040-051-050,string_acoustic_040,51,50,38
string_acoustic_040-051-075,string_acoustic_040,51,75,38
string_acoustic_040-051-100,string_acoustic_040,51,100,38
string_acoustic_040-051-127,string_acoustic_040,51,127,38
string_acoustic_042-051-025,string_acoustic_042,51,25,38
string_acoustic_042-051-050,string_acoustic_042,51,50,38
string_acoustic_042-051-075,string_acoustic_042,51,75,38
string_acoustic_042-051-100,string_acoustic_042,51,100,38
string_acoustic_042-051-127,string_acoustic_042,51,127,38
string_acoustic_043-051-025,string_acoustic_043,51,25,38
string_acoustic_043-051-050,string_acoustic_043,51,50,38
string_acoustic_043-051-075,string_acoustic_043,51,75,38
string_acoustic_043-051-100,string_acoustic_043,51,100,38
string_acoustic_043-051-127,string_acoustic_043,51,127,38
string_acoustic_044-051-025,string_acoustic_044,51,25,38
string_acoustic_044-051-050,string_acoustic_044,51,50,38
string_acoustic_044-051-075,string_acoustic_044,51,75,38
string_acoustic_044-051-100,string_acoustic_044,51,100,38
string_acoustic_044-051-127,string_acoustic_044,51,127,38
string_acoustic_045-051-025,string_acoustic_045,51,25,38
string_acoustic_045-051-050,string_acoustic_045,51,50,38
string_acoustic_045-051-075,string_acoustic_045,51,75,38
string_acoustic_045-051-100,string_acoustic_045,51,100,38
string_acoustic_045-051-127,string_acoustic_045,51,127,38
string_acoustic_048-051-025,string_acoustic_048,51,25,38
string_acoustic_048-051-050,string_acoustic_048,51,50,38
string_acoustic_048-051-075,string_acoustic_048,51,75,38
string_acoustic_048-051-100,string_acoustic_048,51,100,38
string_acoustic_048-051-127,string_acoustic_048,51,127,38
string_acoustic_049-051-025,string_acoustic_049,51,25,38
string_acoustic_049-051-050,string_acoustic_049,51,50,38
string_acoustic_049-051-075,string_acoustic_049,51,75,38
string_acoustic_049-051-100,string_acoustic_049,51,100,38
string_acoustic_049-051-127,string_acoustic_049,51,127,38
string_acoustic_051-051-025,string_acoustic_051,51,25,38
string_acoustic_051-051-050,string_acoustic_051,51,50,38
string_acoustic_051-051-075,string_acoustic_051,51,75,38
string_acoustic_051-051-100,string_acoustic_051,51,100,38
string_acoustic_051-051-127,string_acoustic_051,51,127,38
string_acoustic_052-051-025,string_acoustic_052,51,25,38
string_acoustic_052-051-050,string_acoustic_052,51,50,38
string_acoustic_052-051-075,string_acoustic_052,51,75,38
string_acoustic_052-051-100,string_acoustic_052,51,100,38
string_acoustic_052-051-127,string_acoustic_052,51,127,38
string_acoustic_053-051-025,string_acoustic_053,51,25,24
string_acoustic_053-051-050,string_acoustic_053,51,50,24
string_acoustic_053-051-075,string_acoustic_053,51,75,24
string_acoustic_053-051-100,string_acoustic_053,51,100,24
string_acoustic_054-051-025,string_acoustic_054,51,25,38
string_acoustic_054-051-050,string_acoustic_054,51,50,38
string_acoustic_054-051-075,string_acoustic_054,51,75,38
string_acoustic_054-051-100,string_acoustic_054,51,100,38
string_acoustic_054-051-127,string_acoustic_054,51,127,38
string_acoustic_059-051-025,string_acoustic_059,51,25,38
string_acoustic_059-051-050,string_acoustic_059,51,50,38
string_acoustic_059-051-075,string_acoustic_059,51,75,38
string_acoustic_059-051-100,string_acoustic_059,51,100,38
string_acoustic_059-051-127,string_acoustic_059,51,127,38
string_acoustic_060-051-025,string_acoustic_060,51,25,38
string_acoustic_060-051-050,string_acoustic_060,51,50,38
string_acoustic_060-051-075,string_acoustic_060,51,75,38
string_acoustic_060-051-100,string_acoustic_060,51,100,38
string_acoustic_060-051-127,string_acoustic_060,51,127,38
string_acoustic_061-051-025,string_acoustic_061,51,25,38
string_acoustic_061-051-050,string_acoustic_061,51,50,38
string_acoustic_061-051-075,string_acoustic_061,51,75,38
string_acoustic_061-051-100,string_acoustic_061,51,100,38
string_acoustic_061-051-127,string_acoustic_061,51,127,38
string_acoustic_063-051-025,string_acoustic_063,51,25,38
string_acoustic_063-051-050,string_acoustic_063,51,50,38
string_acoustic_063-051-075,string_acoustic_063,51,75,38
string_acoustic_063-051-100,string_acoustic_063,51,100,38
string_acoustic_063-051-127,string_acoustic_063,51,127,38
string_acoustic_064-051-025,string_acoustic_064,51,25,38
string_acoustic_064-051-050,string_acoustic_064,51,50,38
string_acoustic_064-051-075,string_acoustic_064,51,75,38
string_acoustic_064-051-100,string_acoustic_064,51,100,38
string_acoustic_064-051-127,string_acoustic_064,51,127,38
string_acoustic_068-051-025,string_acoustic_068,51,25,38
string_acoustic_068-051-050,string_acoustic_068,51,50,38
string_acoustic_068-051-075,string_acoustic_068,51,75,38
string_acoustic_068-051-100,string_acoustic_068,51,100,38
string_acoustic_068-051-127,string_acoustic_068,51,127,38
string_acoustic_069-051-025,string_acoustic_069,51,25,38
string_acoustic_069-051-050,string_acoustic_069,51,50,38
string_acoustic_069-051-075,string_acoustic_069,51,75,38
string_acoustic_069-051-100,string_acoustic_069,51,100,38
string_acoustic_069-051-127,string_acoustic_069,51,127,38
string_acoustic_073-051-025,string_acoustic_073,51,25,38
string_acoustic_073-051-050,string_acoustic_073,51,50,38
string_acoustic_073-051-075,string_acoustic_073,51,75,38
string_acoustic_073-051-100,string_acoustic_073,51,100,38
string_acoustic_073-051-127,string_acoustic_073,51,127,38
string_acoustic_074-051-025,string_acoustic_074,51,25,38
string_acoustic_074-051-050,string_acoustic_074,51,50,38
string_acoustic_074-051-075,string_acoustic_074,51,75,38
string_acoustic_074-051-100,string_acoustic_074,51,100,38
string_acoustic_074-051-127,string_acoustic_074,51,127,38
string_acoustic_076-051-025,string_acoustic_076,51,25,38
string_acoustic_076-051-050,string_acoustic_076,51,50,38
string_acoustic_076-051-075,string_acoustic_076,51,75,38
string_acoustic_076-051-100,string_acoustic_076,51,100,38
string_acoustic_076-051-127,string_acoustic_076,51,127,38
string_acoustic_077-051-025,string_acoustic_077,51,25,38
string_acoustic_077-051-050,string_acoustic_077,51,50,38
string_acoustic_077-051-075,string_acoustic_077,51,75,38
string_acoustic_077-051-100,string_acoustic_077,51,100,38
string_acoustic_077-051-127,string_acoustic_077,51,127,38
string_acoustic_079-051-025,string_acoustic_079,51,25,28
string_acoustic_079-051-050,string_acoustic_079,51,50,28
string_acoustic_079-051-100,string_acoustic_079,51,100,31
string_acoustic_079-051-127,string_acoustic_079,51,127,31
string_acoustic_081-051-025,string_acoustic_081,51,25,28
string_acoustic_081-051-050,string_acoustic_081,51,50,28
string_acoustic_081-051-100,string_acoustic_081,51,100,31
string_acoustic_081-051-127,string_acoustic_081,51,127,31
string_acoustic_082-051-025,string_acoustic_082,51,25,38
string_acoustic_082-051-050,string_acoustic_082,51,50,38
string_acoustic_082-051-075,string_acoustic_082,51,75,38
string_acoustic_082-051-100,string_acoustic_082,51,100,38
string_acoustic_082-051-127,string_acoustic_082,51,127,38
string_acoustic_083-051-025,string_acoustic_083,51,25,38
string_acoustic_083-051-050,string_acoustic_083,51,50,38
string_acoustic_083-051-075,string_acoustic_083,51,75,38
string_acoustic_083-051-100,string_acoustic_083,51,100,38
string_acoustic_083-051-127,string_acoustic_083,51,127,38
string_acoustic_086-051-025,string_acoustic_086,51,25,38
string_acoustic_086-051-050,string_acoustic_086,51,50,38
string_acoustic_086-051-075,string_acoustic_086,51,75,38
string_acoustic_086-051-100,string_acoustic_086,51,100,38
string_acoustic_086-051-127,string_acoustic_086,51,127,38
string_acoustic_087-051-025,string_acoustic_087,51,25,38
string_acoustic_087-051-050,string_acoustic_087,51,50,38
string_acoustic_087-051-075,string_acoustic_087,51,75,38
string_acoustic_087-051-100,string_acoustic_087,51,100,38
string_acoustic_087-051-127,string_acoustic_087,51,127,38
string_acoustic_089-051-025,string_acoustic_089,51,25,38
string_acoustic_089-051-050,string_acoustic_089,51,50,38
string_acoustic_089-051-075,string_acoustic_089,51,75,38
string_acoustic_089-051-100,string_acoustic_089,51,100,38
string_acoustic_089-051-127,string_acoustic_089,51,127,38
string_acoustic_000-052-025,string_acoustic_000,52,25,36
string_acoustic_000-052-050,string_acoustic_000,52,50,36
string_acoustic_000-052-075,string_acoustic_000,52,75,36
string_acoustic_000-052-100,string_acoustic_000,52,100,38
string_acoustic_000-052-127,string_acoustic_000,52,127,38
string_acoustic_001-052-025,string_acoustic_001,52,25,38
string_acoustic_001-052-050,string_acoustic_001,52,50,38
string_acoustic_001-052-075,string_acoustic_001,52,75,38
string_acoustic_001-052-100,string_acoustic_001,52,100,38
string_acoustic_001-052-127,string_acoustic_001,52,127,38
string_acoustic_002-052-025,string_acoustic_002,52,25,38
string_acoustic_002-052-050,string_acoustic_002,52,50,38
string_acoustic_002-052-075,string_acoustic_002,52,75,38
string_acoustic_002-052-100,string_acoustic_002,52,100,31
string_acoustic_002-052-127,string_acoustic_002,52,127,29
string_acoustic_005-052-127,string_acoustic_005,52,127,26
string_acoustic_007-052-025,string_acoustic_007,52,25,38
string_acoustic_007-052-050,string_acoustic_007,52,50,38
string_acoustic_007-052-075,string_acoustic_007,52,75,38
string_acoustic_007-052-100,string_acoustic_007,52,100,38
string_acoustic_007-052-127,string_acoustic_007,52,127,38
string_acoustic_008-052-025,string_acoustic_008,52,25,38
string_acoustic_008-052-050,string_acoustic_008,52,50,38
string_acoustic_008-052-075,string_acoustic_008,52,75,38
string_acoustic_008-052-100,string_acoustic_008,52,100,38
string_acoustic_008-052-127,string_acoustic_008,52,127,38
string_acoustic_009-052-025,string_acoustic_009,52,25,38
string_acoustic_009-052-050,string_acoustic_009,52,50,38
string_acoustic_009-052-075,string_acoustic_009,52,75,38
string_acoustic_009-052-100,string_acoustic_009,52,100,38
string_acoustic_009-052-127,string_acoustic_009,52,127,38
string_acoustic_011-052-025,string_acoustic_011,52,25,38
string_acoustic_011-052-050,string_acoustic_011,52,50,38
string_acoustic_011-052-075,string_acoustic_011,52,75,38
string_acoustic_011-052-100,string_acoustic_011,52,100,38
string_acoustic_011-052-127,string_acoustic_011,52,127,38
string_acoustic_013-052-025,string_acoustic_013,52,25,38
string_acoustic_013-052-050,string_acoustic_013,52,50,38
string_acoustic_013-052-075,string_acoustic_013,52,75,38
string_acoustic_013-052-100,string_acoustic_013,52,100,38
string_acoustic_013-052-127,string_acoustic_013,52,127,38
string_acoustic_015-052-025,string_acoustic_015,52,25,38
string_acoustic_015-052-050,string_acoustic_015,52,50,38
string_acoustic_015-052-075,string_acoustic_015,52,75,38
string_acoustic_015-052-100,string_acoustic_015,52,100,38
string_acoustic_015-052-127,string_acoustic_015,52,127,38
string_acoustic_016-052-025,string_acoustic_016,52,25,38
string_acoustic_016-052-050,string_acoustic_016,52,50,38
string_acoustic_016-052-075,string_acoustic_016,52,75,38
string_acoustic_016-052-100,string_acoustic_016,52,100,38
string_acoustic_016-052-127,string_acoustic_016,52,127,38
string_acoustic_017-052-025,string_acoustic_017,52,25,38
string_acoustic_017-052-050,string_acoustic_017,52,50,38
string_acoustic_017-052-075,string_acoustic_017,52,75,38
string_acoustic_017-052-100,string_acoustic_017,52,100,38
string_acoustic_017-052-127,string_acoustic_017,52,127,38
string_acoustic_018-052-025,string_acoustic_018,52,25,38
string_acoustic_018-052-050,string_acoustic_018,52,50,38
string_acoustic_018-052-075,string_acoustic_018,52,75,38
string_acoustic_018-052-100,string_acoustic_018,52,100,38
string_acoustic_018-052-127,string_acoustic_018,52,127,38
string_acoustic_019-052-025,string_acoustic_019,52,25,38
string_acoustic_019-052-050,string_acoustic_019,52,50,38
string_acoustic_019-052-075,string_acoustic_019,52,75,38
string_acoustic_019-052-100,string_acoustic_019,52,100,38
string_acoustic_019-052-127,string_acoustic_019,52,127,38
string_acoustic_020-052-025,string_acoustic_020,52,25,38
string_acoustic_020-052-050,string_acoustic_020,52,50,38
string_acoustic_020-052-075,string_acoustic_020,52,75,38
string_acoustic_020-052-100,string_acoustic_020,52,100,38
string_acoustic_020-052-127,string_acoustic_020,52,127,38
string_acoustic_021-052-025,string_acoustic_021,52,25,38
string_acoustic_021-052-050,string_acoustic_021,52,50,38
string_acoustic_021-052-075,string_acoustic_021,52,75,38
string_acoustic_021-052-100,string_acoustic_021,52,100,38
string_acoustic_021-052-127,string_acoustic_021,52,127,38
string_acoustic_022-052-025,string_acoustic_022,52,25,38
string_acoustic_022-052-050,string_acoustic_022,52,50,38
string_acoustic_022-052-075,string_acoustic_022,52,75,38
string_acoustic_022-052-100,string_acoustic_022,52,100,38
string_acoustic_022-052-127,string_acoustic_022,52,127,38
string_acoustic_023-052-025,string_acoustic_023,52,25,38
string_acoustic_023-052-050,string_acoustic_023,52,50,38
string_acoustic_023-052-075,string_acoustic_023,52,75,38
string_acoustic_023-052-100,string_acoustic_023,52,100,38
string_acoustic_023-052-127,string_acoustic_023,52,127,38
string_acoustic_024-052-025,string_acoustic_024,52,25,38
string_acoustic_024-052-050,string_acoustic_024,52,50,38
string_acoustic_024-052-075,string_acoustic_024,52,75,38
string_acoustic_024-052-100,string_acoustic_024,52,100,38
string_acoustic_024-052-127,string_acoustic_024,52,127,38
string_acoustic_028-052-025,string_acoustic_028,52,25,37
string_acoustic_028-052-050,string_acoustic_028,52,50,37
string_acoustic_028-052-075,string_acoustic_028,52,75,37
string_acoustic_028-052-100,string_acoustic_028,52,100,38
string_acoustic_028-052-127,string_acoustic_028,52,127,38
string_acoustic_029-052-025,string_acoustic_029,52,25,38
string_acoustic_029-052-050,string_acoustic_029,52,50,38
string_acoustic_029-052-075,string_acoustic_029,52,75,38
string_acoustic_029-052-100,string_acoustic_029,52,100,38
string_acoustic_029-052-127,string_acoustic_029,52,127,38
string_acoustic_030-052-025,string_acoustic_030,52,25,38
string_acoustic_030-052-050,string_acoustic_030,52,50,38
string_acoustic_030-052-075,string_acoustic_030,52,75,38
string_acoustic_030-052-100,string_acoustic_030,52,100,38
string_acoustic_030-052-127,string_acoustic_030,52,127,38
string_acoustic_033-052-025,string_acoustic_033,52,25,38
string_acoustic_033-052-050,string_acoustic_033,52,50,38
string_acoustic_033-052-075,string_acoustic_033,52,75,38
string_acoustic_033-052-100,string_acoustic_033,52,100,38
string_acoustic_033-052-127,string_acoustic_033,52,127,38
string_acoustic_037-052-025,string_acoustic_037,52,25,38
string_acoustic_037-052-050,string_acoustic_037,52,50,38
string_acoustic_037-052-075,string_acoustic_037,52,75,38
string_acoustic_037-052-100,string_acoustic_037,52,100,38
string_acoustic_037-052-127,string_acoustic_037,52,127,38
string_acoustic_038-052-127,string_acoustic_038,52,127,26
string_acoustic_039-052-025,string_acoustic_039,52,25,37
string_acoustic_039-052-050,string_acoustic_039,52,50,37
string_acoustic_039-052-075,string_acoustic_039,52,75,35
string_acoustic_039-052-100,string_acoustic_039,52,100,38
string_acoustic_039-052-127,string_acoustic_039,52,127,38
string_acoustic_040-052-025,string_acoustic_040,52,25,38
string_acoustic_040-052-050,string_acoustic_040,52,50,38
string_acoustic_040-052-075,string_acoustic_040,52,75,38
string_acoustic_040-052-100,string_acoustic_040,52,100,38
string_acoustic_040-052-127,string_acoustic_040,52,127,38
string_acoustic_042-052-025,string_acoustic_042,52,25,38
string_acoustic_042-052-050,string_acoustic_042,52,50,38
string_acoustic_042-052-075,string_acoustic_042,52,75,38
string_acoustic_042-052-100,string_acoustic_042,52,100,38
string_acoustic_042-052-127,string_acoustic_042,52,127,38
string_acoustic_043-052-025,string_acoustic_043,52,25,38
string_acoustic_043-052-050,string_acoustic_043,52,50,38
string_acoustic_043-052-075,string_acoustic_043,52,75,38
string_acoustic_043-052-100,string_acoustic_043,52,100,38
string_acoustic_043-052-127,string_acoustic_043,52,127,38
string_acoustic_044-052-025,string_acoustic_044,52,25,38
string_acoustic_044-052-050,string_acoustic_044,52,50,38
string_acoustic_044-052-075,string_acoustic_044,52,75,38
string_acoustic_044-052-100,string_acoustic_044,52,100,38
string_acoustic_044-052-127,string_acoustic_044,52,127,38
string_acoustic_045-052-025,string_acoustic_045,52,25,38
string_acoustic_045-052-050,string_acoustic_045,52,50,38
string_acoustic_045-052-075,string_acoustic_045,52,75,38
string_acoustic_045-052-100,string_acoustic_045,52,100,38
string_acoustic_045-052-127,string_acoustic_045,52,127,38
string_acoustic_048-052-025,string_acoustic_048,52,25,38
string_acoustic_048-052-050,string_acoustic_048,52,50,38
string_acoustic_048-052-075,string_acoustic_048,52,75,38
string_acoustic_048-052-100,string_acoustic_048,52,100,38
string_acoustic_048-052-127,string_acoustic_048,52,127,38
string_acoustic_049-052-025,string_acoustic_049,52,25,38
string_acoustic_049-052-050,string_acoustic_049,52,50,38
string_acoustic_049-052-075,string_acoustic_049,52,75,38
string_acoustic_049-052-100,string_acoustic_049,52,100,38
string_acoustic_049-052-127,string_acoustic_049,52,127,38
string_acoustic_051-052-025,string_acoustic_051,52,25,38
string_acoustic_051-052-050,string_acoustic_051,52,50,38
string_acoustic_051-052-075,string_acoustic_051,52,75,38
string_acoustic_051-052-100,string_acoustic_051,52,100,38
string_acoustic_051-052-127,string_acoustic_051,52,127,38
string_acoustic_052-052-025,string_acoustic_052,52,25,38
string_acoustic_052-052-050,string_acoustic_052,52,50,38
string_acoustic_052-052-075,string_acoustic_052,52,75,38
string_acoustic_052-052-100,string_acoustic_052,52,100,38
string_acoustic_052-052-127,string_acoustic_052,52,127,38
string_acoustic_054-052-025,string_acoustic_054,52,25,38
string_acoustic_054-052-050,string_acoustic_054,52,50,38
string_acoustic_054-052-075,string_acoustic_054,52,75,38
string_acoustic_054-052-100,string_acoustic_054,52,100,38
string_acoustic_054-052-127,string_acoustic_054,52,127,38
string_acoustic_059-052-025,string_acoustic_059,52,25,38
string_acoustic_059-052-050,string_acoustic_059,52,50,38
string_acoustic_059-052-075,string_acoustic_059,52,75,38
string_acoustic_059-052-100,string_acoustic_059,52,100,38
string_acoustic_059-052-127,string_acoustic_059,52,127,38
string_acoustic_060-052-025,string_acoustic_060,52,25,38
string_acoustic_060-052-050,string_acoustic_060,52,50,38
string_acoustic_060-052-075,string_acoustic_060,52,75,38
string_acoustic_060-052-100,string_acoustic_060,52,100,38
string_acoustic_060-052-127,string_acoustic_060,52,127,38
string_acoustic_061-052-025,string_acoustic_061,52,25,38
string_acoustic_061-052-050,string_acoustic_061,52,50,38
string_acoustic_061-052-075,string_acoustic_061,52,75,38
string_acoustic_061-052-100,string_acoustic_061,52,100,38
string_acoustic_061-052-127,string_acoustic_061,52,127,38
string_acoustic_063-052-025,string_acoustic_063,52,25,38
string_acoustic_063-052-050,string_acoustic_063,52,50,38
string_acoustic_063-052-075,string_acoustic_063,52,75,38
string_acoustic_063-052-100,string_acoustic_063,52,100,38
string_acoustic_063-052-127,string_acoustic_063,52,127,38
string_acoustic_064-052-025,string_acoustic_064,52,25,38
string_acoustic_064-052-050,string_acoustic_064,52,50,38
string_acoustic_064-052-075,string_acoustic_064,52,75,38
string_acoustic_064-052-100,string_acoustic_064,52,100,38
string_acoustic_064-052-127,string_acoustic_064,52,127,38
string_acoustic_068-052-025,string_acoustic_068,52,25,38
string_acoustic_068-052-050,string_acoustic_068,52,50,38
string_acoustic_068-052-075,string_acoustic_068,52,75,38
string_acoustic_068-052-100,string_acoustic_068,52,100,37
string_acoustic_068-052-127,string_acoustic_068,52,127,37
string_acoustic_069-052-025,string_acoustic_069,52,25,38
string_acoustic_069-052-050,string_acoustic_069,52,50,38
string_acoustic_069-052-075,string_acoustic_069,52,75,38
string_acoustic_069-052-100,string_acoustic_069,52,100,38
string_acoustic_069-052-127,string_acoustic_069,52,127,38
string_acoustic_072-052-025,string_acoustic_072,52,25,38
string_acoustic_072-052-050,string_acoustic_072,52,50,38
string_acoustic_073-052-025,string_acoustic_073,52,25,38
string_acoustic_073-052-050,string_acoustic_073,52,50,38
string_acoustic_073-052-075,string_acoustic_073,52,75,38
string_acoustic_073-052-100,string_acoustic_073,52,100,38
string_acoustic_073-052-127,string_acoustic_073,52,127,38
string_acoustic_074-052-025,string_acoustic_074,52,25,38
string_acoustic_074-052-050,string_acoustic_074,52,50,38
string_acoustic_074-052-075,string_acoustic_074,52,75,38
string_acoustic_074-052-100,string_acoustic_074,52,100,38
string_acoustic_074-052-127,string_acoustic_074,52,127,38
string_acoustic_076-052-025,string_acoustic_076,52,25,38
string_acoustic_076-052-050,string_acoustic_076,52,50,38
string_acoustic_076-052-075,string_acoustic_076,52,75,38
string_acoustic_076-052-100,string_acoustic_076,52,100,38
string_acoustic_076-052-127,string_acoustic_076,52,127,38
string_acoustic_077-052-025,string_acoustic_077,52,25,38
string_acoustic_077-052-050,string_acoustic_077,52,50,38
string_acoustic_077-052-075,string_acoustic_077,52,75,38
string_acoustic_077-052-100,string_acoustic_077,52,100,38
string_acoustic_077-052-127,string_acoustic_077,52,127,38
string_acoustic_079-052-025,string_acoustic_079,52,25,26
string_acoustic_079-052-050,string_acoustic_079,52,50,26
string_acoustic_081-052-025,string_acoustic_081,52,25,26
string_acoustic_081-052-050,string_acoustic_081,52,50,26
string_acoustic_082-052-025,string_acoustic_082,52,25,38
string_acoustic_082-052-050,string_acoustic_082,52,50,38
string_acoustic_082-052-075,string_acoustic_082,52,75,38
string_acoustic_082-052-100,string_acoustic_082,52,100,38
string_acoustic_082-052-127,string_acoustic_082,52,127,38
string_acoustic_083-052-025,string_acoustic_083,52,25,38
string_acoustic_083-052-050,string_acoustic_083,52,50,38
string_acoustic_083-052-075,string_acoustic_083,52,75,38
string_acoustic_083-052-100,string_acoustic_083,52,100,38
string_acoustic_083-052-127,string_acoustic_083,52,127,38
string_acoustic_084-052-127,string_acoustic_084,52,127,34
string_acoustic_086-052-025,string_acoustic_086,52,25,38
string_acoustic_086-052-050,string_acoustic_086,52,50,38
string_acoustic_086-052-075,string_acoustic_086,52,75,38
string_acoustic_086-052-100,string_acoustic_086,52,100,38
string_acoustic_086-052-127,string_acoustic_086,52,127,38
string_acoustic_087-052-025,string_acoustic_087,52,25,38
string_acoustic_087-052-050,string_acoustic_087,52,50,38
string_acoustic_087-052-075,string_acoustic_087,52,75,38
string_acoustic_087-052-100,string_acoustic_087,52,100,38
string_acoustic_087-052-127,string_acoustic_087,52,127,38
string_acoustic_089-052-025,string_acoustic_089,52,25,38
string_acoustic_089-052-050,string_acoustic_089,52,50,38
string_acoustic_089-052-075,string_acoustic_089,52,75,38
string_acoustic_089-052-100,string_acoustic_089,52,100,38
string_acoustic_089-052-127,string_acoustic_089,52,127,38
string_acoustic_000-053-025,string_acoustic_000,53,25,29
string_acoustic_000-053-050,string_acoustic_000,53,50,29
string_acoustic_000-053-075,string_acoustic_000,53,75,29
string_acoustic_000-053-100,string_acoustic_000,53,100,34
string_acoustic_000-053-127,string_acoustic_000,53,127,34
string_acoustic_001-053-025,string_acoustic_001,53,25,38
string_acoustic_001-053-050,string_acoustic_001,53,50,38
string_acoustic_001-053-075,string_acoustic_001,53,75,38
string_acoustic_001-053-100,string_acoustic_001,53,100,38
string_acoustic_001-053-127,string_acoustic_001,53,127,38
string_acoustic_002-053-025,string_acoustic_002,53,25,31
string_acoustic_002-053-050,string_acoustic_002,53,50,31
string_acoustic_002-053-075,string_acoustic_002,53,75,33
string_acoustic_002-053-100,string_acoustic_002,53,100,38
string_acoustic_002-053-127,string_acoustic_002,53,127,38
string_acoustic_005-053-127,string_acoustic_005,53,127,25
string_acoustic_007-053-025,string_acoustic_007,53,25,38
string_acoustic_007-053-050,string_acoustic_007,53,50,38
string_acoustic_007-053-075,string_acoustic_007,53,75,38
string_acoustic_007-053-100,string_acoustic_007,53,100,38
string_acoustic_007-053-127,string_acoustic_007,53,127,38
string_acoustic_008-053-025,string_acoustic_008,53,25,38
string_acoustic_008-053-050,string_acoustic_008,53,50,38
string_acoustic_008-053-075,string_acoustic_008,53,75,38
string_acoustic_008-053-100,string_acoustic_008,53,100,38
string_acoustic_008-053-127,string_acoustic_008,53,127,38
string_acoustic_009-053-025,string_acoustic_009,53,25,38
string_acoustic_009-053-050,string_acoustic_009,53,50,38
string_acoustic_009-053-075,string_acoustic_009,53,75,38
string_acoustic_009-053-100,string_acoustic_009,53,100,38
string_acoustic_009-053-127,string_acoustic_009,53,127,38
string_acoustic_011-053-025,string_acoustic_011,53,25,38
string_acoustic_011-053-050,string_acoustic_011,53,50,38
string_acoustic_011-053-075,string_acoustic_011,53,75,38
string_acoustic_011-053-100,string_acoustic_011,53,100,38
string_acoustic_011-053-127,string_acoustic_011,53,127,38
string_acoustic_013-053-025,string_acoustic_013,53,25,38
string_acoustic_013-053-050,string_acoustic_013,53,50,38
string_acoustic_013-053-075,string_acoustic_013,53,75,38
string_acoustic_013-053-100,string_acoustic_013,53,100,38
string_acoustic_013-053-127,string_acoustic_013,53,127,38
string_acoustic_015-053-025,string_acoustic_015,53,25,38
string_acoustic_015-053-050,string_acoustic_015,53,50,38
string_acoustic_015-053-075,string_acoustic_015,53,75,38
string_acoustic_015-053-100,string_acoustic_015,53,100,38
string_acoustic_015-053-127,string_acoustic_015,53,127,38
string_acoustic_016-053-025,string_acoustic_016,53,25,38
string_acoustic_016-053-050,string_acoustic_016,53,50,38
string_acoustic_016-053-075,string_acoustic_016,53,75,38
string_acoustic_016-053-100,string_acoustic_016,53,100,38
string_acoustic_016-053-127,string_acoustic_016,53,127,38
string_acoustic_017-053-025,string_acoustic_017,53,25,38
string_acoustic_017-053-050,string_acoustic_017,53,50,38
string_acoustic_017-053-075,string_acoustic_017,53,75,38
string_acoustic_017-053-100,string_acoustic_017,53,100,38
string_acoustic_017-053-127,string_acoustic_017,53,127,38
string_acoustic_018-053-025,string_acoustic_018,53,25,38
string_acoustic_018-053-050,string_acoustic_018,53,50,38
string_acoustic_018-053-075,string_acoustic_018,53,75,38
string_acoustic_018-053-100,string_acoustic_018,53,100,38
string_acoustic_018-053-127,string_acoustic_018,53,127,38
string_acoustic_019-053-025,string_acoustic_019,53,25,38
string_acoustic_019-053-050,string_acoustic_019,53,50,38
string_acoustic_019-053-075,string_acoustic_019,53,75,38
string_acoustic_019-053-100,string_acoustic_019,53,100,38
string_acoustic_019-053-127,string_acoustic_019,53,127,38
string_acoustic_020-053-025,string_acoustic_020,53,25,38
string_acoustic_020-053-050,string_acoustic_020,53,50,38
string_acoustic_020-053-075,string_acoustic_020,53,75,38
string_acoustic_020-053-100,string_acoustic_020,53,100,38
string_acoustic_020-053-127,string_acoustic_020,53,127,38
string_acoustic_021-053-025,string_acoustic_021,53,25,38
string_acoustic_021-053-050,string_acoustic_021,53,50,38
string_acoustic_021-053-075,string_acoustic_021,53,75,38
string_acoustic_021-053-100,string_acoustic_021,53,100,38
string_acoustic_021-053-127,string_acoustic_021,53,127,38
string_acoustic_022-053-025,string_acoustic_022,53,25,38
string_acoustic_022-053-050,string_acoustic_022,53,50,38
string_acoustic_022-053-075,string_acoustic_022,53,75,38
string_acoustic_022-053-100,string_acoustic_022,53,100,38
string_acoustic_022-053-127,string_acoustic_022,53,127,38
string_acoustic_023-053-025,string_acoustic_023,53,25,38
string_acoustic_023-053-050,string_acoustic_023,53,50,38
string_acoustic_023-053-075,string_acoustic_023,53,75,38
string_acoustic_023-053-100,string_acoustic_023,53,100,38
string_acoustic_023-053-127,string_acoustic_023,53,127,38
string_acoustic_024-053-025,string_acoustic_024,53,25,38
string_acoustic_024-053-050,string_acoustic_024,53,50,38
string_acoustic_024-053-075,string_acoustic_024,53,75,38
string_acoustic_024-053-100,string_acoustic_024,53,100,38
string_acoustic_024-053-127,string_acoustic_024,53,127,38
string_acoustic_028-053-025,string_acoustic_028,53,25,38
string_acoustic_028-053-050,string_acoustic_028,53,50,38
string_acoustic_028-053-075,string_acoustic_028,53,75,38
string_acoustic_028-053-100,string_acoustic_028,53,100,38
string_acoustic_028-053-127,string_acoustic_028,53,127,38
string_acoustic_029-053-025,string_acoustic_029,53,25,38
string_acoustic_029-053-050,string_acoustic_029,53,50,38
string_acoustic_029-053-075,string_acoustic_029,53,75,38
string_acoustic_029-053-100,string_acoustic_029,53,100,38
string_acoustic_029-053-127,string_acoustic_029,53,127,38
string_acoustic_030-053-025,string_acoustic_030,53,25,38
string_acoustic_030-053-050,string_acoustic_030,53,50,38
string_acoustic_030-053-075,string_acoustic_030,53,75,38
string_acoustic_030-053-100,string_acoustic_030,53,100,38
string_acoustic_030-053-127,string_acoustic_030,53,127,38
string_acoustic_033-053-025,string_acoustic_033,53,25,38
string_acoustic_033-053-050,string_acoustic_033,53,50,38
string_acoustic_033-053-075,string_acoustic_033,53,75,38
string_acoustic_033-053-100,string_acoustic_033,53,100,38
string_acoustic_033-053-127,string_acoustic_033,53,127,38
string_acoustic_037-053-025,string_acoustic_037,53,25,38
string_acoustic_037-053-050,string_acoustic_037,53,50,38
string_acoustic_037-053-075,string_acoustic_037,53,75,38
string_acoustic_037-053-100,string_acoustic_037,53,100,38
string_acoustic_037-053-127,string_acoustic_037,53,127,38
string_acoustic_038-053-127,string_acoustic_038,53,127,25
string_acoustic_039-053-025,string_acoustic_039,53,25,34
string_acoustic_039-053-050,string_acoustic_039,53,50,37
string_acoustic_039-053-075,string_acoustic_039,53,75,38
string_acoustic_039-053-100,string_acoustic_039,53,100,37
string_acoustic_039-053-127,string_acoustic_039,53,127,38
string_acoustic_040-053-025,string_acoustic_040,53,25,38
string_acoustic_040-053-050,string_acoustic_040,53,50,38
string_acoustic_040-053-075,string_acoustic_040,53,75,38
string_acoustic_040-053-100,string_acoustic_040,53,100,38
string_acoustic_040-053-127,string_acoustic_040,53,127,38
string_acoustic_042-053-025,string_acoustic_042,53,25,38
string_acoustic_042-053-050,string_acoustic_042,53,50,38
string_acoustic_042-053-075,string_acoustic_042,53,75,38
string_acoustic_042-053-100,string_acoustic_042,53,100,38
string_acoustic_042-053-127,string_acoustic_042,53,127,38
string_acoustic_043-053-025,string_acoustic_043,53,25,38
string_acoustic_043-053-050,string_acoustic_043,53,50,38
string_acoustic_043-053-075,string_acoustic_043,53,75,38
string_acoustic_043-053-100,string_acoustic_043,53,100,38
string_acoustic_043-053-127,string_acoustic_043,53,127,38
string_acoustic_044-053-025,string_acoustic_044,53,25,38
string_acoustic_044-053-050,string_acoustic_044,53,50,38
string_acoustic_044-053-075,string_acoustic_044,53,75,38
string_acoustic_044-053-100,string_acoustic_044,53,100,38
string_acoustic_044-053-127,string_acoustic_044,53,127,38
string_acoustic_045-053-025,string_acoustic_045,53,25,38
string_acoustic_045-053-050,string_acoustic_045,53,50,38
string_acoustic_045-053-075,string_acoustic_045,53,75,38
string_acoustic_045-053-100,string_acoustic_045,53,100,38
string_acoustic_045-053-127,string_acoustic_045,53,127,38
string_acoustic_048-053-025,string_acoustic_048,53,25,38
string_acoustic_048-053-050,string_acoustic_048,53,50,38
string_acoustic_048-053-075,string_acoustic_048,53,75,38
string_acoustic_048-053-100,string_acoustic_048,53,100,38
string_acoustic_048-053-127,string_acoustic_048,53,127,38
string_acoustic_049-053-025,string_acoustic_049,53,25,38
string_acoustic_049-053-050,string_acoustic_049,53,50,38
string_acoustic_049-053-075,string_acoustic_049,53,75,38
string_acoustic_049-053-100,string_acoustic_049,53,100,38
string_acoustic_049-053-127,string_acoustic_049,53,127,38
string_acoustic_051-053-025,string_acoustic_051,53,25,38
string_acoustic_051-053-050,string_acoustic_051,53,50,38
string_acoustic_051-053-075,string_acoustic_051,53,75,38
string_acoustic_051-053-100,string_acoustic_051,53,100,38
string_acoustic_051-053-127,string_acoustic_051,53,127,38
string_acoustic_052-053-025,string_acoustic_052,53,25,38
string_acoustic_052-053-050,string_acoustic_052,53,50,38
string_acoustic_052-053-075,string_acoustic_052,53,75,38
string_acoustic_052-053-100,string_acoustic_052,53,100,38
string_acoustic_052-053-127,string_acoustic_052,53,127,38
string_acoustic_054-053-025,string_acoustic_054,53,25,38
string_acoustic_054-053-050,string_acoustic_054,53,50,38
string_acoustic_054-053-075,string_acoustic_054,53,75,38
string_acoustic_054-053-100,string_acoustic_054,53,100,38
string_acoustic_054-053-127,string_acoustic_054,53,127,38
string_acoustic_059-053-025,string_acoustic_059,53,25,38
string_acoustic_059-053-050,string_acoustic_059,53,50,38
string_acoustic_059-053-075,string_acoustic_059,53,75,38
string_acoustic_059-053-100,string_acoustic_059,53,100,38
string_acoustic_059-053-127,string_acoustic_059,53,127,38
string_acoustic_060-053-025,string_acoustic_060,53,25,38
string_acoustic_060-053-050,string_acoustic_060,53,50,38
string_acoustic_060-053-075,string_acoustic_060,53,75,38
string_acoustic_060-053-100,string_acoustic_060,53,100,38
string_acoustic_060-053-127,string_acoustic_060,53,127,38
string_acoustic_061-053-025,string_acoustic_061,53,25,38
string_acoustic_061-053-050,string_acoustic_061,53,50,38
string_acoustic_061-053-075,string_acoustic_061,53,75,38
string_acoustic_061-053-100,string_acoustic_061,53,100,38
string_acoustic_061-053-127,string_acoustic_061,53,127,38
string_acoustic_063-053-025,string_acoustic_063,53,25,38
string_acoustic_063-053-050,string_acoustic_063,53,50,38
string_acoustic_063-053-075,string_acoustic_063,53,75,38
string_acoustic_063-053-100,string_acoustic_063,53,100,38
string_acoustic_063-053-127,string_acoustic_063,53,127,38
string_acoustic_064-053-025,string_acoustic_064,53,25,38
string_acoustic_064-053-050,string_acoustic_064,53,50,38
string_acoustic_064-053-075,string_acoustic_064,53,75,38
string_acoustic_064-053-100,string_acoustic_064,53,100,38
string_acoustic_064-053-127,string_acoustic_064,53,127,38
string_acoustic_068-053-025,string_acoustic_068,53,25,34
string_acoustic_068-053-050,string_acoustic_068,53,50,34
string_acoustic_068-053-075,string_acoustic_068,53,75,37
string_acoustic_068-053-100,string_acoustic_068,53,100,38
string_acoustic_068-053-127,string_acoustic_068,53,127,38
string_acoustic_069-053-025,string_acoustic_069,53,25,38
string_acoustic_069-053-050,string_acoustic_069,53,50,38
string_acoustic_069-053-075,string_acoustic_069,53,75,38
string_acoustic_069-053-100,string_acoustic_069,53,100,38
string_acoustic_069-053-127,string_acoustic_069,53,127,38
string_acoustic_072-053-025,string_acoustic_072,53,25,38
string_acoustic_072-053-050,string_acoustic_072,53,50,38
string_acoustic_072-053-100,string_acoustic_072,53,100,32
string_acoustic_072-053-127,string_acoustic_072,53,127,38
string_acoustic_073-053-025,string_acoustic_073,53,25,38
string_acoustic_073-053-050,string_acoustic_073,53,50,38
string_acoustic_073-053-075,string_acoustic_073,53,75,38
string_acoustic_073-053-100,string_acoustic_073,53,100,38
string_acoustic_073-053-127,string_acoustic_073,53,127,38
string_acoustic_074-053-025,string_acoustic_074,53,25,38
string_acoustic_074-053-050,string_acoustic_074,53,50,38
string_acoustic_074-053-075,string_acoustic_074,53,75,38
string_acoustic_074-053-100,string_acoustic_074,53,100,38
string_acoustic_074-053-127,string_acoustic_074,53,127,38
string_acoustic_076-053-025,string_acoustic_076,53,25,38
string_acoustic_076-053-050,string_acoustic_076,53,50,38
string_acoustic_076-053-075,string_acoustic_076,53,75,38
string_acoustic_076-053-100,string_acoustic_076,53,100,38
string_acoustic_076-053-127,string_acoustic_076,53,127,38
string_acoustic_077-053-025,string_acoustic_077,53,25,38
string_acoustic_077-053-050,string_acoustic_077,53,50,38
string_acoustic_077-053-075,string_acoustic_077,53,75,38
string_acoustic_077-053-100,string_acoustic_077,53,100,38
string_acoustic_077-053-127,string_acoustic_077,53,127,38
string_acoustic_082-053-025,string_acoustic_082,53,25,38
string_acoustic_082-053-050,string_acoustic_082,53,50,38
string_acoustic_082-053-075,string_acoustic_082,53,75,38
string_acoustic_082-053-100,string_acoustic_082,53,100,38
string_acoustic_082-053-127,string_acoustic_082,53,127,38
string_acoustic_083-053-025,string_acoustic_083,53,25,38
string_acoustic_083-053-050,string_acoustic_083,53,50,38
string_acoustic_083-053-075,string_acoustic_083,53,75,38
string_acoustic_083-053-100,string_acoustic_083,53,100,38
string_acoustic_083-053-127,string_acoustic_083,53,127,38
string_acoustic_084-053-100,string_acoustic_084,53,100,27
string_acoustic_086-053-025,string_acoustic_086,53,25,38
string_acoustic_086-053-050,string_acoustic_086,53,50,38
string_acoustic_086-053-075,string_acoustic_086,53,75,38
string_acoustic_086-053-100,string_acoustic_086,53,100,38
string_acoustic_086-053-127,string_acoustic_086,53,127,38
string_acoustic_087-053-025,string_acoustic_087,53,25,38
string_acoustic_087-053-050,string_acoustic_087,53,50,38
string_acoustic_087-053-075,string_acoustic_087,53,75,38
string_acoustic_087-053-100,string_acoustic_087,53,100,38
string_acoustic_087-053-127,string_acoustic_087,53,127,38
string_acoustic_089-053-025,string_acoustic_089,53,25,38
string_acoustic_089-053-050,string_acoustic_089,53,50,38
string_acoustic_089-053-075,string_acoustic_089,53,75,38
string_acoustic_089-053-100,string_acoustic_089,53,100,38
string_acoustic_089-053-127,string_acoustic_089,53,127,38
string_acoustic_000-054-025,string_acoustic_000,54,25,38
string_acoustic_000-054-050,string_acoustic_000,54,50,38
string_acoustic_000-054-075,string_acoustic_000,54,75,38
string_acoustic_000-054-100,string_acoustic_000,54,100,35
string_acoustic_000-054-127,string_acoustic_000,54,127,35
string_acoustic_001-054-025,string_acoustic_001,54,25,38
string_acoustic_001-054-050,string_acoustic_001,54,50,38
string_acoustic_001-054-075,string_acoustic_001,54,75,38
string_acoustic_001-054-100,string_acoustic_001,54,100,38
string_acoustic_001-054-127,string_acoustic_001,54,127,38
string_acoustic_002-054-025,string_acoustic_002,54,25,38
string_acoustic_002-054-050,string_acoustic_002,54,50,38
string_acoustic_002-054-075,string_acoustic_002,54,75,35
string_acoustic_002-054-100,string_acoustic_002,54,100,38
string_acoustic_002-054-127,string_acoustic_002,54,127,38
string_acoustic_007-054-025,string_acoustic_007,54,25,38
string_acoustic_007-054-050,string_acoustic_007,54,50,38
string_acoustic_007-054-075,string_acoustic_007,54,75,38
string_acoustic_007-054-100,string_acoustic_007,54,100,38
string_acoustic_007-054-127,string_acoustic_007,54,127,38
string_acoustic_008-054-025,string_acoustic_008,54,25,38
string_acoustic_008-054-050,string_acoustic_008,54,50,38
string_acoustic_008-054-075,string_acoustic_008,54,75,38
string_acoustic_008-054-100,string_acoustic_008,54,100,38
string_acoustic_008-054-127,string_acoustic_008,54,127,38
string_acoustic_009-054-025,string_acoustic_009,54,25,38
string_acoustic_009-054-050,string_acoustic_009,54,50,38
string_acoustic_009-054-075,string_acoustic_009,54,75,38
string_acoustic_009-054-100,string_acoustic_009,54,100,38
string_acoustic_009-054-127,string_acoustic_009,54,127,38
string_acoustic_011-054-025,string_acoustic_011,54,25,38
string_acoustic_011-054-050,string_acoustic_011,54,50,38
string_acoustic_011-054-075,string_acoustic_011,54,75,38
string_acoustic_011-054-100,string_acoustic_011,54,100,38
string_acoustic_011-054-127,string_acoustic_011,54,127,38
string_acoustic_013-054-025,string_acoustic_013,54,25,38
string_acoustic_013-054-050,string_acoustic_013,54,50,38
string_acoustic_013-054-075,string_acoustic_013,54,75,38
string_acoustic_013-054-100,string_acoustic_013,54,100,38
string_acoustic_013-054-127,string_acoustic_013,54,127,38
string_acoustic_015-054-025,string_acoustic_015,54,25,38
string_acoustic_015-054-050,string_acoustic_015,54,50,38
string_acoustic_015-054-075,string_acoustic_015,54,75,38
string_acoustic_015-054-100,string_acoustic_015,54,100,38
string_acoustic_015-054-127,string_acoustic_015,54,127,38
string_acoustic_016-054-025,string_acoustic_016,54,25,38
string_acoustic_016-054-050,string_acoustic_016,54,50,38
string_acoustic_016-054-075,string_acoustic_016,54,75,38
string_acoustic_016-054-100,string_acoustic_016,54,100,38
string_acoustic_016-054-127,string_acoustic_016,54,127,38
string_acoustic_017-054-025,string_acoustic_017,54,25,38
string_acoustic_017-054-050,string_acoustic_017,54,50,38
string_acoustic_017-054-075,string_acoustic_017,54,75,38
string_acoustic_017-054-100,string_acoustic_017,54,100,38
string_acoustic_017-054-127,string_acoustic_017,54,127,38
string_acoustic_018-054-025,string_acoustic_018,54,25,38
string_acoustic_018-054-050,string_acoustic_018,54,50,38
string_acoustic_018-054-075,string_acoustic_018,54,75,38
string_acoustic_018-054-100,string_acoustic_018,54,100,38
string_acoustic_018-054-127,string_acoustic_018,54,127,38
string_acoustic_019-054-025,string_acoustic_019,54,25,38
string_acoustic_019-054-050,string_acoustic_019,54,50,38
string_acoustic_019-054-075,string_acoustic_019,54,75,38
string_acoustic_019-054-100,string_acoustic_019,54,100,38
string_acoustic_019-054-127,string_acoustic_019,54,127,38
string_acoustic_020-054-025,string_acoustic_020,54,25,38
string_acoustic_020-054-050,string_acoustic_020,54,50,38
string_acoustic_020-054-075,string_acoustic_020,54,75,38
string_acoustic_020-054-100,string_acoustic_020,54,100,38
string_acoustic_020-054-127,string_acoustic_020,54,127,38
string_acoustic_021-054-025,string_acoustic_021,54,25,38
string_acoustic_021-054-050,string_acoustic_021,54,50,38
string_acoustic_021-054-075,string_acoustic_021,54,75,38
string_acoustic_021-054-100,string_acoustic_021,54,100,38
string_acoustic_021-054-127,string_acoustic_021,54,127,38
string_acoustic_022-054-025,string_acoustic_022,54,25,38
string_acoustic_022-054-050,string_acoustic_022,54,50,38
string_acoustic_022-054-075,string_acoustic_022,54,75,38
string_acoustic_022-054-100,string_acoustic_022,54,100,38
string_acoustic_022-054-127,string_acoustic_022,54,127,38
string_acoustic_023-054-025,string_acoustic_023,54,25,38
string_acoustic_023-054-050,string_acoustic_023,54,50,38
string_acoustic_023-054-075,string_acoustic_023,54,75,38
string_acoustic_023-054-100,string_acoustic_023,54,100,38
string_acoustic_023-054-127,string_acoustic_023,54,127,38
string_acoustic_024-054-025,string_acoustic_024,54,25,38
string_acoustic_024-054-050,string_acoustic_024,54,50,38
string_acoustic_024-054-075,string_acoustic_024,54,75,38
string_acoustic_024-054-100,string_acoustic_024,54,100,38
string_acoustic_024-054-127,string_acoustic_024,54,127,38
string_acoustic_028-054-025,string_acoustic_028,54,25,38
string_acoustic_028-054-050,string_acoustic_028,54,50,38
string_acoustic_028-054-075,string_acoustic_028,54,75,38
string_acoustic_028-054-100,string_acoustic_028,54,100,36
string_acoustic_028-054-127,string_acoustic_028,54,127,36
string_acoustic_029-054-025,string_acoustic_029,54,25,38
string_acoustic_029-054-050,string_acoustic_029,54,50,38
string_acoustic_029-054-075,string_acoustic_029,54,75,38
string_acoustic_029-054-100,string_acoustic_029,54,100,38
string_acoustic_029-054-127,string_acoustic_029,54,127,38
string_acoustic_030-054-025,string_acoustic_030,54,25,38
string_acoustic_030-054-050,string_acoustic_030,54,50,38
string_acoustic_030-054-075,string_acoustic_030,54,75,38
string_acoustic_030-054-100,string_acoustic_030,54,100,38
string_acoustic_030-054-127,string_acoustic_030,54,127,38
string_acoustic_033-054-025,string_acoustic_033,54,25,38
string_acoustic_033-054-050,string_acoustic_033,54,50,38
string_acoustic_033-054-075,string_acoustic_033,54,75,38
string_acoustic_033-054-100,string_acoustic_033,54,100,38
string_acoustic_033-054-127,string_acoustic_033,54,127,38
string_acoustic_037-054-025,string_acoustic_037,54,25,38
string_acoustic_037-054-050,string_acoustic_037,54,50,38
string_acoustic_037-054-075,string_acoustic_037,54,75,38
string_acoustic_037-054-100,string_acoustic_037,54,100,38
string_acoustic_037-054-127,string_acoustic_037,54,127,38
string_acoustic_040-054-025,string_acoustic_040,54,25,38
string_acoustic_040-054-050,string_acoustic_040,54,50,38
string_acoustic_040-054-075,string_acoustic_040,54,75,38
string_acoustic_040-054-100,string_acoustic_040,54,100,38
string_acoustic_040-054-127,string_acoustic_040,54,127,38
string_acoustic_042-054-025,string_acoustic_042,54,25,38
string_acoustic_042-054-050,string_acoustic_042,54,50,38
string_acoustic_042-054-075,string_acoustic_042,54,75,38
string_acoustic_042-054-100,string_acoustic_042,54,100,38
string_acoustic_042-054-127,string_acoustic_042,54,127,38
string_acoustic_043-054-025,string_acoustic_043,54,25,38
string_acoustic_043-054-050,string_acoustic_043,54,50,38
string_acoustic_043-054-075,string_acoustic_043,54,75,38
string_acoustic_043-054-100,string_acoustic_043,54,100,38
string_acoustic_043-054-127,string_acoustic_043,54,127,38
string_acoustic_044-054-025,string_acoustic_044,54,25,38
string_acoustic_044-054-050,string_acoustic_044,54,50,38
string_acoustic_044-054-075,string_acoustic_044,54,75,38
string_acoustic_044-054-100,string_acoustic_044,54,100,38
string_acoustic_044-054-127,string_acoustic_044,54,127,38
string_acoustic_045-054-025,string_acoustic_045,54,25,38
string_acoustic_045-054-050,string_acoustic_045,54,50,38
string_acoustic_045-054-075,string_acoustic_045,54,75,38
string_acoustic_045-054-100,string_acoustic_045,54,100,38
string_acoustic_045-054-127,string_acoustic_045,54,127,38
string_acoustic_048-054-025,string_acoustic_048,54,25,38
string_acoustic_048-054-050,string_acoustic_048,54,50,38
string_acoustic_048-054-075,string_acoustic_048,54,75,38
string_acoustic_048-054-100,string_acoustic_048,54,100,38
string_acoustic_048-054-127,string_acoustic_048,54,127,38
string_acoustic_049-054-025,string_acoustic_049,54,25,38
string_acoustic_049-054-050,string_acoustic_049,54,50,38
string_acoustic_049-054-075,string_acoustic_049,54,75,38
string_acoustic_049-054-100,string_acoustic_049,54,100,38
string_acoustic_049-054-127,string_acoustic_049,54,127,38
string_acoustic_051-054-025,string_acoustic_051,54,25,38
string_acoustic_051-054-050,string_acoustic_051,54,50,38
string_acoustic_051-054-075,string_acoustic_051,54,75,38
string_acoustic_051-054-100,string_acoustic_051,54,100,38
string_acoustic_051-054-127,string_acoustic_051,54,127,38
string_acoustic_052-054-025,string_acoustic_052,54,25,38
string_acoustic_052-054-050,string_acoustic_052,54,50,38
string_acoustic_052-054-075,string_acoustic_052,54,75,38
string_acoustic_052-054-100,string_acoustic_052,54,100,38
string_acoustic_052-054-127,string_acoustic_052,54,127,38
string_acoustic_054-054-025,string_acoustic_054,54,25,38
string_acoustic_054-054-050,string_acoustic_054,54,50,38
string_acoustic_054-054-075,string_acoustic_054,54,75,38
string_acoustic_054-054-100,string_acoustic_054,54,100,38
string_acoustic_054-054-127,string_acoustic_054,54,127,38
string_acoustic_059-054-025,string_acoustic_059,54,25,38
string_acoustic_059-054-050,string_acoustic_059,54,50,38
string_acoustic_059-054-075,string_acoustic_059,54,75,38
string_acoustic_059-054-100,string_acoustic_059,54,100,38
string_acoustic_059-054-127,string_acoustic_059,54,127,38
string_acoustic_060-054-025,string_acoustic_060,54,25,38
string_acoustic_060-054-050,string_acoustic_060,54,50,38
string_acoustic_060-054-075,string_acoustic_060,54,75,38
string_acoustic_060-054-100,string_acoustic_060,54,100,38
string_acoustic_060-054-127,string_acoustic_060,54,127,38
string_acoustic_061-054-025,string_acoustic_061,54,25,38
string_acoustic_061-054-050,string_acoustic_061,54,50,38
string_acoustic_061-054-075,string_acoustic_061,54,75,38
string_acoustic_061-054-100,string_acoustic_061,54,100,38
string_acoustic_061-054-127,string_acoustic_061,54,127,38
string_acoustic_063-054-025,string_acoustic_063,54,25,38
string_acoustic_063-054-050,string_acoustic_063,54,50,38
string_acoustic_063-054-075,string_acoustic_063,54,75,38
string_acoustic_063-054-100,string_acoustic_063,54,100,38
string_acoustic_063-054-127,string_acoustic_063,54,127,38
string_acoustic_064-054-025,string_acoustic_064,54,25,38
string_acoustic_064-054-050,string_acoustic_064,54,50,38
string_acoustic_064-054-075,string_acoustic_064,54,75,38
string_acoustic_064-054-100,string_acoustic_064,54,100,38
string_acoustic_064-054-127,string_acoustic_064,54,127,38
string_acoustic_068-054-025,string_acoustic_068,54,25,38
string_acoustic_068-054-050,string_acoustic_068,54,50,38
string_acoustic_068-054-075,string_acoustic_068,54,75,37
string_acoustic_068-054-100,string_acoustic_068,54,100,38
string_acoustic_068-054-127,string_acoustic_068,54,127,38
string_acoustic_069-054-025,string_acoustic_069,54,25,38
string_acoustic_069-054-050,string_acoustic_069,54,50,38
string_acoustic_069-054-075,string_acoustic_069,54,75,38
string_acoustic_069-054-100,string_acoustic_069,54,100,38
string_acoustic_069-054-127,string_acoustic_069,54,127,38
string_acoustic_073-054-025,string_acoustic_073,54,25,38
string_acoustic_073-054-050,string_acoustic_073,54,50,38
string_acoustic_073-054-075,string_acoustic_073,54,75,38
string_acoustic_073-054-100,string_acoustic_073,54,100,38
string_acoustic_073-054-127,string_acoustic_073,54,127,38
string_acoustic_074-054-025,string_acoustic_074,54,25,38
string_acoustic_074-054-050,string_acoustic_074,54,50,38
string_acoustic_074-054-075,string_acoustic_074,54,75,38
string_acoustic_074-054-100,string_acoustic_074,54,100,38
string_acoustic_074-054-127,string_acoustic_074,54,127,38
string_acoustic_076-054-025,string_acoustic_076,54,25,38
string_acoustic_076-054-050,string_acoustic_076,54,50,38
string_acoustic_076-054-075,string_acoustic_076,54,75,38
string_acoustic_076-054-100,string_acoustic_076,54,100,38
string_acoustic_076-054-127,string_acoustic_076,54,127,38
string_acoustic_077-054-025,string_acoustic_077,54,25,38
string_acoustic_077-054-050,string_acoustic_077,54,50,38
string_acoustic_077-054-075,string_acoustic_077,54,75,38
string_acoustic_077-054-100,string_acoustic_077,54,100,38
string_acoustic_077-054-127,string_acoustic_077,54,127,38
string_acoustic_079-054-025,string_acoustic_079,54,25,34
string_acoustic_079-054-050,string_acoustic_079,54,50,34
string_acoustic_081-054-025,string_acoustic_081,54,25,34
string_acoustic_081-054-050,string_acoustic_081,54,50,34
string_acoustic_082-054-025,string_acoustic_082,54,25,38
string_acoustic_082-054-050,string_acoustic_082,54,50,38
string_acoustic_082-054-075,string_acoustic_082,54,75,38
string_acoustic_082-054-100,string_acoustic_082,54,100,38
string_acoustic_082-054-127,string_acoustic_082,54,127,38
string_acoustic_083-054-025,string_acoustic_083,54,25,38
string_acoustic_083-054-050,string_acoustic_083,54,50,38
string_acoustic_083-054-075,string_acoustic_083,54,75,38
string_acoustic_083-054-100,string_acoustic_083,54,100,38
string_acoustic_083-054-127,string_acoustic_083,54,127,38
string_acoustic_086-054-025,string_acoustic_086,54,25,38
string_acoustic_086-054-050,string_acoustic_086,54,50,38
string_acoustic_086-054-075,string_acoustic_086,54,75,38
string_acoustic_086-054-100,string_acoustic_086,54,100,38
string_acoustic_086-054-127,string_acoustic_086,54,127,38
string_acoustic_087-054-025,string_acoustic_087,54,25,38
string_acoustic_087-054-050,string_acoustic_087,54,50,38
string_acoustic_087-054-075,string_acoustic_087,54,75,38
string_acoustic_087-054-100,string_acoustic_087,54,100,38
string_acoustic_087-054-127,string_acoustic_087,54,127,38
string_acoustic_089-054-025,string_acoustic_089,54,25,38
string_acoustic_089-054-050,string_acoustic_089,54,50,38
string_acoustic_089-054-075,string_acoustic_089,54,75,38
string_acoustic_089-054-100,string_acoustic_089,54,100,38
string_acoustic_089-054-127,string_acoustic_089,54,127,38
string_acoustic_001-055-025,string_acoustic_001,55,25,38
string_acoustic_001-055-050,string_acoustic_001,55,50,38
string_acoustic_001-055-075,string_acoustic_001,55,75,38
string_acoustic_001-055-100,string_acoustic_001,55,100,38
string_acoustic_001-055-127,string_acoustic_001,55,127,38
string_acoustic_002-055-025,string_acoustic_002,55,25,35
string_acoustic_002-055-050,string_acoustic_002,55,50,35
string_acoustic_002-055-075,string_acoustic_002,55,75,24
string_acoustic_002-055-127,string_acoustic_002,55,127,22
string_acoustic_003-055-025,string_acoustic_003,55,25,38
string_acoustic_003-055-050,string_acoustic_003,55,50,38
string_acoustic_003-055-075,string_acoustic_003,55,75,38
string_acoustic_003-055-100,string_acoustic_003,55,100,38
string_acoustic_003-055-127,string_acoustic_003,55,127,38
string_acoustic_006-055-025,string_acoustic_006,55,25,38
string_acoustic_006-055-050,string_acoustic_006,55,50,38
string_acoustic_006-055-075,string_acoustic_006,55,75,38
string_acoustic_006-055-100,string_acoustic_006,55,100,38
string_acoustic_006-055-127,string_acoustic_006,55,127,38
string_acoustic_007-055-025,string_acoustic_007,55,25,38
string_acoustic_007-055-050,string_acoustic_007,55,50,38
string_acoustic_007-055-075,string_acoustic_007,55,75,38
string_acoustic_007-055-100,string_acoustic_007,55,100,38
string_acoustic_007-055-127,string_acoustic_007,55,127,38
string_acoustic_008-055-025,string_acoustic_008,55,25,38
string_acoustic_008-055-050,string_acoustic_008,55,50,38
string_acoustic_008-055-075,string_acoustic_008,55,75,38
string_acoustic_008-055-100,string_acoustic_008,55,100,38
string_acoustic_008-055-127,string_acoustic_008,55,127,38
string_acoustic_009-055-025,string_acoustic_009,55,25,38
string_acoustic_009-055-050,string_acoustic_009,55,50,38
string_acoustic_009-055-075,string_acoustic_009,55,75,38
string_acoustic_009-055-100,string_acoustic_009,55,100,38
string_acoustic_009-055-127,string_acoustic_009,55,127,38
string_acoustic_010-055-075,string_acoustic_010,55,75,21
string_acoustic_010-055-100,string_acoustic_010,55,100,21
string_acoustic_011-055-025,string_acoustic_011,55,25,38
string_acoustic_011-055-050,string_acoustic_011,55,50,38
string_acoustic_011-055-075,string_acoustic_011,55,75,38
string_acoustic_011-055-100,string_acoustic_011,55,100,38
string_acoustic_011-055-127,string_acoustic_011,55,127,38
string_acoustic_013-055-025,string_acoustic_013,55,25,38
string_acoustic_013-055-050,string_acoustic_013,55,50,38
string_acoustic_013-055-075,string_acoustic_013,55,75,38
string_acoustic_013-055-100,string_acoustic_013,55,100,38
string_acoustic_013-055-127,string_acoustic_013,55,127,38
string_acoustic_015-055-025,string_acoustic_015,55,25,38
string_acoustic_015-055-050,string_acoustic_015,55,50,38
string_acoustic_015-055-075,string_acoustic_015,55,75,38
string_acoustic_015-055-100,string_acoustic_015,55,100,38
string_acoustic_015-055-127,string_acoustic_015,55,127,38
string_acoustic_016-055-025,string_acoustic_016,55,25,38
string_acoustic_016-055-050,string_acoustic_016,55,50,38
string_acoustic_016-055-075,string_acoustic_016,55,75,38
string_acoustic_016-055-100,string_acoustic_016,55,100,38
string_acoustic_016-055-127,string_acoustic_016,55,127,38
string_acoustic_017-055-025,string_acoustic_017,55,25,38
string_acoustic_017-055-050,string_acoustic_017,55,50,38
string_acoustic_017-055-075,string_acoustic_017,55,75,38
string_acoustic_017-055-100,string_acoustic_017,55,100,38
string_acoustic_017-055-127,string_acoustic_017,55,127,38
string_acoustic_018-055-025,string_acoustic_018,55,25,38
string_acoustic_018-055-050,string_acoustic_018,55,50,38
string_acoustic_018-055-075,string_acoustic_018,55,75,38
string_acoustic_018-055-100,string_acoustic_018,55,100,38
string_acoustic_018-055-127,string_acoustic_018,55,127,38
string_acoustic_019-055-025,string_acoustic_019,55,25,38
string_acoustic_019-055-050,string_acoustic_019,55,50,38
string_acoustic_019-055-075,string_acoustic_019,55,75,38
string_acoustic_019-055-100,string_acoustic_019,55,100,38
string_acoustic_019-055-127,string_acoustic_019,55,127,38
string_acoustic_020-055-025,string_acoustic_020,55,25,38
string_acoustic_020-055-050,string_acoustic_020,55,50,38
string_acoustic_020-055-075,string_acoustic_020,55,75,38
string_acoustic_020-055-100,string_acoustic_020,55,100,38
string_acoustic_020-055-127,string_acoustic_020,55,127,38
string_acoustic_021-055-025,string_acoustic_021,55,25,38
string_acoustic_021-055-050,string_acoustic_021,55,50,38
string_acoustic_021-055-075,string_acoustic_021,55,75,38
string_acoustic_021-055-100,string_acoustic_021,55,100,38
string_acoustic_021-055-127,string_acoustic_021,55,127,38
string_acoustic_022-055-025,string_acoustic_022,55,25,38
string_acoustic_022-055-050,string_acoustic_022,55,50,38
string_acoustic_022-055-075,string_acoustic_022,55,75,38
string_acoustic_022-055-100,string_acoustic_022,55,100,38
string_acoustic_022-055-127,string_acoustic_022,55,127,38
string_acoustic_023-055-025,string_acoustic_023,55,25,38
string_acoustic_023-055-050,string_acoustic_023,55,50,38
string_acoustic_023-055-075,string_acoustic_023,55,75,38
string_acoustic_023-055-100,string_acoustic_023,55,100,38
string_acoustic_023-055-127,string_acoustic_023,55,127,38
string_acoustic_024-055-025,string_acoustic_024,55,25,38
string_acoustic_024-055-050,string_acoustic_024,55,50,38
string_acoustic_024-055-075,string_acoustic_024,55,75,38
string_acoustic_024-055-100,string_acoustic_024,55,100,38
string_acoustic_024-055-127,string_acoustic_024,55,127,38
string_acoustic_026-055-025,string_acoustic_026,55,25,38
string_acoustic_026-055-050,string_acoustic_026,55,50,38
string_acoustic_026-055-075,string_acoustic_026,55,75,38
string_acoustic_026-055-100,string_acoustic_026,55,100,29
string_acoustic_026-055-127,string_acoustic_026,55,127,29
string_acoustic_027-055-075,string_acoustic_027,55,75,21
string_acoustic_027-055-100,string_acoustic_027,55,100,21
string_acoustic_028-055-025,string_acoustic_028,55,25,37
string_acoustic_028-055-050,string_acoustic_028,55,50,37
string_acoustic_028-055-075,string_acoustic_028,55,75,37
string_acoustic_028-055-100,string_acoustic_028,55,100,27
string_acoustic_028-055-127,string_acoustic_028,55,127,27
string_acoustic_029-055-025,string_acoustic_029,55,25,38
string_acoustic_029-055-050,string_acoustic_029,55,50,38
string_acoustic_029-055-075,string_acoustic_029,55,75,38
string_acoustic_029-055-100,string_acoustic_029,55,100,38
string_acoustic_029-055-127,string_acoustic_029,55,127,38
string_acoustic_030-055-025,string_acoustic_030,55,25,38
string_acoustic_030-055-050,string_acoustic_030,55,50,38
string_acoustic_030-055-075,string_acoustic_030,55,75,38
string_acoustic_030-055-100,string_acoustic_030,55,100,38
string_acoustic_030-055-127,string_acoustic_030,55,127,38
string_acoustic_032-055-025,string_acoustic_032,55,25,38
string_acoustic_032-055-050,string_acoustic_032,55,50,38
string_acoustic_032-055-075,string_acoustic_032,55,75,38
string_acoustic_032-055-100,string_acoustic_032,55,100,38
string_acoustic_032-055-127,string_acoustic_032,55,127,38
string_acoustic_033-055-025,string_acoustic_033,55,25,38
string_acoustic_033-055-050,string_acoustic_033,55,50,38
string_acoustic_033-055-075,string_acoustic_033,55,75,38
string_acoustic_033-055-100,string_acoustic_033,55,100,38
string_acoustic_033-055-127,string_acoustic_033,55,127,38
string_acoustic_034-055-025,string_acoustic_034,55,25,38
string_acoustic_034-055-050,string_acoustic_034,55,50,38
string_acoustic_034-055-075,string_acoustic_034,55,75,38
string_acoustic_034-055-100,string_acoustic_034,55,100,38
string_acoustic_034-055-127,string_acoustic_034,55,127,38
string_acoustic_035-055-025,string_acoustic_035,55,25,38
string_acoustic_035-055-050,string_acoustic_035,55,50,38
string_acoustic_035-055-075,string_acoustic_035,55,75,38
string_acoustic_035-055-100,string_acoustic_035,55,100,38
string_acoustic_035-055-127,string_acoustic_035,55,127,38
string_acoustic_036-055-025,string_acoustic_036,55,25,38
string_acoustic_036-055-050,string_acoustic_036,55,50,38
string_acoustic_036-055-075,string_acoustic_036,55,75,38
string_acoustic_036-055-100,string_acoustic_036,55,100,38
string_acoustic_036-055-127,string_acoustic_036,55,127,38
string_acoustic_037-055-025,string_acoustic_037,55,25,38
string_acoustic_037-055-050,string_acoustic_037,55,50,38
string_acoustic_037-055-075,string_acoustic_037,55,75,38
string_acoustic_037-055-100,string_acoustic_037,55,100,38
string_acoustic_037-055-127,string_acoustic_037,55,127,38
string_acoustic_040-055-025,string_acoustic_040,55,25,38
string_acoustic_040-055-050,string_acoustic_040,55,50,38
string_acoustic_040-055-075,string_acoustic_040,55,75,38
string_acoustic_040-055-100,string_acoustic_040,55,100,38
string_acoustic_040-055-127,string_acoustic_040,55,127,38
string_acoustic_042-055-025,string_acoustic_042,55,25,38
string_acoustic_042-055-050,string_acoustic_042,55,50,38
string_acoustic_042-055-075,string_acoustic_042,55,75,38
string_acoustic_042-055-100,string_acoustic_042,55,100,38
string_acoustic_042-055-127,string_acoustic_042,55,127,38
string_acoustic_043-055-025,string_acoustic_043,55,25,38
string_acoustic_043-055-050,string_acoustic_043,55,50,38
string_acoustic_043-055-075,string_acoustic_043,55,75,38
string_acoustic_043-055-100,string_acoustic_043,55,100,38
string_acoustic_043-055-127,string_acoustic_043,55,127,38
string_acoustic_044-055-025,string_acoustic_044,55,25,38
string_acoustic_044-055-050,string_acoustic_044,55,50,38
string_acoustic_044-055-075,string_acoustic_044,55,75,38
string_acoustic_044-055-100,string_acoustic_044,55,100,38
string_acoustic_044-055-127,string_acoustic_044,55,127,38
string_acoustic_045-055-025,string_acoustic_045,55,25,38
string_acoustic_045-055-050,string_acoustic_045,55,50,38
string_acoustic_045-055-075,string_acoustic_045,55,75,38
string_acoustic_045-055-100,string_acoustic_045,55,100,38
string_acoustic_045-055-127,string_acoustic_045,55,127,38
string_acoustic_046-055-100,string_acoustic_046,55,100,32
string_acoustic_047-055-025,string_acoustic_047,55,25,38
string_acoustic_047-055-050,string_acoustic_047,55,50,38
string_acoustic_047-055-075,string_acoustic_047,55,75,38
string_acoustic_047-055-100,string_acoustic_047,55,100,38
string_acoustic_047-055-127,string_acoustic_047,55,127,38
string_acoustic_048-055-025,string_acoustic_048,55,25,38
string_acoustic_048-055-050,string_acoustic_048,55,50,38
string_acoustic_048-055-075,string_acoustic_048,55,75,38
string_acoustic_048-055-100,string_acoustic_048,55,100,38
string_acoustic_048-055-127,string_acoustic_048,55,127,38
string_acoustic_049-055-025,string_acoustic_049,55,25,38
string_acoustic_049-055-050,string_acoustic_049,55,50,38
string_acoustic_049-055-075,string_acoustic_049,55,75,38
string_acoustic_049-055-100,string_acoustic_049,55,100,38
string_acoustic_049-055-127,string_acoustic_049,55,127,38
string_acoustic_051-055-025,string_acoustic_051,55,25,38
string_acoustic_051-055-050,string_acoustic_051,55,50,38
string_acoustic_051-055-075,string_acoustic_051,55,75,38
string_acoustic_051-055-100,string_acoustic_051,55,100,38
string_acoustic_051-055-127,string_acoustic_051,55,127,38
string_acoustic_052-055-025,string_acoustic_052,55,25,38
string_acoustic_052-055-050,string_acoustic_052,55,50,38
string_acoustic_052-055-075,string_acoustic_052,55,75,38
string_acoustic_052-055-100,string_acoustic_052,55,100,38
string_acoustic_052-055-127,string_acoustic_052,55,127,38
string_acoustic_054-055-025,string_acoustic_054,55,25,38
string_acoustic_054-055-050,string_acoustic_054,55,50,38
string_acoustic_054-055-075,string_acoustic_054,55,75,38
string_acoustic_054-055-100,string_acoustic_054,55,100,38
string_acoustic_054-055-127,string_acoustic_054,55,127,38
string_acoustic_055-055-025,string_acoustic_055,55,25,38
string_acoustic_055-055-050,string_acoustic_055,55,50,38
string_acoustic_055-055-075,string_acoustic_055,55,75,38
string_acoustic_055-055-100,string_acoustic_055,55,100,38
string_acoustic_055-055-127,string_acoustic_055,55,127,38
string_acoustic_059-055-025,string_acoustic_059,55,25,38
string_acoustic_059-055-050,string_acoustic_059,55,50,38
string_acoustic_059-055-075,string_acoustic_059,55,75,38
string_acoustic_059-055-100,string_acoustic_059,55,100,38
string_acoustic_059-055-127,string_acoustic_059,55,127,38
string_acoustic_060-055-025,string_acoustic_060,55,25,38
string_acoustic_060-055-050,string_acoustic_060,55,50,38
string_acoustic_060-055-075,string_acoustic_060,55,75,38
string_acoustic_060-055-100,string_acoustic_060,55,100,38
string_acoustic_060-055-127,string_acoustic_060,55,127,38
string_acoustic_061-055-025,string_acoustic_061,55,25,38
string_acoustic_061-055-050,string_acoustic_061,55,50,38
string_acoustic_061-055-075,string_acoustic_061,55,75,38
string_acoustic_061-055-100,string_acoustic_061,55,100,38
string_acoustic_061-055-127,string_acoustic_061,55,127,38
string_acoustic_062-055-025,string_acoustic_062,55,25,24
string_acoustic_062-055-050,string_acoustic_062,55,50,24
string_acoustic_062-055-075,string_acoustic_062,55,75,24
string_acoustic_063-055-025,string_acoustic_063,55,25,38
string_acoustic_063-055-050,string_acoustic_063,55,50,38
string_acoustic_063-055-075,string_acoustic_063,55,75,38
string_acoustic_063-055-100,string_acoustic_063,55,100,38
string_acoustic_063-055-127,string_acoustic_063,55,127,38
string_acoustic_064-055-025,string_acoustic_064,55,25,38
string_acoustic_064-055-050,string_acoustic_064,55,50,38
string_acoustic_064-055-075,string_acoustic_064,55,75,38
string_acoustic_064-055-100,string_acoustic_064,55,100,38
string_acoustic_064-055-127,string_acoustic_064,55,127,38
string_acoustic_065-055-075,string_acoustic_065,55,75,30
string_acoustic_066-055-025,string_acoustic_066,55,25,38
string_acoustic_066-055-050,string_acoustic_066,55,50,38
string_acoustic_066-055-075,string_acoustic_066,55,75,38
string_acoustic_066-055-100,string_acoustic_066,55,100,38
string_acoustic_066-055-127,string_acoustic_066,55,127,38
string_acoustic_067-055-025,string_acoustic_067,55,25,38
string_acoustic_067-055-050,string_acoustic_067,55,50,38
string_acoustic_067-055-075,string_acoustic_067,55,75,38
string_acoustic_067-055-100,string_acoustic_067,55,100,38
string_acoustic_067-055-127,string_acoustic_067,55,127,38
string_acoustic_068-055-025,string_acoustic_068,55,25,38
string_acoustic_068-055-050,string_acoustic_068,55,50,38
string_acoustic_068-055-075,string_acoustic_068,55,75,38
string_acoustic_068-055-100,string_acoustic_068,55,100,38
string_acoustic_068-055-127,string_acoustic_068,55,127,38
string_acoustic_069-055-025,string_acoustic_069,55,25,38
string_acoustic_069-055-050,string_acoustic_069,55,50,38
string_acoustic_069-055-075,string_acoustic_069,55,75,38
string_acoustic_069-055-100,string_acoustic_069,55,100,38
string_acoustic_069-055-127,string_acoustic_069,55,127,38
string_acoustic_070-055-025,string_acoustic_070,55,25,38
string_acoustic_070-055-050,string_acoustic_070,55,50,38
string_acoustic_070-055-075,string_acoustic_070,55,75,38
string_acoustic_070-055-100,string_acoustic_070,55,100,38
string_acoustic_070-055-127,string_acoustic_070,55,127,38
string_acoustic_072-055-025,string_acoustic_072,55,25,38
string_acoustic_072-055-050,string_acoustic_072,55,50,38
string_acoustic_073-055-025,string_acoustic_073,55,25,38
string_acoustic_073-055-050,string_acoustic_073,55,50,38
string_acoustic_073-055-075,string_acoustic_073,55,75,38
string_acoustic_073-055-100,string_acoustic_073,55,100,38
string_acoustic_073-055-127,string_acoustic_073,55,127,38
string_acoustic_074-055-025,string_acoustic_074,55,25,38
string_acoustic_074-055-050,string_acoustic_074,55,50,38
string_acoustic_074-055-075,string_acoustic_074,55,75,38
string_acoustic_074-055-100,string_acoustic_074,55,100,38
string_acoustic_074-055-127,string_acoustic_074,55,127,38
string_acoustic_076-055-025,string_acoustic_076,55,25,38
string_acoustic_076-055-050,string_acoustic_076,55,50,38
string_acoustic_076-055-075,string_acoustic_076,55,75,38
string_acoustic_076-055-100,string_acoustic_076,55,100,38
string_acoustic_076-055-127,string_acoustic_076,55,127,38
string_acoustic_077-055-025,string_acoustic_077,55,25,38
string_acoustic_077-055-050,string_acoustic_077,55,50,38
string_acoustic_077-055-075,string_acoustic_077,55,75,38
string_acoustic_077-055-100,string_acoustic_077,55,100,38
string_acoustic_077-055-127,string_acoustic_077,55,127,38
string_acoustic_078-055-025,string_acoustic_078,55,25,38
string_acoustic_078-055-050,string_acoustic_078,55,50,38
string_acoustic_078-055-075,string_acoustic_078,55,75,38
string_acoustic_078-055-100,string_acoustic_078,55,100,38
string_acoustic_078-055-127,string_acoustic_078,55,127,38
string_acoustic_079-055-025,string_acoustic_079,55,25,36
string_acoustic_079-055-050,string_acoustic_079,55,50,36
string_acoustic_081-055-025,string_acoustic_081,55,25,36
string_acoustic_081-055-050,string_acoustic_081,55,50,36
string_acoustic_082-055-025,string_acoustic_082,55,25,38
string_acoustic_082-055-050,string_acoustic_082,55,50,38
string_acoustic_082-055-075,string_acoustic_082,55,75,38
string_acoustic_082-055-100,string_acoustic_082,55,100,38
string_acoustic_082-055-127,string_acoustic_082,55,127,38
string_acoustic_083-055-025,string_acoustic_083,55,25,38
string_acoustic_083-055-050,string_acoustic_083,55,50,38
string_acoustic_083-055-075,string_acoustic_083,55,75,38
string_acoustic_083-055-100,string_acoustic_083,55,100,38
string_acoustic_083-055-127,string_acoustic_083,55,127,38
string_acoustic_086-055-025,string_acoustic_086,55,25,38
string_acoustic_086-055-050,string_acoustic_086,55,50,38
string_acoustic_086-055-075,string_acoustic_086,55,75,38
string_acoustic_086-055-100,string_acoustic_086,55,100,38
string_acoustic_086-055-127,string_acoustic_086,55,127,38
string_acoustic_087-055-025,string_acoustic_087,55,25,38
string_acoustic_087-055-050,string_acoustic_087,55,50,38
string_acoustic_087-055-075,string_acoustic_087,55,75,38
string_acoustic_087-055-100,string_acoustic_087,55,100,38
string_acoustic_087-055-127,string_acoustic_087,55,127,38
string_acoustic_088-055-025,string_acoustic_088,55,25,38
string_acoustic_088-055-050,string_acoustic_088,55,50,38
string_acoustic_088-055-075,string_acoustic_088,55,75,38
string_acoustic_088-055-100,string_acoustic_088,55,100,38
string_acoustic_088-055-127,string_acoustic_088,55,127,38
string_acoustic_089-055-025,string_acoustic_089,55,25,38
string_acoustic_089-055-050,string_acoustic_089,55,50,38
string_acoustic_089-055-075,string_acoustic_089,55,75,38
string_acoustic_089-055-100,string_acoustic_089,55,100,38
string_acoustic_089-055-127,string_acoustic_089,55,127,38
string_acoustic_090-055-025,string_acoustic_090,55,25,38
string_acoustic_090-055-050,string_acoustic_090,55,50,38
string_acoustic_090-055-075,string_acoustic_090,55,75,38
string_acoustic_090-055-100,string_acoustic_090,55,100,38
string_acoustic_090-055-127,string_acoustic_090,55,127,38
string_acoustic_001-056-025,string_acoustic_001,56,25,38
string_acoustic_001-056-050,string_acoustic_001,56,50,38
string_acoustic_001-056-075,string_acoustic_001,56,75,38
string_acoustic_001-056-100,string_acoustic_001,56,100,38
string_acoustic_001-056-127,string_acoustic_001,56,127,38
string_acoustic_002-056-025,string_acoustic_002,56,25,36
string_acoustic_002-056-050,string_acoustic_002,56,50,36
string_acoustic_002-056-075,string_acoustic_002,56,75,23
string_acoustic_003-056-025,string_acoustic_003,56,25,38
string_acoustic_003-056-050,string_acoustic_003,56,50,38
string_acoustic_003-056-075,string_acoustic_003,56,75,38
string_acoustic_003-056-100,string_acoustic_003,56,100,38
string_acoustic_003-056-127,string_acoustic_003,56,127,38
string_acoustic_006-056-025,string_acoustic_006,56,25,38
string_acoustic_006-056-050,string_acoustic_006,56,50,38
string_acoustic_006-056-075,string_acoustic_006,56,75,38
string_acoustic_006-056-100,string_acoustic_006,56,100,38
string_acoustic_006-056-127,string_acoustic_006,56,127,38
string_acoustic_007-056-025,string_acoustic_007,56,25,38
string_acoustic_007-056-050,string_acoustic_007,56,50,38
string_acoustic_007-056-075,string_acoustic_007,56,75,38
string_acoustic_007-056-100,string_acoustic_007,56,100,38
string_acoustic_007-056-127,string_acoustic_007,56,127,38
string_acoustic_008-056-025,string_acoustic_008,56,25,38
string_acoustic_008-056-050,string_acoustic_008,56,50,38
string_acoustic_008-056-075,string_acoustic_008,56,75,38
string_acoustic_008-056-100,string_acoustic_008,56,100,38
string_acoustic_008-056-127,string_acoustic_008,56,127,38
string_acoustic_009-056-025,string_acoustic_009,56,25,38
string_acoustic_009-056-050,string_acoustic_009,56,50,38
string_acoustic_009-056-075,string_acoustic_009,56,75,38
string_acoustic_009-056-100,string_acoustic_009,56,100,38
string_acoustic_009-056-127,string_acoustic_009,56,127,38
string_acoustic_011-056-025,string_acoustic_011,56,25,38
string_acoustic_011-056-050,string_acoustic_011,56,50,38
string_acoustic_011-056-075,string_acoustic_011,56,75,38
string_acoustic_011-056-100,string_acoustic_011,56,100,38
string_acoustic_011-056-127,string_acoustic_011,56,127,38
string_acoustic_013-056-025,string_acoustic_013,56,25,38
string_acoustic_013-056-050,string_acoustic_013,56,50,38
string_acoustic_013-056-075,string_acoustic_013,56,75,38
string_acoustic_013-056-100,string_acoustic_013,56,100,38
string_acoustic_013-056-127,string_acoustic_013,56,127,38
string_acoustic_015-056-025,string_acoustic_015,56,25,38
string_acoustic_015-056-050,string_acoustic_015,56,50,38
string_acoustic_015-056-075,string_acoustic_015,56,75,38
string_acoustic_015-056-100,string_acoustic_015,56,100,38
string_acoustic_015-056-127,string_acoustic_015,56,127,38
string_acoustic_017-056-025,string_acoustic_017,56,25,38
string_acoustic_017-056-050,string_acoustic_017,56,50,38
string_acoustic_017-056-075,string_acoustic_017,56,75,38
string_acoustic_017-056-100,string_acoustic_017,56,100,38
string_acoustic_017-056-127,string_acoustic_017,56,127,38
string_acoustic_018-056-025,string_acoustic_018,56,25,38
string_acoustic_018-056-050,string_acoustic_018,56,50,38
string_acoustic_018-056-075,string_acoustic_018,56,75,38
string_acoustic_018-056-100,string_acoustic_018,56,100,38
string_acoustic_018-056-127,string_acoustic_018,56,127,38
string_acoustic_019-056-025,string_acoustic_019,56,25,38
string_acoustic_019-056-050,string_acoustic_019,56,50,38
string_acoustic_019-056-075,string_acoustic_019,56,75,38
string_acoustic_019-056-100,string_acoustic_019,56,100,38
string_acoustic_019-056-127,string_acoustic_019,56,127,38
string_acoustic_020-056-025,string_acoustic_020,56,25,38
string_acoustic_020-056-050,string_acoustic_020,56,50,38
string_acoustic_020-056-075,string_acoustic_020,56,75,38
string_acoustic_020-056-100,string_acoustic_020,56,100,38
string_acoustic_020-056-127,string_acoustic_020,56,127,38
string_acoustic_021-056-025,string_acoustic_021,56,25,38
string_acoustic_021-056-050,string_acoustic_021,56,50,38
string_acoustic_021-056-075,string_acoustic_021,56,75,38
string_acoustic_021-056-100,string_acoustic_021,56,100,38
string_acoustic_021-056-127,string_acoustic_021,56,127,38
string_acoustic_023-056-025,string_acoustic_023,56,25,38
string_acoustic_023-056-050,string_acoustic_023,56,50,38
string_acoustic_023-056-075,string_acoustic_023,56,75,38
string_acoustic_023-056-100,string_acoustic_023,56,100,38
string_acoustic_023-056-127,string_acoustic_023,56,127,38
string_acoustic_024-056-025,string_acoustic_024,56,25,38
string_acoustic_024-056-050,string_acoustic_024,56,50,38
string_acoustic_024-056-075,string_acoustic_024,56,75,38
string_acoustic_024-056-100,string_acoustic_024,56,100,38
string_acoustic_024-056-127,string_acoustic_024,56,127,38
string_acoustic_028-056-025,string_acoustic_028,56,25,38
string_acoustic_028-056-050,string_acoustic_028,56,50,38
string_acoustic_028-056-075,string_acoustic_028,56,75,38
string_acoustic_028-056-100,string_acoustic_028,56,100,38
string_acoustic_028-056-127,string_acoustic_028,56,127,38
string_acoustic_029-056-025,string_acoustic_029,56,25,38
string_acoustic_029-056-050,string_acoustic_029,56,50,38
string_acoustic_029-056-075,string_acoustic_029,56,75,38
string_acoustic_029-056-100,string_acoustic_029,56,100,38
string_acoustic_029-056-127,string_acoustic_029,56,127,38
string_acoustic_030-056-025,string_acoustic_030,56,25,38
string_acoustic_030-056-050,string_acoustic_030,56,50,38
string_acoustic_030-056-075,string_acoustic_030,56,75,38
string_acoustic_030-056-100,string_acoustic_030,56,100,38
string_acoustic_030-056-127,string_acoustic_030,56,127,38
string_acoustic_033-056-025,string_acoustic_033,56,25,38
string_acoustic_033-056-050,string_acoustic_033,56,50,38
string_acoustic_033-056-075,string_acoustic_033,56,75,38
string_acoustic_033-056-100,string_acoustic_033,56,100,38
string_acoustic_033-056-127,string_acoustic_033,56,127,38
string_acoustic_035-056-025,string_acoustic_035,56,25,38
string_acoustic_035-056-050,string_acoustic_035,56,50,38
string_acoustic_035-056-075,string_acoustic_035,56,75,38
string_acoustic_035-056-100,string_acoustic_035,56,100,38
string_acoustic_035-056-127,string_acoustic_035,56,127,38
string_acoustic_036-056-025,string_acoustic_036,56,25,38
string_acoustic_036-056-050,string_acoustic_036,56,50,38
string_acoustic_036-056-075,string_acoustic_036,56,75,38
string_acoustic_036-056-100,string_acoustic_036,56,100,38
string_acoustic_036-056-127,string_acoustic_036,56,127,38
string_acoustic_040-056-025,string_acoustic_040,56,25,38
string_acoustic_040-056-050,string_acoustic_040,56,50,38
string_acoustic_040-056-075,string_acoustic_040,56,75,38
string_acoustic_040-056-100,string_acoustic_040,56,100,38
string_acoustic_040-056-127,string_acoustic_040,56,127,38
string_acoustic_042-056-025,string_acoustic_042,56,25,38
string_acoustic_042-056-050,string_acoustic_042,56,50,38
string_acoustic_042-056-075,string_acoustic_042,56,75,38
string_acoustic_042-056-100,string_acoustic_042,56,100,38
string_acoustic_042-056-127,string_acoustic_042,56,127,38
string_acoustic_043-056-025,string_acoustic_043,56,25,38
string_acoustic_043-056-050,string_acoustic_043,56,50,38
string_acoustic_043-056-075,string_acoustic_043,56,75,38
string_acoustic_043-056-100,string_acoustic_043,56,100,38
string_acoustic_043-056-127,string_acoustic_043,56,127,38
string_acoustic_044-056-025,string_acoustic_044,56,25,38
string_acoustic_044-056-050,string_acoustic_044,56,50,38
string_acoustic_044-056-075,string_acoustic_044,56,75,38
string_acoustic_044-056-100,string_acoustic_044,56,100,38
string_acoustic_044-056-127,string_acoustic_044,56,127,38
string_acoustic_045-056-025,string_acoustic_045,56,25,38
string_acoustic_045-056-050,string_acoustic_045,56,50,38
string_acoustic_045-056-075,string_acoustic_045,56,75,38
string_acoustic_045-056-100,string_acoustic_045,56,100,38
string_acoustic_045-056-127,string_acoustic_045,56,127,38
string_acoustic_047-056-025,string_acoustic_047,56,25,38
string_acoustic_047-056-050,string_acoustic_047,56,50,38
string_acoustic_047-056-075,string_acoustic_047,56,75,38
string_acoustic_047-056-100,string_acoustic_047,56,100,38
string_acoustic_047-056-127,string_acoustic_047,56,127,38
string_acoustic_048-056-025,string_acoustic_048,56,25,38
string_acoustic_048-056-050,string_acoustic_048,56,50,38
string_acoustic_048-056-075,string_acoustic_048,56,75,38
string_acoustic_048-056-100,string_acoustic_048,56,100,38
string_acoustic_048-056-127,string_acoustic_048,56,127,38
string_acoustic_049-056-025,string_acoustic_049,56,25,38
string_acoustic_049-056-050,string_acoustic_049,56,50,38
string_acoustic_049-056-075,string_acoustic_049,56,75,38
string_acoustic_049-056-100,string_acoustic_049,56,100,38
string_acoustic_049-056-127,string_acoustic_049,56,127,38
string_acoustic_051-056-025,string_acoustic_051,56,25,38
string_acoustic_051-056-050,string_acoustic_051,56,50,38
string_acoustic_051-056-075,string_acoustic_051,56,75,38
string_acoustic_051-056-100,string_acoustic_051,56,100,38
string_acoustic_051-056-127,string_acoustic_051,56,127,38
string_acoustic_052-056-025,string_acoustic_052,56,25,38
string_acoustic_052-056-050,string_acoustic_052,56,50,38
string_acoustic_052-056-075,string_acoustic_052,56,75,38
string_acoustic_052-056-100,string_acoustic_052,56,100,38
string_acoustic_052-056-127,string_acoustic_052,56,127,38
string_acoustic_054-056-025,string_acoustic_054,56,25,38
string_acoustic_054-056-050,string_acoustic_054,56,50,38
string_acoustic_054-056-075,string_acoustic_054,56,75,38
string_acoustic_054-056-100,string_acoustic_054,56,100,38
string_acoustic_054-056-127,string_acoustic_054,56,127,38
string_acoustic_055-056-025,string_acoustic_055,56,25,38
string_acoustic_055-056-050,string_acoustic_055,56,50,38
string_acoustic_055-056-075,string_acoustic_055,56,75,38
string_acoustic_055-056-100,string_acoustic_055,56,100,38
string_acoustic_055-056-127,string_acoustic_055,56,127,38
string_acoustic_059-056-025,string_acoustic_059,56,25,38
string_acoustic_059-056-050,string_acoustic_059,56,50,38
string_acoustic_059-056-075,string_acoustic_059,56,75,38
string_acoustic_059-056-100,string_acoustic_059,56,100,38
string_acoustic_059-056-127,string_acoustic_059,56,127,38
string_acoustic_060-056-025,string_acoustic_060,56,25,38
string_acoustic_060-056-050,string_acoustic_060,56,50,38
string_acoustic_060-056-075,string_acoustic_060,56,75,38
string_acoustic_060-056-100,string_acoustic_060,56,100,38
string_acoustic_060-056-127,string_acoustic_060,56,127,38
string_acoustic_061-056-025,string_acoustic_061,56,25,38
string_acoustic_061-056-050,string_acoustic_061,56,50,38
string_acoustic_061-056-075,string_acoustic_061,56,75,38
string_acoustic_061-056-100,string_acoustic_061,56,100,38
string_acoustic_061-056-127,string_acoustic_061,56,127,38
string_acoustic_063-056-025,string_acoustic_063,56,25,38
string_acoustic_063-056-050,string_acoustic_063,56,50,38
string_acoustic_063-056-075,string_acoustic_063,56,75,38
string_acoustic_063-056-100,string_acoustic_063,56,100,38
string_acoustic_063-056-127,string_acoustic_063,56,127,38
string_acoustic_064-056-025,string_acoustic_064,56,25,38
string_acoustic_064-056-050,string_acoustic_064,56,50,38
string_acoustic_064-056-075,string_acoustic_064,56,75,38
string_acoustic_064-056-100,string_acoustic_064,56,100,38
string_acoustic_064-056-127,string_acoustic_064,56,127,38
string_acoustic_065-056-075,string_acoustic_065,56,75,28
string_acoustic_066-056-025,string_acoustic_066,56,25,38
string_acoustic_066-056-050,string_acoustic_066,56,50,38
string_acoustic_066-056-075,string_acoustic_066,56,75,38
string_acoustic_066-056-100,string_acoustic_066,56,100,38
string_acoustic_066-056-127,string_acoustic_066,56,127,38
string_acoustic_067-056-025,string_acoustic_067,56,25,38
string_acoustic_067-056-050,string_acoustic_067,56,50,38
string_acoustic_067-056-075,string_acoustic_067,56,75,38
string_acoustic_067-056-100,string_acoustic_067,56,100,38
string_acoustic_067-056-127,string_acoustic_067,56,127,38
string_acoustic_068-056-025,string_acoustic_068,56,25,34
string_acoustic_068-056-050,string_acoustic_068,56,50,34
string_acoustic_068-056-075,string_acoustic_068,56,75,34
string_acoustic_069-056-025,string_acoustic_069,56,25,38
string_acoustic_069-056-050,string_acoustic_069,56,50,38
string_acoustic_069-056-075,string_acoustic_069,56,75,38
string_acoustic_069-056-100,string_acoustic_069,56,100,38
string_acoustic_069-056-127,string_acoustic_069,56,127,38
string_acoustic_070-056-025,string_acoustic_070,56,25,38
string_acoustic_070-056-050,string_acoustic_070,56,50,38
string_acoustic_070-056-075,string_acoustic_070,56,75,38
string_acoustic_070-056-100,string_acoustic_070,56,100,38
string_acoustic_070-056-127,string_acoustic_070,56,127,38
string_acoustic_074-056-025,string_acoustic_074,56,25,38
string_acoustic_074-056-050,string_acoustic_074,56,50,38
string_acoustic_074-056-075,string_acoustic_074,56,75,38
string_acoustic_074-056-100,string_acoustic_074,56,100,38
string_acoustic_074-056-127,string_acoustic_074,56,127,38
string_acoustic_076-056-025,string_acoustic_076,56,25,38
string_acoustic_076-056-050,string_acoustic_076,56,50,38
string_acoustic_076-056-075,string_acoustic_076,56,75,38
string_acoustic_076-056-100,string_acoustic_076,56,100,38
string_acoustic_076-056-127,string_acoustic_076,56,127,38
string_acoustic_077-056-025,string_acoustic_077,56,25,38
string_acoustic_077-056-050,string_acoustic_077,56,50,38
string_acoustic_077-056-075,string_acoustic_077,56,75,38
string_acoustic_077-056-100,string_acoustic_077,56,100,38
string_acoustic_077-056-127,string_acoustic_077,56,127,38
string_acoustic_078-056-025,string_acoustic_078,56,25,38
string_acoustic_078-056-050,string_acoustic_078,56,50,38
string_acoustic_078-056-075,string_acoustic_078,56,75,38
string_acoustic_078-056-100,string_acoustic_078,56,100,38
string_acoustic_078-056-127,string_acoustic_078,56,127,38
string_acoustic_079-056-025,string_acoustic_079,56,25,36
string_acoustic_079-056-050,string_acoustic_079,56,50,36
string_acoustic_081-056-025,string_acoustic_081,56,25,36
string_acoustic_081-056-050,string_acoustic_081,56,50,36
string_acoustic_082-056-025,string_acoustic_082,56,25,38
string_acoustic_082-056-050,string_acoustic_082,56,50,38
string_acoustic_082-056-075,string_acoustic_082,56,75,38
string_acoustic_082-056-100,string_acoustic_082,56,100,38
string_acoustic_082-056-127,string_acoustic_082,56,127,38
string_acoustic_083-056-025,string_acoustic_083,56,25,38
string_acoustic_083-056-050,string_acoustic_083,56,50,38
string_acoustic_083-056-075,string_acoustic_083,56,75,38
string_acoustic_083-056-100,string_acoustic_083,56,100,38
string_acoustic_083-056-127,string_acoustic_083,56,127,38
string_acoustic_086-056-025,string_acoustic_086,56,25,38
string_acoustic_086-056-050,string_acoustic_086,56,50,38
string_acoustic_086-056-075,string_acoustic_086,56,75,38
string_acoustic_086-056-100,string_acoustic_086,56,100,38
string_acoustic_086-056-127,string_acoustic_086,56,127,38
string_acoustic_088-056-025,string_acoustic_088,56,25,38
string_acoustic_088-056-050,string_acoustic_088,56,50,38
string_acoustic_088-056-075,string_acoustic_088,56,75,38
string_acoustic_088-056-100,string_acoustic_088,56,100,38
string_acoustic_088-056-127,string_acoustic_088,56,127,38
string_acoustic_089-056-025,string_acoustic_089,56,25,38
string_acoustic_089-056-050,string_acoustic_089,56,50,38
string_acoustic_089-056-075,string_acoustic_089,56,75,38
string_acoustic_089-056-100,string_acoustic_089,56,100,38
string_acoustic_089-056-127,string_acoustic_089,56,127,38
string_acoustic_090-056-025,string_acoustic_090,56,25,38
string_acoustic_090-056-050,string_acoustic_090,56,50,38
string_acoustic_090-056-075,string_acoustic_090,56,75,38
string_acoustic_090-056-100,string_acoustic_090,56,100,38
string_acoustic_090-056-127,string_acoustic_090,56,127,38
string_acoustic_001-057-025,string_acoustic_001,57,25,38
string_acoustic_001-057-050,string_acoustic_001,57,50,38
string_acoustic_001-057-075,string_acoustic_001,57,75,38
string_acoustic_001-057-100,string_acoustic_001,57,100,38
string_acoustic_001-057-127,string_acoustic_001,57,127,38
string_acoustic_002-057-025,string_acoustic_002,57,25,38
string_acoustic_002-057-050,string_acoustic_002,57,50,38
string_acoustic_002-057-100,string_acoustic_002,57,100,21
string_acoustic_002-057-127,string_acoustic_002,57,127,25
string_acoustic_003-057-025,string_acoustic_003,57,25,38
string_acoustic_003-057-050,string_acoustic_003,57,50,38
string_acoustic_003-057-075,string_acoustic_003,57,75,38
string_acoustic_003-057-100,string_acoustic_003,57,100,38
string_acoustic_003-057-127,string_acoustic_003,57,127,38
string_acoustic_006-057-025,string_acoustic_006,57,25,38
string_acoustic_006-057-050,string_acoustic_006,57,50,38
string_acoustic_006-057-075,string_acoustic_006,57,75,38
string_acoustic_006-057-100,string_acoustic_006,57,100,38
string_acoustic_006-057-127,string_acoustic_006,57,127,38
string_acoustic_007-057-025,string_acoustic_007,57,25,38
string_acoustic_007-057-050,string_acoustic_007,57,50,38
string_acoustic_007-057-075,string_acoustic_007,57,75,38
string_acoustic_007-057-100,string_acoustic_007,57,100,38
string_acoustic_007-057-127,string_acoustic_007,57,127,38
string_acoustic_008-057-025,string_acoustic_008,57,25,38
string_acoustic_008-057-050,string_acoustic_008,57,50,38
string_acoustic_008-057-075,string_acoustic_008,57,75,38
string_acoustic_008-057-100,string_acoustic_008,57,100,38
string_acoustic_008-057-127,string_acoustic_008,57,127,38
string_acoustic_009-057-025,string_acoustic_009,57,25,38
string_acoustic_009-057-050,string_acoustic_009,57,50,38
string_acoustic_009-057-075,string_acoustic_009,57,75,38
string_acoustic_009-057-100,string_acoustic_009,57,100,38
string_acoustic_009-057-127,string_acoustic_009,57,127,38
string_acoustic_010-057-025,string_acoustic_010,57,25,27
string_acoustic_010-057-050,string_acoustic_010,57,50,27
string_acoustic_010-057-075,string_acoustic_010,57,75,27
string_acoustic_010-057-100,string_acoustic_010,57,100,27
string_acoustic_011-057-025,string_acoustic_011,57,25,38
string_acoustic_011-057-050,string_acoustic_011,57,50,38
string_acoustic_011-057-075,string_acoustic_011,57,75,38
string_acoustic_011-057-100,string_acoustic_011,57,100,38
string_acoustic_011-057-127,string_acoustic_011,57,127,38
string_acoustic_013-057-025,string_acoustic_013,57,25,38
string_acoustic_013-057-050,string_acoustic_013,57,50,38
string_acoustic_013-057-075,string_acoustic_013,57,75,38
string_acoustic_013-057-100,string_acoustic_013,57,100,38
string_acoustic_013-057-127,string_acoustic_013,57,127,38
string_acoustic_015-057-025,string_acoustic_015,57,25,38
string_acoustic_015-057-050,string_acoustic_015,57,50,38
string_acoustic_015-057-075,string_acoustic_015,57,75,38
string_acoustic_015-057-100,string_acoustic_015,57,100,38
string_acoustic_015-057-127,string_acoustic_015,57,127,38
string_acoustic_017-057-025,string_acoustic_017,57,25,38
string_acoustic_017-057-050,string_acoustic_017,57,50,38
string_acoustic_017-057-075,string_acoustic_017,57,75,38
string_acoustic_017-057-100,string_acoustic_017,57,100,38
string_acoustic_017-057-127,string_acoustic_017,57,127,38
string_acoustic_018-057-025,string_acoustic_018,57,25,38
string_acoustic_018-057-050,string_acoustic_018,57,50,38
string_acoustic_018-057-075,string_acoustic_018,57,75,38
string_acoustic_018-057-100,string_acoustic_018,57,100,38
string_acoustic_018-057-127,string_acoustic_018,57,127,38
string_acoustic_019-057-025,string_acoustic_019,57,25,38
string_acoustic_019-057-050,string_acoustic_019,57,50,38
string_acoustic_019-057-075,string_acoustic_019,57,75,38
string_acoustic_019-057-100,string_acoustic_019,57,100,38
string_acoustic_019-057-127,string_acoustic_019,57,127,38
string_acoustic_020-057-025,string_acoustic_020,57,25,38
string_acoustic_020-057-050,string_acoustic_020,57,50,38
string_acoustic_020-057-075,string_acoustic_020,57,75,38
string_acoustic_020-057-100,string_acoustic_020,57,100,38
string_acoustic_020-057-127,string_acoustic_020,57,127,38
string_acoustic_021-057-025,string_acoustic_021,57,25,38
string_acoustic_021-057-050,string_acoustic_021,57,50,38
string_acoustic_021-057-075,string_acoustic_021,57,75,38
string_acoustic_021-057-100,string_acoustic_021,57,100,38
string_acoustic_021-057-127,string_acoustic_021,57,127,38
string_acoustic_023-057-025,string_acoustic_023,57,25,38
string_acoustic_023-057-050,string_acoustic_023,57,50,38
string_acoustic_023-057-075,string_acoustic_023,57,75,38
string_acoustic_023-057-100,string_acoustic_023,57,100,38
string_acoustic_023-057-127,string_acoustic_023,57,127,38
string_acoustic_024-057-025,string_acoustic_024,57,25,38
string_acoustic_024-057-050,string_acoustic_024,57,50,38
string_acoustic_024-057-075,string_acoustic_024,57,75,38
string_acoustic_024-057-100,string_acoustic_024,57,100,38
string_acoustic_024-057-127,string_acoustic_024,57,127,38
string_acoustic_028-057-025,string_acoustic_028,57,25,38
string_acoustic_028-057-050,string_acoustic_028,57,50,38
string_acoustic_028-057-075,string_acoustic_028,57,75,38
string_acoustic_028-057-100,string_acoustic_028,57,100,37
string_acoustic_028-057-127,string_acoustic_028,57,127,37
string_acoustic_029-057-025,string_acoustic_029,57,25,38
string_acoustic_029-057-050,string_acoustic_029,57,50,38
string_acoustic_029-057-075,string_acoustic_029,57,75,38
string_acoustic_029-057-100,string_acoustic_029,57,100,38
string_acoustic_029-057-127,string_acoustic_029,57,127,38
string_acoustic_030-057-025,string_acoustic_030,57,25,38
string_acoustic_030-057-050,string_acoustic_030,57,50,38
string_acoustic_030-057-075,string_acoustic_030,57,75,38
string_acoustic_030-057-100,string_acoustic_030,57,100,38
string_acoustic_030-057-127,string_acoustic_030,57,127,38
string_acoustic_033-057-025,string_acoustic_033,57,25,38
string_acoustic_033-057-050,string_acoustic_033,57,50,38
string_acoustic_033-057-075,string_acoustic_033,57,75,38
string_acoustic_033-057-100,string_acoustic_033,57,100,38
string_acoustic_033-057-127,string_acoustic_033,57,127,38
string_acoustic_034-057-100,string_acoustic_034,57,100,22
string_acoustic_034-057-127,string_acoustic_034,57,127,22
string_acoustic_035-057-025,string_acoustic_035,57,25,38
string_acoustic_035-057-050,string_acoustic_035,57,50,38
string_acoustic_035-057-075,string_acoustic_035,57,75,38
string_acoustic_035-057-100,string_acoustic_035,57,100,38
string_acoustic_035-057-127,string_acoustic_035,57,127,38
string_acoustic_036-057-025,string_acoustic_036,57,25,38
string_acoustic_036-057-050,string_acoustic_036,57,50,38
string_acoustic_036-057-075,string_acoustic_036,57,75,38
string_acoustic_036-057-100,string_acoustic_036,57,100,38
string_acoustic_036-057-127,string_acoustic_036,57,127,38
string_acoustic_040-057-025,string_acoustic_040,57,25,38
string_acoustic_040-057-050,string_acoustic_040,57,50,38
string_acoustic_040-057-075,string_acoustic_040,57,75,38
string_acoustic_040-057-100,string_acoustic_040,57,100,38
string_acoustic_040-057-127,string_acoustic_040,57,127,38
string_acoustic_042-057-025,string_acoustic_042,57,25,38
string_acoustic_042-057-050,string_acoustic_042,57,50,38
string_acoustic_042-057-075,string_acoustic_042,57,75,38
string_acoustic_042-057-100,string_acoustic_042,57,100,38
string_acoustic_042-057-127,string_acoustic_042,57,127,38
string_acoustic_043-057-025,string_acoustic_043,57,25,38
string_acoustic_043-057-050,string_acoustic_043,57,50,38
string_acoustic_043-057-075,string_acoustic_043,57,75,38
string_acoustic_043-057-100,string_acoustic_043,57,100,38
string_acoustic_043-057-127,string_acoustic_043,57,127,38
string_acoustic_044-057-025,string_acoustic_044,57,25,38
string_acoustic_044-057-050,string_acoustic_044,57,50,38
string_acoustic_044-057-075,string_acoustic_044,57,75,38
string_acoustic_044-057-100,string_acoustic_044,57,100,38
string_acoustic_044-057-127,string_acoustic_044,57,127,38
string_acoustic_045-057-025,string_acoustic_045,57,25,38
string_acoustic_045-057-050,string_acoustic_045,57,50,38
string_acoustic_045-057-075,string_acoustic_045,57,75,38
string_acoustic_045-057-100,string_acoustic_045,57,100,38
string_acoustic_045-057-127,string_acoustic_045,57,127,38
string_acoustic_047-057-025,string_acoustic_047,57,25,38
string_acoustic_047-057-050,string_acoustic_047,57,50,38
string_acoustic_047-057-075,string_acoustic_047,57,75,38
string_acoustic_047-057-100,string_acoustic_047,57,100,38
string_acoustic_047-057-127,string_acoustic_047,57,127,38
string_acoustic_048-057-025,string_acoustic_048,57,25,38
string_acoustic_048-057-050,string_acoustic_048,57,50,38
string_acoustic_048-057-075,string_acoustic_048,57,75,38
string_acoustic_048-057-100,string_acoustic_048,57,100,38
string_acoustic_048-057-127,string_acoustic_048,57,127,38
string_acoustic_049-057-025,string_acoustic_049,57,25,38
string_acoustic_049-057-050,string_acoustic_049,57,50,38
string_acoustic_049-057-075,string_acoustic_049,57,75,38
string_acoustic_049-057-100,string_acoustic_049,57,100,38
string_acoustic_049-057-127,string_acoustic_049,57,127,38
string_acoustic_051-057-025,string_acoustic_051,57,25,38
string_acoustic_051-057-050,string_acoustic_051,57,50,38
string_acoustic_051-057-075,string_acoustic_051,57,75,38
string_acoustic_051-057-100,string_acoustic_051,57,100,38
string_acoustic_051-057-127,string_acoustic_051,57,127,38
string_acoustic_052-057-025,string_acoustic_052,57,25,38
string_acoustic_052-057-050,string_acoustic_052,57,50,38
string_acoustic_052-057-075,string_acoustic_052,57,75,38
string_acoustic_052-057-100,string_acoustic_052,57,100,38
string_acoustic_052-057-127,string_acoustic_052,57,127,38
string_acoustic_054-057-025,string_acoustic_054,57,25,38
string_acoustic_054-057-050,string_acoustic_054,57,50,38
string_acoustic_054-057-075,string_acoustic_054,57,75,38
string_acoustic_054-057-100,string_acoustic_054,57,100,38
string_acoustic_054-057-127,string_acoustic_054,57,127,38
string_acoustic_055-057-025,string_acoustic_055,57,25,38
string_acoustic_055-057-050,string_acoustic_055,57,50,38
string_acoustic_055-057-075,string_acoustic_055,57,75,38
string_acoustic_055-057-100,string_acoustic_055,57,100,38
string_acoustic_055-057-127,string_acoustic_055,57,127,38
string_acoustic_059-057-025,string_acoustic_059,57,25,38
string_acoustic_059-057-050,string_acoustic_059,57,50,38
string_acoustic_059-057-075,string_acoustic_059,57,75,38
string_acoustic_059-057-100,string_acoustic_059,57,100,38
string_acoustic_059-057-127,string_acoustic_059,57,127,38
string_acoustic_060-057-025,string_acoustic_060,57,25,38
string_acoustic_060-057-050,string_acoustic_060,57,50,38
string_acoustic_060-057-075,string_acoustic_060,57,75,38
string_acoustic_060-057-100,string_acoustic_060,57,100,38
string_acoustic_060-057-127,string_acoustic_060,57,127,38
string_acoustic_061-057-025,string_acoustic_061,57,25,38
string_acoustic_061-057-050,string_acoustic_061,57,50,38
string_acoustic_061-057-075,string_acoustic_061,57,75,38
string_acoustic_061-057-100,string_acoustic_061,57,100,38
string_acoustic_061-057-127,string_acoustic_061,57,127,38
string_acoustic_063-057-025,string_acoustic_063,57,25,38
string_acoustic_063-057-050,string_acoustic_063,57,50,38
string_acoustic_063-057-075,string_acoustic_063,57,75,38
string_acoustic_063-057-100,string_acoustic_063,57,100,38
string_acoustic_063-057-127,string_acoustic_063,57,127,38
string_acoustic_064-057-025,string_acoustic_064,57,25,38
string_acoustic_064-057-050,string_acoustic_064,57,50,38
string_acoustic_064-057-075,string_acoustic_064,57,75,38
string_acoustic_064-057-100,string_acoustic_064,57,100,38
string_acoustic_064-057-127,string_acoustic_064,57,127,38
string_acoustic_066-057-025,string_acoustic_066,57,25,38
string_acoustic_066-057-050,string_acoustic_066,57,50,38
string_acoustic_066-057-075,string_acoustic_066,57,75,38
string_acoustic_066-057-100,string_acoustic_066,57,100,38
string_acoustic_066-057-127,string_acoustic_066,57,127,38
string_acoustic_067-057-025,string_acoustic_067,57,25,38
string_acoustic_067-057-050,string_acoustic_067,57,50,38
string_acoustic_067-057-075,string_acoustic_067,57,75,38
string_acoustic_067-057-100,string_acoustic_067,57,100,38
string_acoustic_067-057-127,string_acoustic_067,57,127,38
string_acoustic_068-057-025,string_acoustic_068,57,25,37
string_acoustic_068-057-050,string_acoustic_068,57,50,37
string_acoustic_068-057-075,string_acoustic_068,57,75,33
string_acoustic_068-057-100,string_acoustic_068,57,100,32
string_acoustic_068-057-127,string_acoustic_068,57,127,32
string_acoustic_069-057-025,string_acoustic_069,57,25,38
string_acoustic_069-057-050,string_acoustic_069,57,50,38
string_acoustic_069-057-075,string_acoustic_069,57,75,38
string_acoustic_069-057-100,string_acoustic_069,57,100,38
string_acoustic_069-057-127,string_acoustic_069,57,127,38
string_acoustic_070-057-025,string_acoustic_070,57,25,38
string_acoustic_070-057-050,string_acoustic_070,57,50,38
string_acoustic_070-057-075,string_acoustic_070,57,75,38
string_acoustic_070-057-100,string_acoustic_070,57,100,38
string_acoustic_070-057-127,string_acoustic_070,57,127,38
string_acoustic_072-057-025,string_acoustic_072,57,25,38
string_acoustic_072-057-050,string_acoustic_072,57,50,38
string_acoustic_074-057-025,string_acoustic_074,57,25,38
string_acoustic_074-057-050,string_acoustic_074,57,50,38
string_acoustic_074-057-075,string_acoustic_074,57,75,38
string_acoustic_074-057-100,string_acoustic_074,57,100,38
string_acoustic_074-057-127,string_acoustic_074,57,127,38
string_acoustic_076-057-025,string_acoustic_076,57,25,38
string_acoustic_076-057-050,string_acoustic_076,57,50,38
string_acoustic_076-057-075,string_acoustic_076,57,75,38
string_acoustic_076-057-100,string_acoustic_076,57,100,38
string_acoustic_076-057-127,string_acoustic_076,57,127,38
string_acoustic_077-057-025,string_acoustic_077,57,25,38
string_acoustic_077-057-050,string_acoustic_077,57,50,38
string_acoustic_077-057-075,string_acoustic_077,57,75,38
string_acoustic_077-057-100,string_acoustic_077,57,100,38
string_acoustic_077-057-127,string_acoustic_077,57,127,38
string_acoustic_078-057-025,string_acoustic_078,57,25,38
string_acoustic_078-057-050,string_acoustic_078,57,50,38
string_acoustic_078-057-075,string_acoustic_078,57,75,38
string_acoustic_078-057-100,string_acoustic_078,57,100,38
string_acoustic_078-057-127,string_acoustic_078,57,127,38
string_acoustic_079-057-025,string_acoustic_079,57,25,38
string_acoustic_079-057-050,string_acoustic_079,57,50,38
string_acoustic_079-057-100,string_acoustic_079,57,100,22
string_acoustic_079-057-127,string_acoustic_079,57,127,22
string_acoustic_081-057-025,string_acoustic_081,57,25,38
string_acoustic_081-057-050,string_acoustic_081,57,50,38
string_acoustic_081-057-100,string_acoustic_081,57,100,22
string_acoustic_081-057-127,string_acoustic_081,57,127,22
string_acoustic_082-057-025,string_acoustic_082,57,25,38
string_acoustic_082-057-050,string_acoustic_082,57,50,38
string_acoustic_082-057-075,string_acoustic_082,57,75,38
string_acoustic_082-057-100,string_acoustic_082,57,100,38
string_acoustic_082-057-127,string_acoustic_082,57,127,38
string_acoustic_083-057-025,string_acoustic_083,57,25,38
string_acoustic_083-057-050,string_acoustic_083,57,50,38
string_acoustic_083-057-075,string_acoustic_083,57,75,38
string_acoustic_083-057-100,string_acoustic_083,57,100,38
string_acoustic_083-057-127,string_acoustic_083,57,127,38
string_acoustic_084-057-025,string_acoustic_084,57,25,36
string_acoustic_084-057-050,string_acoustic_084,57,50,38
string_acoustic_084-057-075,string_acoustic_084,57,75,36
string_acoustic_084-057-100,string_acoustic_084,57,100,36
string_acoustic_084-057-127,string_acoustic_084,57,127,37
string_acoustic_086-057-025,string_acoustic_086,57,25,38
string_acoustic_086-057-050,string_acoustic_086,57,50,38
string_acoustic_086-057-075,string_acoustic_086,57,75,38
string_acoustic_086-057-100,string_acoustic_086,57,100,38
string_acoustic_086-057-127,string_acoustic_086,57,127,38
string_acoustic_088-057-025,string_acoustic_088,57,25,38
string_acoustic_088-057-050,string_acoustic_088,57,50,38
string_acoustic_088-057-075,string_acoustic_088,57,75,38
string_acoustic_088-057-100,string_acoustic_088,57,100,38
string_acoustic_088-057-127,string_acoustic_088,57,127,38
string_acoustic_089-057-025,string_acoustic_089,57,25,38
string_acoustic_089-057-050,string_acoustic_089,57,50,38
string_acoustic_089-057-075,string_acoustic_089,57,75,38
string_acoustic_089-057-100,string_acoustic_089,57,100,38
string_acoustic_089-057-127,string_acoustic_089,57,127,38
string_acoustic_090-057-025,string_acoustic_090,57,25,38
string_acoustic_090-057-050,string_acoustic_090,57,50,38
string_acoustic_090-057-075,string_acoustic_090,57,75,38
string_acoustic_090-057-100,string_acoustic_090,57,100,38
string_acoustic_090-057-127,string_acoustic_090,57,127,38
string_acoustic_001-058-025,string_acoustic_001,58,25,38
string_acoustic_001-058-050,string_acoustic_001,58,50,38
string_acoustic_001-058-075,string_acoustic_001,58,75,38
string_acoustic_001-058-100,string_acoustic_001,58,100,38
string_acoustic_001-058-127,string_acoustic_001,58,127,38
string_acoustic_002-058-075,string_acoustic_002,58,75,36
string_acoustic_002-058-100,string_acoustic_002,58,100,35
string_acoustic_002-058-127,string_acoustic_002,58,127,36
string_acoustic_003-058-025,string_acoustic_003,58,25,38
string_acoustic_003-058-050,string_acoustic_003,58,50,38
string_acoustic_003-058-075,string_acoustic_003,58,75,38
string_acoustic_003-058-100,string_acoustic_003,58,100,38
string_acoustic_003-058-127,string_acoustic_003,58,127,38
string_acoustic_006-058-025,string_acoustic_006,58,25,38
string_acoustic_006-058-050,string_acoustic_006,58,50,38
string_acoustic_006-058-075,string_acoustic_006,58,75,38
string_acoustic_006-058-100,string_acoustic_006,58,100,38
string_acoustic_006-058-127,string_acoustic_006,58,127,38
string_acoustic_007-058-025,string_acoustic_007,58,25,38
string_acoustic_007-058-050,string_acoustic_007,58,50,38
string_acoustic_007-058-075,string_acoustic_007,58,75,38
string_acoustic_007-058-100,string_acoustic_007,58,100,38
string_acoustic_007-058-127,string_acoustic_007,58,127,38
string_acoustic_008-058-025,string_acoustic_008,58,25,38
string_acoustic_008-058-050,string_acoustic_008,58,50,38
string_acoustic_008-058-075,string_acoustic_008,58,75,38
string_acoustic_008-058-100,string_acoustic_008,58,100,38
string_acoustic_008-058-127,string_acoustic_008,58,127,38
string_acoustic_009-058-025,string_acoustic_009,58,25,38
string_acoustic_009-058-050,string_acoustic_009,58,50,38
string_acoustic_009-058-075,string_acoustic_009,58,75,38
string_acoustic_009-058-100,string_acoustic_009,58,100,38
string_acoustic_009-058-127,string_acoustic_009,58,127,38
string_acoustic_010-058-025,string_acoustic_010,58,25,25
string_acoustic_010-058-050,string_acoustic_010,58,50,25
string_acoustic_010-058-075,string_acoustic_010,58,75,25
string_acoustic_010-058-100,string_acoustic_010,58,100,25
string_acoustic_011-058-025,string_acoustic_011,58,25,38
string_acoustic_011-058-050,string_acoustic_011,58,50,38
string_acoustic_011-058-075,string_acoustic_011,58,75,38
string_acoustic_011-058-100,string_acoustic_011,58,100,38
string_acoustic_011-058-127,string_acoustic_011,58,127,38
string_acoustic_013-058-025,string_acoustic_013,58,25,38
string_acoustic_013-058-050,string_acoustic_013,58,50,38
string_acoustic_013-058-075,string_acoustic_013,58,75,38
string_acoustic_013-058-100,string_acoustic_013,58,100,38
string_acoustic_013-058-127,string_acoustic_013,58,127,38
string_acoustic_015-058-025,string_acoustic_015,58,25,38
string_acoustic_015-058-050,string_acoustic_015,58,50,38
string_acoustic_015-058-075,string_acoustic_015,58,75,38
string_acoustic_015-058-100,string_acoustic_015,58,100,38
string_acoustic_015-058-127,string_acoustic_015,58,127,38
string_acoustic_017-058-025,string_acoustic_017,58,25,38
string_acoustic_017-058-050,string_acoustic_017,58,50,38
string_acoustic_017-058-075,string_acoustic_017,58,75,38
string_acoustic_017-058-100,string_acoustic_017,58,100,38
string_acoustic_017-058-127,string_acoustic_017,58,127,38
string_acoustic_018-058-025,string_acoustic_018,58,25,38
string_acoustic_018-058-050,string_acoustic_018,58,50,38
string_acoustic_018-058-075,string_acoustic_018,58,75,38
string_acoustic_018-058-100,string_acoustic_018,58,100,38
string_acoustic_018-058-127,string_acoustic_018,58,127,38
string_acoustic_019-058-025,string_acoustic_019,58,25,38
string_acoustic_019-058-050,string_acoustic_019,58,50,38
string_acoustic_019-058-075,string_acoustic_019,58,75,38
string_acoustic_019-058-100,string_acoustic_019,58,100,38
string_acoustic_019-058-127,string_acoustic_019,58,127,38
string_acoustic_020-058-025,string_acoustic_020,58,25,38
string_acoustic_020-058-050,string_acoustic_020,58,50,38
string_acoustic_020-058-075,string_acoustic_020,58,75,38
string_acoustic_020-058-100,string_acoustic_020,58,100,38
string_acoustic_020-058-127,string_acoustic_020,58,127,38
string_acoustic_021-058-025,string_acoustic_021,58,25,38
string_acoustic_021-058-050,string_acoustic_021,58,50,38
string_acoustic_021-058-075,string_acoustic_021,58,75,38
string_acoustic_021-058-100,string_acoustic_021,58,100,38
string_acoustic_021-058-127,string_acoustic_021,58,127,38
string_acoustic_023-058-025,string_acoustic_023,58,25,38
string_acoustic_023-058-050,string_acoustic_023,58,50,38
string_acoustic_023-058-075,string_acoustic_023,58,75,38
string_acoustic_023-058-100,string_acoustic_023,58,100,38
string_acoustic_023-058-127,string_acoustic_023,58,127,38
string_acoustic_024-058-025,string_acoustic_024,58,25,38
string_acoustic_024-058-050,string_acoustic_024,58,50,38
string_acoustic_024-058-075,string_acoustic_024,58,75,38
string_acoustic_024-058-100,string_acoustic_024,58,100,38
string_acoustic_024-058-127,string_acoustic_024,58,127,38
string_acoustic_029-058-025,string_acoustic_029,58,25,38
string_acoustic_029-058-050,string_acoustic_029,58,50,38
string_acoustic_029-058-075,string_acoustic_029,58,75,38
string_acoustic_029-058-100,string_acoustic_029,58,100,38
string_acoustic_029-058-127,string_acoustic_029,58,127,38
string_acoustic_030-058-025,string_acoustic_030,58,25,38
string_acoustic_030-058-050,string_acoustic_030,58,50,38
string_acoustic_030-058-075,string_acoustic_030,58,75,38
string_acoustic_030-058-100,string_acoustic_030,58,100,38
string_acoustic_030-058-127,string_acoustic_030,58,127,38
string_acoustic_033-058-025,string_acoustic_033,58,25,38
string_acoustic_033-058-050,string_acoustic_033,58,50,38
string_acoustic_033-058-075,string_acoustic_033,58,75,38
string_acoustic_033-058-100,string_acoustic_033,58,100,38
string_acoustic_033-058-127,string_acoustic_033,58,127,38
string_acoustic_034-058-100,string_acoustic_034,58,100,21
string_acoustic_034-058-127,string_acoustic_034,58,127,21
string_acoustic_035-058-025,string_acoustic_035,58,25,38
string_acoustic_035-058-050,string_acoustic_035,58,50,38
string_acoustic_035-058-075,string_acoustic_035,58,75,38
string_acoustic_035-058-100,string_acoustic_035,58,100,38
string_acoustic_035-058-127,string_acoustic_035,58,127,38
string_acoustic_036-058-025,string_acoustic_036,58,25,38
string_acoustic_036-058-050,string_acoustic_036,58,50,38
string_acoustic_036-058-075,string_acoustic_036,58,75,38
string_acoustic_036-058-100,string_acoustic_036,58,100,38
string_acoustic_036-058-127,string_acoustic_036,58,127,38
string_acoustic_040-058-025,string_acoustic_040,58,25,38
string_acoustic_040-058-050,string_acoustic_040,58,50,38
string_acoustic_040-058-075,string_acoustic_040,58,75,38
string_acoustic_040-058-100,string_acoustic_040,58,100,38
string_acoustic_040-058-127,string_acoustic_040,58,127,38
string_acoustic_042-058-025,string_acoustic_042,58,25,38
string_acoustic_042-058-050,string_acoustic_042,58,50,38
string_acoustic_042-058-075,string_acoustic_042,58,75,38
string_acoustic_042-058-100,string_acoustic_042,58,100,38
string_acoustic_042-058-127,string_acoustic_042,58,127,38
string_acoustic_043-058-025,string_acoustic_043,58,25,38
string_acoustic_043-058-050,string_acoustic_043,58,50,38
string_acoustic_043-058-075,string_acoustic_043,58,75,38
string_acoustic_043-058-100,string_acoustic_043,58,100,38
string_acoustic_043-058-127,string_acoustic_043,58,127,38
string_acoustic_044-058-025,string_acoustic_044,58,25,38
string_acoustic_044-058-050,string_acoustic_044,58,50,38
string_acoustic_044-058-075,string_acoustic_044,58,75,38
string_acoustic_044-058-100,string_acoustic_044,58,100,38
string_acoustic_044-058-127,string_acoustic_044,58,127,38
string_acoustic_045-058-025,string_acoustic_045,58,25,38
string_acoustic_045-058-050,string_acoustic_045,58,50,38
string_acoustic_045-058-075,string_acoustic_045,58,75,38
string_acoustic_045-058-100,string_acoustic_045,58,100,38
string_acoustic_045-058-127,string_acoustic_045,58,127,38
string_acoustic_047-058-025,string_acoustic_047,58,25,38
string_acoustic_047-058-050,string_acoustic_047,58,50,38
string_acoustic_047-058-075,string_acoustic_047,58,75,38
string_acoustic_047-058-100,string_acoustic_047,58,100,38
string_acoustic_047-058-127,string_acoustic_047,58,127,38
string_acoustic_048-058-025,string_acoustic_048,58,25,38
string_acoustic_048-058-050,string_acoustic_048,58,50,38
string_acoustic_048-058-075,string_acoustic_048,58,75,38
string_acoustic_048-058-100,string_acoustic_048,58,100,38
string_acoustic_048-058-127,string_acoustic_048,58,127,38
string_acoustic_049-058-025,string_acoustic_049,58,25,38
string_acoustic_049-058-050,string_acoustic_049,58,50,38
string_acoustic_049-058-075,string_acoustic_049,58,75,38
string_acoustic_049-058-100,string_acoustic_049,58,100,38
string_acoustic_049-058-127,string_acoustic_049,58,127,38
string_acoustic_051-058-025,string_acoustic_051,58,25,38
string_acoustic_051-058-050,string_acoustic_051,58,50,38
string_acoustic_051-058-075,string_acoustic_051,58,75,38
string_acoustic_051-058-100,string_acoustic_051,58,100,38
string_acoustic_051-058-127,string_acoustic_051,58,127,38
string_acoustic_052-058-025,string_acoustic_052,58,25,38
string_acoustic_052-058-050,string_acoustic_052,58,50,38
string_acoustic_052-058-075,string_acoustic_052,58,75,38
string_acoustic_052-058-100,string_acoustic_052,58,100,38
string_acoustic_052-058-127,string_acoustic_052,58,127,38
string_acoustic_054-058-025,string_acoustic_054,58,25,38
string_acoustic_054-058-050,string_acoustic_054,58,50,38
string_acoustic_054-058-075,string_acoustic_054,58,75,38
string_acoustic_054-058-100,string_acoustic_054,58,100,38
string_acoustic_054-058-127,string_acoustic_054,58,127,38
string_acoustic_055-058-025,string_acoustic_055,58,25,38
string_acoustic_055-058-050,string_acoustic_055,58,50,38
string_acoustic_055-058-075,string_acoustic_055,58,75,38
string_acoustic_055-058-100,string_acoustic_055,58,100,38
string_acoustic_055-058-127,string_acoustic_055,58,127,38
string_acoustic_059-058-025,string_acoustic_059,58,25,38
string_acoustic_059-058-050,string_acoustic_059,58,50,38
string_acoustic_059-058-075,string_acoustic_059,58,75,38
string_acoustic_059-058-100,string_acoustic_059,58,100,38
string_acoustic_059-058-127,string_acoustic_059,58,127,38
string_acoustic_060-058-025,string_acoustic_060,58,25,38
string_acoustic_060-058-050,string_acoustic_060,58,50,38
string_acoustic_060-058-075,string_acoustic_060,58,75,38
string_acoustic_060-058-100,string_acoustic_060,58,100,38
string_acoustic_060-058-127,string_acoustic_060,58,127,38
string_acoustic_061-058-025,string_acoustic_061,58,25,38
string_acoustic_061-058-050,string_acoustic_061,58,50,38
string_acoustic_061-058-075,string_acoustic_061,58,75,38
string_acoustic_061-058-100,string_acoustic_061,58,100,38
string_acoustic_061-058-127,string_acoustic_061,58,127,38
string_acoustic_063-058-025,string_acoustic_063,58,25,38
string_acoustic_063-058-050,string_acoustic_063,58,50,38
string_acoustic_063-058-075,string_acoustic_063,58,75,38
string_acoustic_063-058-100,string_acoustic_063,58,100,38
string_acoustic_063-058-127,string_acoustic_063,58,127,38
string_acoustic_064-058-025,string_acoustic_064,58,25,38
string_acoustic_064-058-050,string_acoustic_064,58,50,38
string_acoustic_064-058-075,string_acoustic_064,58,75,38
string_acoustic_064-058-100,string_acoustic_064,58,100,38
string_acoustic_064-058-127,string_acoustic_064,58,127,38
string_acoustic_065-058-075,string_acoustic_065,58,75,27
string_acoustic_065-058-100,string_acoustic_065,58,100,32
string_acoustic_065-058-127,string_acoustic_065,58,127,32
string_acoustic_066-058-025,string_acoustic_066,58,25,38
string_acoustic_066-058-050,string_acoustic_066,58,50,38
string_acoustic_066-058-075,string_acoustic_066,58,75,38
string_acoustic_066-058-100,string_acoustic_066,58,100,38
string_acoustic_066-058-127,string_acoustic_066,58,127,38
string_acoustic_067-058-025,string_acoustic_067,58,25,38
string_acoustic_067-058-050,string_acoustic_067,58,50,38
string_acoustic_067-058-075,string_acoustic_067,58,75,38
string_acoustic_067-058-100,string_acoustic_067,58,100,38
string_acoustic_067-058-127,string_acoustic_067,58,127,38
string_acoustic_068-058-075,string_acoustic_068,58,75,21
string_acoustic_068-058-100,string_acoustic_068,58,100,26
string_acoustic_068-058-127,string_acoustic_068,58,127,26
string_acoustic_069-058-025,string_acoustic_069,58,25,38
string_acoustic_069-058-050,string_acoustic_069,58,50,38
string_acoustic_069-058-075,string_acoustic_069,58,75,38
string_acoustic_069-058-100,string_acoustic_069,58,100,38
string_acoustic_069-058-127,string_acoustic_069,58,127,38
string_acoustic_070-058-025,string_acoustic_070,58,25,38
string_acoustic_070-058-050,string_acoustic_070,58,50,38
string_acoustic_070-058-075,string_acoustic_070,58,75,38
string_acoustic_070-058-100,string_acoustic_070,58,100,38
string_acoustic_070-058-127,string_acoustic_070,58,127,38
string_acoustic_074-058-025,string_acoustic_074,58,25,38
string_acoustic_074-058-050,string_acoustic_074,58,50,38
string_acoustic_074-058-075,string_acoustic_074,58,75,38
string_acoustic_074-058-100,string_acoustic_074,58,100,38
string_acoustic_074-058-127,string_acoustic_074,58,127,38
string_acoustic_076-058-025,string_acoustic_076,58,25,38
string_acoustic_076-058-050,string_acoustic_076,58,50,38
string_acoustic_076-058-075,string_acoustic_076,58,75,38
string_acoustic_076-058-100,string_acoustic_076,58,100,38
string_acoustic_076-058-127,string_acoustic_076,58,127,38
string_acoustic_077-058-025,string_acoustic_077,58,25,38
string_acoustic_077-058-050,string_acoustic_077,58,50,38
string_acoustic_077-058-075,string_acoustic_077,58,75,38
string_acoustic_077-058-100,string_acoustic_077,58,100,38
string_acoustic_077-058-127,string_acoustic_077,58,127,38
string_acoustic_078-058-025,string_acoustic_078,58,25,38
string_acoustic_078-058-050,string_acoustic_078,58,50,38
string_acoustic_078-058-075,string_acoustic_078,58,75,38
string_acoustic_078-058-100,string_acoustic_078,58,100,38
string_acoustic_078-058-127,string_acoustic_078,58,127,38
string_acoustic_079-058-075,string_acoustic_079,58,75,37
string_acoustic_079-058-100,string_acoustic_079,58,100,37
string_acoustic_079-058-127,string_acoustic_079,58,127,37
string_acoustic_081-058-075,string_acoustic_081,58,75,37
string_acoustic_081-058-100,string_acoustic_081,58,100,37
string_acoustic_081-058-127,string_acoustic_081,58,127,37
string_acoustic_082-058-025,string_acoustic_082,58,25,38
string_acoustic_082-058-050,string_acoustic_082,58,50,38
string_acoustic_082-058-075,string_acoustic_082,58,75,38
string_acoustic_082-058-100,string_acoustic_082,58,100,38
string_acoustic_082-058-127,string_acoustic_082,58,127,38
string_acoustic_083-058-025,string_acoustic_083,58,25,38
string_acoustic_083-058-050,string_acoustic_083,58,50,38
string_acoustic_083-058-075,string_acoustic_083,58,75,38
string_acoustic_083-058-100,string_acoustic_083,58,100,38
string_acoustic_083-058-127,string_acoustic_083,58,127,38
string_acoustic_086-058-025,string_acoustic_086,58,25,38
string_acoustic_086-058-050,string_acoustic_086,58,50,38
string_acoustic_086-058-075,string_acoustic_086,58,75,38
string_acoustic_086-058-100,string_acoustic_086,58,100,38
string_acoustic_086-058-127,string_acoustic_086,58,127,38
string_acoustic_088-058-025,string_acoustic_088,58,25,38
string_acoustic_088-058-050,string_acoustic_088,58,50,38
string_acoustic_088-058-075,string_acoustic_088,58,75,38
string_acoustic_088-058-100,string_acoustic_088,58,100,38
string_acoustic_088-058-127,string_acoustic_088,58,127,38
string_acoustic_089-058-025,string_acoustic_089,58,25,38
string_acoustic_089-058-050,string_acoustic_089,58,50,38
string_acoustic_089-058-075,string_acoustic_089,58,75,38
string_acoustic_089-058-100,string_acoustic_089,58,100,38
string_acoustic_089-058-127,string_acoustic_089,58,127,38
string_acoustic_090-058-025,string_acoustic_090,58,25,38
string_acoustic_090-058-050,string_acoustic_090,58,50,38
string_acoustic_090-058-075,string_acoustic_090,58,75,38
string_acoustic_090-058-100,string_acoustic_090,58,100,38
string_acoustic_090-058-127,string_acoustic_090,58,127,38
string_acoustic_001-059-025,string_acoustic_001,59,25,38
string_acoustic_001-059-050,string_acoustic_001,59,50,38
string_acoustic_001-059-075,string_acoustic_001,59,75,38
string_acoustic_001-059-100,string_acoustic_001,59,100,38
string_acoustic_001-059-127,string_acoustic_001,59,127,38
string_acoustic_002-059-025,string_acoustic_002,59,25,20
string_acoustic_002-059-050,string_acoustic_002,59,50,20
string_acoustic_002-059-100,string_acoustic_002,59,100,32
string_acoustic_002-059-127,string_acoustic_002,59,127,23
string_acoustic_003-059-025,string_acoustic_003,59,25,38
string_acoustic_003-059-050,string_acoustic_003,59,50,38
string_acoustic_003-059-075,string_acoustic_003,59,75,38
string_acoustic_003-059-100,string_acoustic_003,59,100,38
string_acoustic_003-059-127,string_acoustic_003,59,127,38
string_acoustic_006-059-025,string_acoustic_006,59,25,38
string_acoustic_006-059-050,string_acoustic_006,59,50,38
string_acoustic_006-059-075,string_acoustic_006,59,75,38
string_acoustic_006-059-100,string_acoustic_006,59,100,38
string_acoustic_006-059-127,string_acoustic_006,59,127,38
string_acoustic_007-059-025,string_acoustic_007,59,25,38
string_acoustic_007-059-050,string_acoustic_007,59,50,38
string_acoustic_007-059-075,string_acoustic_007,59,75,38
string_acoustic_007-059-100,string_acoustic_007,59,100,38
string_acoustic_007-059-127,string_acoustic_007,59,127,38
string_acoustic_008-059-025,string_acoustic_008,59,25,38
string_acoustic_008-059-050,string_acoustic_008,59,50,38
string_acoustic_008-059-075,string_acoustic_008,59,75,38
string_acoustic_008-059-100,string_acoustic_008,59,100,38
string_acoustic_008-059-127,string_acoustic_008,59,127,38
string_acoustic_009-059-025,string_acoustic_009,59,25,38
string_acoustic_009-059-050,string_acoustic_009,59,50,38
string_acoustic_009-059-075,string_acoustic_009,59,75,38
string_acoustic_009-059-100,string_acoustic_009,59,100,38
string_acoustic_009-059-127,string_acoustic_009,59,127,38
string_acoustic_011-059-025,string_acoustic_011,59,25,38
string_acoustic_011-059-050,string_acoustic_011,59,50,38
string_acoustic_011-059-075,string_acoustic_011,59,75,38
string_acoustic_011-059-100,string_acoustic_011,59,100,38
string_acoustic_011-059-127,string_acoustic_011,59,127,38
string_acoustic_013-059-025,string_acoustic_013,59,25,38
string_acoustic_013-059-050,string_acoustic_013,59,50,38
string_acoustic_013-059-075,string_acoustic_013,59,75,38
string_acoustic_013-059-100,string_acoustic_013,59,100,38
string_acoustic_013-059-127,string_acoustic_013,59,127,38
string_acoustic_015-059-025,string_acoustic_015,59,25,38
string_acoustic_015-059-050,string_acoustic_015,59,50,38
string_acoustic_015-059-075,string_acoustic_015,59,75,38
string_acoustic_015-059-100,string_acoustic_015,59,100,38
string_acoustic_015-059-127,string_acoustic_015,59,127,38
string_acoustic_017-059-025,string_acoustic_017,59,25,38
string_acoustic_017-059-050,string_acoustic_017,59,50,38
string_acoustic_017-059-075,string_acoustic_017,59,75,38
string_acoustic_017-059-100,string_acoustic_017,59,100,38
string_acoustic_017-059-127,string_acoustic_017,59,127,38
string_acoustic_018-059-025,string_acoustic_018,59,25,38
string_acoustic_018-059-050,string_acoustic_018,59,50,38
string_acoustic_018-059-075,string_acoustic_018,59,75,38
string_acoustic_018-059-100,string_acoustic_018,59,100,38
string_acoustic_018-059-127,string_acoustic_018,59,127,38
string_acoustic_019-059-025,string_acoustic_019,59,25,38
string_acoustic_019-059-050,string_acoustic_019,59,50,38
string_acoustic_019-059-075,string_acoustic_019,59,75,38
string_acoustic_019-059-100,string_acoustic_019,59,100,38
string_acoustic_019-059-127,string_acoustic_019,59,127,38
string_acoustic_020-059-025,string_acoustic_020,59,25,38
string_acoustic_020-059-050,string_acoustic_020,59,50,38
string_acoustic_020-059-075,string_acoustic_020,59,75,38
string_acoustic_020-059-100,string_acoustic_020,59,100,38
string_acoustic_020-059-127,string_acoustic_020,59,127,38
string_acoustic_021-059-025,string_acoustic_021,59,25,38
string_acoustic_021-059-050,string_acoustic_021,59,50,38
string_acoustic_021-059-075,string_acoustic_021,59,75,38
string_acoustic_021-059-100,string_acoustic_021,59,100,38
string_acoustic_021-059-127,string_acoustic_021,59,127,38
string_acoustic_023-059-025,string_acoustic_023,59,25,38
string_acoustic_023-059-050,string_acoustic_023,59,50,38
string_acoustic_023-059-075,string_acoustic_023,59,75,38
string_acoustic_023-059-100,string_acoustic_023,59,100,38
string_acoustic_023-059-127,string_acoustic_023,59,127,38
string_acoustic_024-059-025,string_acoustic_024,59,25,38
string_acoustic_024-059-050,string_acoustic_024,59,50,38
string_acoustic_024-059-075,string_acoustic_024,59,75,38
string_acoustic_024-059-100,string_acoustic_024,59,100,38
string_acoustic_024-059-127,string_acoustic_024,59,127,38
string_acoustic_029-059-025,string_acoustic_029,59,25,38
string_acoustic_029-059-050,string_acoustic_029,59,50,38
string_acoustic_029-059-075,string_acoustic_029,59,75,38
string_acoustic_029-059-100,string_acoustic_029,59,100,38
string_acoustic_029-059-127,string_acoustic_029,59,127,38
string_acoustic_030-059-025,string_acoustic_030,59,25,38
string_acoustic_030-059-050,string_acoustic_030,59,50,38
string_acoustic_030-059-075,string_acoustic_030,59,75,38
string_acoustic_030-059-100,string_acoustic_030,59,100,38
string_acoustic_030-059-127,string_acoustic_030,59,127,38
string_acoustic_032-059-025,string_acoustic_032,59,25,26
string_acoustic_032-059-050,string_acoustic_032,59,50,26
string_acoustic_033-059-025,string_acoustic_033,59,25,38
string_acoustic_033-059-050,string_acoustic_033,59,50,38
string_acoustic_033-059-075,string_acoustic_033,59,75,38
string_acoustic_033-059-100,string_acoustic_033,59,100,38
string_acoustic_033-059-127,string_acoustic_033,59,127,38
string_acoustic_035-059-025,string_acoustic_035,59,25,38
string_acoustic_035-059-050,string_acoustic_035,59,50,38
string_acoustic_035-059-075,string_acoustic_035,59,75,38
string_acoustic_035-059-100,string_acoustic_035,59,100,38
string_acoustic_035-059-127,string_acoustic_035,59,127,38
string_acoustic_036-059-025,string_acoustic_036,59,25,38
string_acoustic_036-059-050,string_acoustic_036,59,50,38
string_acoustic_036-059-075,string_acoustic_036,59,75,38
string_acoustic_036-059-100,string_acoustic_036,59,100,38
string_acoustic_036-059-127,string_acoustic_036,59,127,38
string_acoustic_040-059-025,string_acoustic_040,59,25,38
string_acoustic_040-059-050,string_acoustic_040,59,50,38
string_acoustic_040-059-075,string_acoustic_040,59,75,38
string_acoustic_040-059-100,string_acoustic_040,59,100,38
string_acoustic_040-059-127,string_acoustic_040,59,127,38
string_acoustic_042-059-025,string_acoustic_042,59,25,38
string_acoustic_042-059-050,string_acoustic_042,59,50,38
string_acoustic_042-059-075,string_acoustic_042,59,75,38
string_acoustic_042-059-100,string_acoustic_042,59,100,38
string_acoustic_042-059-127,string_acoustic_042,59,127,38
string_acoustic_043-059-025,string_acoustic_043,59,25,38
string_acoustic_043-059-050,string_acoustic_043,59,50,38
string_acoustic_043-059-075,string_acoustic_043,59,75,38
string_acoustic_043-059-100,string_acoustic_043,59,100,38
string_acoustic_043-059-127,string_acoustic_043,59,127,38
string_acoustic_044-059-025,string_acoustic_044,59,25,38
string_acoustic_044-059-050,string_acoustic_044,59,50,38
string_acoustic_044-059-075,string_acoustic_044,59,75,38
string_acoustic_044-059-100,string_acoustic_044,59,100,38
string_acoustic_044-059-127,string_acoustic_044,59,127,38
string_acoustic_045-059-025,string_acoustic_045,59,25,38
string_acoustic_045-059-050,string_acoustic_045,59,50,38
string_acoustic_045-059-075,string_acoustic_045,59,75,38
string_acoustic_045-059-100,string_acoustic_045,59,100,38
string_acoustic_045-059-127,string_acoustic_045,59,127,38
string_acoustic_047-059-025,string_acoustic_047,59,25,38
string_acoustic_047-059-050,string_acoustic_047,59,50,38
string_acoustic_047-059-075,string_acoustic_047,59,75,38
string_acoustic_047-059-100,string_acoustic_047,59,100,38
string_acoustic_047-059-127,string_acoustic_047,59,127,38
string_acoustic_048-059-025,string_acoustic_048,59,25,38
string_acoustic_048-059-050,string_acoustic_048,59,50,38
string_acoustic_048-059-075,string_acoustic_048,59,75,38
string_acoustic_048-059-100,string_acoustic_048,59,100,38
string_acoustic_048-059-127,string_acoustic_048,59,127,38
string_acoustic_049-059-025,string_acoustic_049,59,25,38
string_acoustic_049-059-050,string_acoustic_049,59,50,38
string_acoustic_049-059-075,string_acoustic_049,59,75,38
string_acoustic_049-059-100,string_acoustic_049,59,100,38
string_acoustic_049-059-127,string_acoustic_049,59,127,38
string_acoustic_051-059-025,string_acoustic_051,59,25,38
string_acoustic_051-059-050,string_acoustic_051,59,50,38
string_acoustic_051-059-075,string_acoustic_051,59,75,38
string_acoustic_051-059-100,string_acoustic_051,59,100,38
string_acoustic_051-059-127,string_acoustic_051,59,127,38
string_acoustic_052-059-025,string_acoustic_052,59,25,38
string_acoustic_052-059-050,string_acoustic_052,59,50,38
string_acoustic_052-059-075,string_acoustic_052,59,75,38
string_acoustic_052-059-100,string_acoustic_052,59,100,38
string_acoustic_052-059-127,string_acoustic_052,59,127,38
string_acoustic_053-059-127,string_acoustic_053,59,127,34
string_acoustic_054-059-025,string_acoustic_054,59,25,38
string_acoustic_054-059-050,string_acoustic_054,59,50,38
string_acoustic_054-059-075,string_acoustic_054,59,75,38
string_acoustic_054-059-100,string_acoustic_054,59,100,38
string_acoustic_054-059-127,string_acoustic_054,59,127,38
string_acoustic_055-059-025,string_acoustic_055,59,25,38
string_acoustic_055-059-050,string_acoustic_055,59,50,38
string_acoustic_055-059-075,string_acoustic_055,59,75,38
string_acoustic_055-059-100,string_acoustic_055,59,100,38
string_acoustic_055-059-127,string_acoustic_055,59,127,38
string_acoustic_059-059-025,string_acoustic_059,59,25,38
string_acoustic_059-059-050,string_acoustic_059,59,50,38
string_acoustic_059-059-075,string_acoustic_059,59,75,38
string_acoustic_059-059-100,string_acoustic_059,59,100,38
string_acoustic_059-059-127,string_acoustic_059,59,127,38
string_acoustic_060-059-025,string_acoustic_060,59,25,38
string_acoustic_060-059-050,string_acoustic_060,59,50,38
string_acoustic_060-059-075,string_acoustic_060,59,75,38
string_acoustic_060-059-100,string_acoustic_060,59,100,38
string_acoustic_060-059-127,string_acoustic_060,59,127,38
string_acoustic_061-059-025,string_acoustic_061,59,25,38
string_acoustic_061-059-050,string_acoustic_061,59,50,38
string_acoustic_061-059-075,string_acoustic_061,59,75,38
string_acoustic_061-059-100,string_acoustic_061,59,100,38
string_acoustic_061-059-127,string_acoustic_061,59,127,38
string_acoustic_063-059-025,string_acoustic_063,59,25,38
string_acoustic_063-059-050,string_acoustic_063,59,50,38
string_acoustic_063-059-075,string_acoustic_063,59,75,38
string_acoustic_063-059-100,string_acoustic_063,59,100,38
string_acoustic_063-059-127,string_acoustic_063,59,127,38
string_acoustic_064-059-025,string_acoustic_064,59,25,38
string_acoustic_064-059-050,string_acoustic_064,59,50,38
string_acoustic_064-059-075,string_acoustic_064,59,75,38
string_acoustic_064-059-100,string_acoustic_064,59,100,38
string_acoustic_064-059-127,string_acoustic_064,59,127,38
string_acoustic_065-059-025,string_acoustic_065,59,25,38
string_acoustic_065-059-050,string_acoustic_065,59,50,38
string_acoustic_065-059-100,string_acoustic_065,59,100,35
string_acoustic_065-059-127,string_acoustic_065,59,127,35
string_acoustic_066-059-025,string_acoustic_066,59,25,38
string_acoustic_066-059-050,string_acoustic_066,59,50,38
string_acoustic_066-059-075,string_acoustic_066,59,75,38
string_acoustic_066-059-100,string_acoustic_066,59,100,38
string_acoustic_066-059-127,string_acoustic_066,59,127,38
string_acoustic_067-059-025,string_acoustic_067,59,25,38
string_acoustic_067-059-050,string_acoustic_067,59,50,38
string_acoustic_067-059-075,string_acoustic_067,59,75,38
string_acoustic_067-059-100,string_acoustic_067,59,100,38
string_acoustic_067-059-127,string_acoustic_067,59,127,38
string_acoustic_069-059-025,string_acoustic_069,59,25,38
string_acoustic_069-059-050,string_acoustic_069,59,50,38
string_acoustic_069-059-075,string_acoustic_069,59,75,38
string_acoustic_069-059-100,string_acoustic_069,59,100,38
string_acoustic_069-059-127,string_acoustic_069,59,127,38
string_acoustic_070-059-025,string_acoustic_070,59,25,38
string_acoustic_070-059-050,string_acoustic_070,59,50,38
string_acoustic_070-059-075,string_acoustic_070,59,75,38
string_acoustic_070-059-100,string_acoustic_070,59,100,38
string_acoustic_070-059-127,string_acoustic_070,59,127,38
string_acoustic_072-059-025,string_acoustic_072,59,25,38
string_acoustic_072-059-050,string_acoustic_072,59,50,38
string_acoustic_074-059-025,string_acoustic_074,59,25,38
string_acoustic_074-059-050,string_acoustic_074,59,50,38
string_acoustic_074-059-075,string_acoustic_074,59,75,38
string_acoustic_074-059-100,string_acoustic_074,59,100,38
string_acoustic_074-059-127,string_acoustic_074,59,127,38
string_acoustic_076-059-025,string_acoustic_076,59,25,38
string_acoustic_076-059-050,string_acoustic_076,59,50,38
string_acoustic_076-059-075,string_acoustic_076,59,75,38
string_acoustic_076-059-100,string_acoustic_076,59,100,38
string_acoustic_076-059-127,string_acoustic_076,59,127,38
string_acoustic_077-059-025,string_acoustic_077,59,25,38
string_acoustic_077-059-050,string_acoustic_077,59,50,38
string_acoustic_077-059-075,string_acoustic_077,59,75,38
string_acoustic_077-059-100,string_acoustic_077,59,100,38
string_acoustic_077-059-127,string_acoustic_077,59,127,38
string_acoustic_078-059-025,string_acoustic_078,59,25,38
string_acoustic_078-059-050,string_acoustic_078,59,50,38
string_acoustic_078-059-075,string_acoustic_078,59,75,38
string_acoustic_078-059-100,string_acoustic_078,59,100,38
string_acoustic_078-059-127,string_acoustic_078,59,127,38
string_acoustic_082-059-025,string_acoustic_082,59,25,38
string_acoustic_082-059-050,string_acoustic_082,59,50,38
string_acoustic_082-059-075,string_acoustic_082,59,75,38
string_acoustic_082-059-100,string_acoustic_082,59,100,38
string_acoustic_082-059-127,string_acoustic_082,59,127,38
string_acoustic_083-059-025,string_acoustic_083,59,25,38
string_acoustic_083-059-050,string_acoustic_083,59,50,38
string_acoustic_083-059-075,string_acoustic_083,59,75,38
string_acoustic_083-059-100,string_acoustic_083,59,100,38
string_acoustic_083-059-127,string_acoustic_083,59,127,38
string_acoustic_084-059-025,string_acoustic_084,59,25,29
string_acoustic_086-059-025,string_acoustic_086,59,25,38
string_acoustic_086-059-050,string_acoustic_086,59,50,38
string_acoustic_086-059-075,string_acoustic_086,59,75,38
string_acoustic_086-059-100,string_acoustic_086,59,100,38
string_acoustic_086-059-127,string_acoustic_086,59,127,38
string_acoustic_088-059-025,string_acoustic_088,59,25,38
string_acoustic_088-059-050,string_acoustic_088,59,50,38
string_acoustic_088-059-075,string_acoustic_088,59,75,38
string_acoustic_088-059-100,string_acoustic_088,59,100,38
string_acoustic_088-059-127,string_acoustic_088,59,127,38
string_acoustic_089-059-025,string_acoustic_089,59,25,38
string_acoustic_089-059-050,string_acoustic_089,59,50,38
string_acoustic_089-059-075,string_acoustic_089,59,75,38
string_acoustic_089-059-100,string_acoustic_089,59,100,38
string_acoustic_089-059-127,string_acoustic_089,59,127,38
string_acoustic_090-059-025,string_acoustic_090,59,25,38
string_acoustic_090-059-050,string_acoustic_090,59,50,38
string_acoustic_090-059-075,string_acoustic_090,59,75,38
string_acoustic_090-059-100,string_acoustic_090,59,100,38
string_acoustic_090-059-127,string_acoustic_090,59,127,38
string_acoustic_001-060-025,string_acoustic_001,60,25,38
string_acoustic_001-060-050,string_acoustic_001,60,50,38
string_acoustic_001-060-075,string_acoustic_001,60,75,38
string_acoustic_001-060-100,string_acoustic_001,60,100,38
string_acoustic_001-060-127,string_acoustic_001,60,127,38
string_acoustic_003-060-025,string_acoustic_003,60,25,38
string_acoustic_003-060-050,string_acoustic_003,60,50,38
string_acoustic_003-060-075,string_acoustic_003,60,75,38
string_acoustic_003-060-100,string_acoustic_003,60,100,38
string_acoustic_003-060-127,string_acoustic_003,60,127,38
string_acoustic_006-060-025,string_acoustic_006,60,25,38
string_acoustic_006-060-050,string_acoustic_006,60,50,38
string_acoustic_006-060-075,string_acoustic_006,60,75,38
string_acoustic_006-060-100,string_acoustic_006,60,100,38
string_acoustic_006-060-127,string_acoustic_006,60,127,38
string_acoustic_007-060-025,string_acoustic_007,60,25,38
string_acoustic_007-060-050,string_acoustic_007,60,50,38
string_acoustic_007-060-075,string_acoustic_007,60,75,38
string_acoustic_007-060-100,string_acoustic_007,60,100,38
string_acoustic_007-060-127,string_acoustic_007,60,127,38
string_acoustic_008-060-025,string_acoustic_008,60,25,38
string_acoustic_008-060-050,string_acoustic_008,60,50,38
string_acoustic_008-060-075,string_acoustic_008,60,75,38
string_acoustic_008-060-100,string_acoustic_008,60,100,38
string_acoustic_008-060-127,string_acoustic_008,60,127,38
string_acoustic_009-060-025,string_acoustic_009,60,25,38
string_acoustic_009-060-050,string_acoustic_009,60,50,38
string_acoustic_009-060-075,string_acoustic_009,60,75,38
string_acoustic_009-060-100,string_acoustic_009,60,100,38
string_acoustic_009-060-127,string_acoustic_009,60,127,38
string_acoustic_011-060-025,string_acoustic_011,60,25,38
string_acoustic_011-060-050,string_acoustic_011,60,50,38
string_acoustic_011-060-075,string_acoustic_011,60,75,38
string_acoustic_011-060-100,string_acoustic_011,60,100,38
string_acoustic_011-060-127,string_acoustic_011,60,127,38
string_acoustic_013-060-025,string_acoustic_013,60,25,38
string_acoustic_013-060-050,string_acoustic_013,60,50,38
string_acoustic_013-060-075,string_acoustic_013,60,75,38
string_acoustic_013-060-100,string_acoustic_013,60,100,38
string_acoustic_013-060-127,string_acoustic_013,60,127,38
string_acoustic_015-060-025,string_acoustic_015,60,25,38
string_acoustic_015-060-050,string_acoustic_015,60,50,38
string_acoustic_015-060-075,string_acoustic_015,60,75,38
string_acoustic_015-060-100,string_acoustic_015,60,100,38
string_acoustic_015-060-127,string_acoustic_015,60,127,38
string_acoustic_017-060-025,string_acoustic_017,60,25,38
string_acoustic_017-060-050,string_acoustic_017,60,50,38
string_acoustic_017-060-075,string_acoustic_017,60,75,38
string_acoustic_017-060-100,string_acoustic_017,60,100,38
string_acoustic_017-060-127,string_acoustic_017,60,127,38
string_acoustic_018-060-025,string_acoustic_018,60,25,38
string_acoustic_018-060-050,string_acoustic_018,60,50,38
string_acoustic_018-060-075,string_acoustic_018,60,75,38
string_acoustic_018-060-100,string_acoustic_018,60,100,38
string_acoustic_018-060-127,string_acoustic_018,60,127,38
string_acoustic_019-060-025,string_acoustic_019,60,25,38
string_acoustic_019-060-050,string_acoustic_019,60,50,38
string_acoustic_019-060-075,string_acoustic_019,60,75,38
string_acoustic_019-060-100,string_acoustic_019,60,100,38
string_acoustic_019-060-127,string_acoustic_019,60,127,38
string_acoustic_020-060-025,string_acoustic_020,60,25,38
string_acoustic_020-060-050,string_acoustic_020,60,50,38
string_acoustic_020-060-075,string_acoustic_020,60,75,38
string_acoustic_020-060-100,string_acoustic_020,60,100,38
string_acoustic_020-060-127,string_acoustic_020,60,127,38
string_acoustic_021-060-025,string_acoustic_021,60,25,38
string_acoustic_021-060-050,string_acoustic_021,60,50,38
string_acoustic_021-060-075,string_acoustic_021,60,75,38
string_acoustic_021-060-100,string_acoustic_021,60,100,38
string_acoustic_021-060-127,string_acoustic_021,60,127,38
string_acoustic_023-060-025,string_acoustic_023,60,25,38
string_acoustic_023-060-050,string_acoustic_023,60,50,38
string_acoustic_023-060-075,string_acoustic_023,60,75,38
string_acoustic_023-060-100,string_acoustic_023,60,100,38
string_acoustic_023-060-127,string_acoustic_023,60,127,38
string_acoustic_024-060-025,string_acoustic_024,60,25,38
string_acoustic_024-060-050,string_acoustic_024,60,50,38
string_acoustic_024-060-075,string_acoustic_024,60,75,38
string_acoustic_024-060-100,string_acoustic_024,60,100,38
string_acoustic_024-060-127,string_acoustic_024,60,127,38
string_acoustic_029-060-025,string_acoustic_029,60,25,38
string_acoustic_029-060-050,string_acoustic_029,60,50,38
string_acoustic_029-060-075,string_acoustic_029,60,75,38
string_acoustic_029-060-100,string_acoustic_029,60,100,38
string_acoustic_029-060-127,string_acoustic_029,60,127,38
string_acoustic_030-060-025,string_acoustic_030,60,25,38
string_acoustic_030-060-050,string_acoustic_030,60,50,38
string_acoustic_030-060-075,string_acoustic_030,60,75,38
string_acoustic_030-060-100,string_acoustic_030,60,100,38
string_acoustic_030-060-127,string_acoustic_030,60,127,38
string_acoustic_031-060-100,string_acoustic_031,60,100,37
string_acoustic_031-060-127,string_acoustic_031,60,127,37
string_acoustic_033-060-025,string_acoustic_033,60,25,38
string_acoustic_033-060-050,string_acoustic_033,60,50,38
string_acoustic_033-060-075,string_acoustic_033,60,75,38
string_acoustic_033-060-100,string_acoustic_033,60,100,38
string_acoustic_033-060-127,string_acoustic_033,60,127,38
string_acoustic_035-060-025,string_acoustic_035,60,25,38
string_acoustic_035-060-050,string_acoustic_035,60,50,38
string_acoustic_035-060-075,string_acoustic_035,60,75,38
string_acoustic_035-060-100,string_acoustic_035,60,100,38
string_acoustic_035-060-127,string_acoustic_035,60,127,38
string_acoustic_036-060-025,string_acoustic_036,60,25,38
string_acoustic_036-060-050,string_acoustic_036,60,50,38
string_acoustic_036-060-075,string_acoustic_036,60,75,38
string_acoustic_036-060-100,string_acoustic_036,60,100,38
string_acoustic_036-060-127,string_acoustic_036,60,127,38
string_acoustic_040-060-025,string_acoustic_040,60,25,38
string_acoustic_040-060-050,string_acoustic_040,60,50,38
string_acoustic_040-060-075,string_acoustic_040,60,75,38
string_acoustic_040-060-100,string_acoustic_040,60,100,38
string_acoustic_040-060-127,string_acoustic_040,60,127,38
string_acoustic_042-060-025,string_acoustic_042,60,25,38
string_acoustic_042-060-050,string_acoustic_042,60,50,38
string_acoustic_042-060-075,string_acoustic_042,60,75,38
string_acoustic_042-060-100,string_acoustic_042,60,100,38
string_acoustic_042-060-127,string_acoustic_042,60,127,38
string_acoustic_043-060-025,string_acoustic_043,60,25,38
string_acoustic_043-060-050,string_acoustic_043,60,50,38
string_acoustic_043-060-075,string_acoustic_043,60,75,38
string_acoustic_043-060-100,string_acoustic_043,60,100,38
string_acoustic_043-060-127,string_acoustic_043,60,127,38
string_acoustic_044-060-025,string_acoustic_044,60,25,38
string_acoustic_044-060-050,string_acoustic_044,60,50,38
string_acoustic_044-060-075,string_acoustic_044,60,75,38
string_acoustic_044-060-100,string_acoustic_044,60,100,38
string_acoustic_044-060-127,string_acoustic_044,60,127,38
string_acoustic_045-060-025,string_acoustic_045,60,25,38
string_acoustic_045-060-050,string_acoustic_045,60,50,38
string_acoustic_045-060-075,string_acoustic_045,60,75,38
string_acoustic_045-060-100,string_acoustic_045,60,100,38
string_acoustic_045-060-127,string_acoustic_045,60,127,38
string_acoustic_047-060-025,string_acoustic_047,60,25,38
string_acoustic_047-060-050,string_acoustic_047,60,50,38
string_acoustic_047-060-075,string_acoustic_047,60,75,38
string_acoustic_047-060-100,string_acoustic_047,60,100,38
string_acoustic_047-060-127,string_acoustic_047,60,127,38
string_acoustic_048-060-025,string_acoustic_048,60,25,38
string_acoustic_048-060-050,string_acoustic_048,60,50,38
string_acoustic_048-060-075,string_acoustic_048,60,75,38
string_acoustic_048-060-100,string_acoustic_048,60,100,38
string_acoustic_048-060-127,string_acoustic_048,60,127,38
string_acoustic_049-060-025,string_acoustic_049,60,25,38
string_acoustic_049-060-050,string_acoustic_049,60,50,38
string_acoustic_049-060-075,string_acoustic_049,60,75,38
string_acoustic_049-060-100,string_acoustic_049,60,100,38
string_acoustic_049-060-127,string_acoustic_049,60,127,38
string_acoustic_051-060-025,string_acoustic_051,60,25,38
string_acoustic_051-060-050,string_acoustic_051,60,50,38
string_acoustic_051-060-075,string_acoustic_051,60,75,38
string_acoustic_051-060-100,string_acoustic_051,60,100,38
string_acoustic_051-060-127,string_acoustic_051,60,127,38
string_acoustic_052-060-025,string_acoustic_052,60,25,38
string_acoustic_052-060-050,string_acoustic_052,60,50,38
string_acoustic_052-060-075,string_acoustic_052,60,75,38
string_acoustic_052-060-100,string_acoustic_052,60,100,38
string_acoustic_052-060-127,string_acoustic_052,60,127,38
string_acoustic_053-060-127,string_acoustic_053,60,127,38
string_acoustic_054-060-025,string_acoustic_054,60,25,38
string_acoustic_054-060-050,string_acoustic_054,60,50,38
string_acoustic_054-060-075,string_acoustic_054,60,75,38
string_acoustic_054-060-100,string_acoustic_054,60,100,38
string_acoustic_054-060-127,string_acoustic_054,60,127,38
string_acoustic_055-060-025,string_acoustic_055,60,25,38
string_acoustic_055-060-050,string_acoustic_055,60,50,38
string_acoustic_055-060-075,string_acoustic_055,60,75,38
string_acoustic_055-060-100,string_acoustic_055,60,100,38
string_acoustic_055-060-127,string_acoustic_055,60,127,38
string_acoustic_059-060-025,string_acoustic_059,60,25,38
string_acoustic_059-060-050,string_acoustic_059,60,50,38
string_acoustic_059-060-075,string_acoustic_059,60,75,38
string_acoustic_059-060-100,string_acoustic_059,60,100,38
string_acoustic_059-060-127,string_acoustic_059,60,127,38
string_acoustic_060-060-025,string_acoustic_060,60,25,38
string_acoustic_060-060-050,string_acoustic_060,60,50,38
string_acoustic_060-060-075,string_acoustic_060,60,75,38
string_acoustic_060-060-100,string_acoustic_060,60,100,38
string_acoustic_060-060-127,string_acoustic_060,60,127,38
string_acoustic_061-060-025,string_acoustic_061,60,25,38
string_acoustic_061-060-050,string_acoustic_061,60,50,38
string_acoustic_061-060-075,string_acoustic_061,60,75,38
string_acoustic_061-060-100,string_acoustic_061,60,100,38
string_acoustic_061-060-127,string_acoustic_061,60,127,38
string_acoustic_063-060-025,string_acoustic_063,60,25,38
string_acoustic_063-060-050,string_acoustic_063,60,50,38
string_acoustic_063-060-075,string_acoustic_063,60,75,38
string_acoustic_063-060-100,string_acoustic_063,60,100,38
string_acoustic_063-060-127,string_acoustic_063,60,127,38
string_acoustic_064-060-025,string_acoustic_064,60,25,38
string_acoustic_064-060-050,string_acoustic_064,60,50,38
string_acoustic_064-060-075,string_acoustic_064,60,75,38
string_acoustic_064-060-100,string_acoustic_064,60,100,38
string_acoustic_064-060-127,string_acoustic_064,60,127,38
string_acoustic_066-060-025,string_acoustic_066,60,25,38
string_acoustic_066-060-050,string_acoustic_066,60,50,38
string_acoustic_066-060-075,string_acoustic_066,60,75,38
string_acoustic_066-060-100,string_acoustic_066,60,100,38
string_acoustic_066-060-127,string_acoustic_066,60,127,38
string_acoustic_067-060-025,string_acoustic_067,60,25,38
string_acoustic_067-060-050,string_acoustic_067,60,50,38
string_acoustic_067-060-075,string_acoustic_067,60,75,38
string_acoustic_067-060-100,string_acoustic_067,60,100,38
string_acoustic_067-060-127,string_acoustic_067,60,127,38
string_acoustic_069-060-025,string_acoustic_069,60,25,38
string_acoustic_069-060-050,string_acoustic_069,60,50,38
string_acoustic_069-060-075,string_acoustic_069,60,75,38
string_acoustic_069-060-100,string_acoustic_069,60,100,38
string_acoustic_069-060-127,string_acoustic_069,60,127,38
string_acoustic_070-060-025,string_acoustic_070,60,25,38
string_acoustic_070-060-050,string_acoustic_070,60,50,38
string_acoustic_070-060-075,string_acoustic_070,60,75,38
string_acoustic_070-060-100,string_acoustic_070,60,100,38
string_acoustic_070-060-127,string_acoustic_070,60,127,38
string_acoustic_072-060-025,string_acoustic_072,60,25,38
string_acoustic_072-060-050,string_acoustic_072,60,50,38
string_acoustic_072-060-100,string_acoustic_072,60,100,36
string_acoustic_072-060-127,string_acoustic_072,60,127,38
string_acoustic_074-060-025,string_acoustic_074,60,25,38
string_acoustic_074-060-050,string_acoustic_074,60,50,38
string_acoustic_074-060-075,string_acoustic_074,60,75,38
string_acoustic_074-060-100,string_acoustic_074,60,100,38
string_acoustic_074-060-127,string_acoustic_074,60,127,38
string_acoustic_076-060-025,string_acoustic_076,60,25,38
string_acoustic_076-060-050,string_acoustic_076,60,50,38
string_acoustic_076-060-075,string_acoustic_076,60,75,38
string_acoustic_076-060-100,string_acoustic_076,60,100,38
string_acoustic_076-060-127,string_acoustic_076,60,127,38
string_acoustic_077-060-025,string_acoustic_077,60,25,38
string_acoustic_077-060-050,string_acoustic_077,60,50,38
string_acoustic_077-060-075,string_acoustic_077,60,75,38
string_acoustic_077-060-100,string_acoustic_077,60,100,38
string_acoustic_077-060-127,string_acoustic_077,60,127,38
string_acoustic_078-060-025,string_acoustic_078,60,25,38
string_acoustic_078-060-050,string_acoustic_078,60,50,38
string_acoustic_078-060-075,string_acoustic_078,60,75,38
string_acoustic_078-060-100,string_acoustic_078,60,100,38
string_acoustic_078-060-127,string_acoustic_078,60,127,38
string_acoustic_079-060-075,string_acoustic_079,60,75,38
string_acoustic_079-060-100,string_acoustic_079,60,100,32
string_acoustic_079-060-127,string_acoustic_079,60,127,32
string_acoustic_081-060-075,string_acoustic_081,60,75,38
string_acoustic_081-060-100,string_acoustic_081,60,100,32
string_acoustic_081-060-127,string_acoustic_081,60,127,32
string_acoustic_082-060-025,string_acoustic_082,60,25,38
string_acoustic_082-060-050,string_acoustic_082,60,50,38
string_acoustic_082-060-075,string_acoustic_082,60,75,38
string_acoustic_082-060-100,string_acoustic_082,60,100,38
string_acoustic_082-060-127,string_acoustic_082,60,127,38
string_acoustic_083-060-025,string_acoustic_083,60,25,38
string_acoustic_083-060-050,string_acoustic_083,60,50,38
string_acoustic_083-060-075,string_acoustic_083,60,75,38
string_acoustic_083-060-100,string_acoustic_083,60,100,38
string_acoustic_083-060-127,string_acoustic_083,60,127,38
string_acoustic_086-060-025,string_acoustic_086,60,25,38
string_acoustic_086-060-050,string_acoustic_086,60,50,38
string_acoustic_086-060-075,string_acoustic_086,60,75,38
string_acoustic_086-060-100,string_acoustic_086,60,100,38
string_acoustic_086-060-127,string_acoustic_086,60,127,38
string_acoustic_088-060-025,string_acoustic_088,60,25,38
string_acoustic_088-060-050,string_acoustic_088,60,50,38
string_acoustic_088-060-075,string_acoustic_088,60,75,38
string_acoustic_088-060-100,string_acoustic_088,60,100,38
string_acoustic_088-060-127,string_acoustic_088,60,127,38
string_acoustic_089-060-025,string_acoustic_089,60,25,38
string_acoustic_089-060-050,string_acoustic_089,60,50,38
string_acoustic_089-060-075,string_acoustic_089,60,75,38
string_acoustic_089-060-100,string_acoustic_089,60,100,38
string_acoustic_089-060-127,string_acoustic_089,60,127,38
string_acoustic_090-060-025,string_acoustic_090,60,25,38
string_acoustic_090-060-050,string_acoustic_090,60,50,38
string_acoustic_090-060-075,string_acoustic_090,60,75,38
string_acoustic_090-060-100,string_acoustic_090,60,100,38
string_acoustic_090-060-127,string_acoustic_090,60,127,38
string_acoustic_001-061-025,string_acoustic_001,61,25,38
string_acoustic_001-061-050,string_acoustic_001,61,50,38
string_acoustic_001-061-075,string_acoustic_001,61,75,38
string_acoustic_001-061-100,string_acoustic_001,61,100,38
string_acoustic_001-061-127,string_acoustic_001,61,127,38
string_acoustic_003-061-025,string_acoustic_003,61,25,38
string_acoustic_003-061-050,string_acoustic_003,61,50,38
string_acoustic_003-061-075,string_acoustic_003,61,75,38
string_acoustic_003-061-100,string_acoustic_003,61,100,38
string_acoustic_003-061-127,string_acoustic_003,61,127,38
string_acoustic_006-061-025,string_acoustic_006,61,25,38
string_acoustic_006-061-050,string_acoustic_006,61,50,38
string_acoustic_006-061-075,string_acoustic_006,61,75,38
string_acoustic_006-061-100,string_acoustic_006,61,100,38
string_acoustic_006-061-127,string_acoustic_006,61,127,38
string_acoustic_007-061-025,string_acoustic_007,61,25,38
string_acoustic_007-061-050,string_acoustic_007,61,50,38
string_acoustic_007-061-075,string_acoustic_007,61,75,38
string_acoustic_007-061-100,string_acoustic_007,61,100,38
string_acoustic_007-061-127,string_acoustic_007,61,127,38
string_acoustic_008-061-025,string_acoustic_008,61,25,38
string_acoustic_008-061-050,string_acoustic_008,61,50,38
string_acoustic_008-061-075,string_acoustic_008,61,75,38
string_acoustic_008-061-100,string_acoustic_008,61,100,38
string_acoustic_008-061-127,string_acoustic_008,61,127,38
string_acoustic_009-061-025,string_acoustic_009,61,25,38
string_acoustic_009-061-050,string_acoustic_009,61,50,38
string_acoustic_009-061-075,string_acoustic_009,61,75,38
string_acoustic_009-061-100,string_acoustic_009,61,100,38
string_acoustic_009-061-127,string_acoustic_009,61,127,38
string_acoustic_011-061-025,string_acoustic_011,61,25,38
string_acoustic_011-061-050,string_acoustic_011,61,50,38
string_acoustic_011-061-075,string_acoustic_011,61,75,38
string_acoustic_011-061-100,string_acoustic_011,61,100,38
string_acoustic_011-061-127,string_acoustic_011,61,127,38
string_acoustic_013-061-025,string_acoustic_013,61,25,38
string_acoustic_013-061-050,string_acoustic_013,61,50,38
string_acoustic_013-061-075,string_acoustic_013,61,75,38
string_acoustic_013-061-100,string_acoustic_013,61,100,38
string_acoustic_013-061-127,string_acoustic_013,61,127,38
string_acoustic_015-061-025,string_acoustic_015,61,25,38
string_acoustic_015-061-050,string_acoustic_015,61,50,38
string_acoustic_015-061-075,string_acoustic_015,61,75,38
string_acoustic_015-061-100,string_acoustic_015,61,100,38
string_acoustic_015-061-127,string_acoustic_015,61,127,38
string_acoustic_017-061-025,string_acoustic_017,61,25,38
string_acoustic_017-061-050,string_acoustic_017,61,50,38
string_acoustic_017-061-075,string_acoustic_017,61,75,38
string_acoustic_017-061-100,string_acoustic_017,61,100,38
string_acoustic_017-061-127,string_acoustic_017,61,127,38
string_acoustic_018-061-025,string_acoustic_018,61,25,38
string_acoustic_018-061-050,string_acoustic_018,61,50,38
string_acoustic_018-061-075,string_acoustic_018,61,75,38
string_acoustic_018-061-100,string_acoustic_018,61,100,38
string_acoustic_018-061-127,string_acoustic_018,61,127,38
string_acoustic_019-061-025,string_acoustic_019,61,25,38
string_acoustic_019-061-050,string_acoustic_019,61,50,38
string_acoustic_019-061-075,string_acoustic_019,61,75,38
string_acoustic_019-061-100,string_acoustic_019,61,100,38
string_acoustic_019-061-127,string_acoustic_019,61,127,38
string_acoustic_020-061-025,string_acoustic_020,61,25,38
string_acoustic_020-061-050,string_acoustic_020,61,50,38
string_acoustic_020-061-075,string_acoustic_020,61,75,38
string_acoustic_020-061-100,string_acoustic_020,61,100,38
string_acoustic_020-061-127,string_acoustic_020,61,127,38
string_acoustic_021-061-025,string_acoustic_021,61,25,38
string_acoustic_021-061-050,string_acoustic_021,61,50,38
string_acoustic_021-061-075,string_acoustic_021,61,75,38
string_acoustic_021-061-100,string_acoustic_021,61,100,38
string_acoustic_021-061-127,string_acoustic_021,61,127,38
string_acoustic_023-061-025,string_acoustic_023,61,25,38
string_acoustic_023-061-050,string_acoustic_023,61,50,38
string_acoustic_023-061-075,string_acoustic_023,61,75,38
string_acoustic_023-061-100,string_acoustic_023,61,100,38
string_acoustic_023-061-127,string_acoustic_023,61,127,38
string_acoustic_024-061-025,string_acoustic_024,61,25,38
string_acoustic_024-061-050,string_acoustic_024,61,50,38
string_acoustic_024-061-075,string_acoustic_024,61,75,38
string_acoustic_024-061-100,string_acoustic_024,61,100,38
string_acoustic_024-061-127,string_acoustic_024,61,127,38
string_acoustic_029-061-025,string_acoustic_029,61,25,38
string_acoustic_029-061-050,string_acoustic_029,61,50,38
string_acoustic_029-061-075,string_acoustic_029,61,75,38
string_acoustic_029-061-100,string_acoustic_029,61,100,38
string_acoustic_029-061-127,string_acoustic_029,61,127,38
string_acoustic_030-061-025,string_acoustic_030,61,25,38
string_acoustic_030-061-050,string_acoustic_030,61,50,38
string_acoustic_030-061-075,string_acoustic_030,61,75,38
string_acoustic_030-061-100,string_acoustic_030,61,100,38
string_acoustic_030-061-127,string_acoustic_030,61,127,38
string_acoustic_032-061-075,string_acoustic_032,61,75,26
string_acoustic_032-061-100,string_acoustic_032,61,100,17
string_acoustic_032-061-127,string_acoustic_032,61,127,17
string_acoustic_033-061-025,string_acoustic_033,61,25,38
string_acoustic_033-061-050,string_acoustic_033,61,50,38
string_acoustic_033-061-075,string_acoustic_033,61,75,38
string_acoustic_033-061-100,string_acoustic_033,61,100,38
string_acoustic_033-061-127,string_acoustic_033,61,127,38
string_acoustic_034-061-100,string_acoustic_034,61,100,22
string_acoustic_034-061-127,string_acoustic_034,61,127,22
string_acoustic_035-061-025,string_acoustic_035,61,25,38
string_acoustic_035-061-050,string_acoustic_035,61,50,38
string_acoustic_035-061-075,string_acoustic_035,61,75,38
string_acoustic_035-061-100,string_acoustic_035,61,100,38
string_acoustic_035-061-127,string_acoustic_035,61,127,38
string_acoustic_036-061-025,string_acoustic_036,61,25,38
string_acoustic_036-061-050,string_acoustic_036,61,50,38
string_acoustic_036-061-075,string_acoustic_036,61,75,38
string_acoustic_036-061-100,string_acoustic_036,61,100,38
string_acoustic_036-061-127,string_acoustic_036,61,127,38
string_acoustic_040-061-025,string_acoustic_040,61,25,38
string_acoustic_040-061-050,string_acoustic_040,61,50,38
string_acoustic_040-061-075,string_acoustic_040,61,75,38
string_acoustic_040-061-100,string_acoustic_040,61,100,38
string_acoustic_040-061-127,string_acoustic_040,61,127,38
string_acoustic_042-061-025,string_acoustic_042,61,25,38
string_acoustic_042-061-050,string_acoustic_042,61,50,38
string_acoustic_042-061-075,string_acoustic_042,61,75,38
string_acoustic_042-061-100,string_acoustic_042,61,100,38
string_acoustic_042-061-127,string_acoustic_042,61,127,38
string_acoustic_043-061-025,string_acoustic_043,61,25,38
string_acoustic_043-061-050,string_acoustic_043,61,50,38
string_acoustic_043-061-075,string_acoustic_043,61,75,38
string_acoustic_043-061-100,string_acoustic_043,61,100,38
string_acoustic_043-061-127,string_acoustic_043,61,127,38
string_acoustic_044-061-025,string_acoustic_044,61,25,38
string_acoustic_044-061-050,string_acoustic_044,61,50,38
string_acoustic_044-061-075,string_acoustic_044,61,75,38
string_acoustic_044-061-100,string_acoustic_044,61,100,38
string_acoustic_044-061-127,string_acoustic_044,61,127,38
string_acoustic_045-061-025,string_acoustic_045,61,25,38
string_acoustic_045-061-050,string_acoustic_045,61,50,38
string_acoustic_045-061-075,string_acoustic_045,61,75,38
string_acoustic_045-061-100,string_acoustic_045,61,100,38
string_acoustic_045-061-127,string_acoustic_045,61,127,38
string_acoustic_047-061-025,string_acoustic_047,61,25,38
string_acoustic_047-061-050,string_acoustic_047,61,50,38
string_acoustic_047-061-075,string_acoustic_047,61,75,38
string_acoustic_047-061-100,string_acoustic_047,61,100,38
string_acoustic_047-061-127,string_acoustic_047,61,127,38
string_acoustic_048-061-025,string_acoustic_048,61,25,38
string_acoustic_048-061-050,string_acoustic_048,61,50,38
string_acoustic_048-061-075,string_acoustic_048,61,75,38
string_acoustic_048-061-100,string_acoustic_048,61,100,38
string_acoustic_048-061-127,string_acoustic_048,61,127,38
string_acoustic_049-061-025,string_acoustic_049,61,25,38
string_acoustic_049-061-050,string_acoustic_049,61,50,38
string_acoustic_049-061-075,string_acoustic_049,61,75,38
string_acoustic_049-061-100,string_acoustic_049,61,100,38
string_acoustic_049-061-127,string_acoustic_049,61,127,38
string_acoustic_051-061-025,string_acoustic_051,61,25,38
string_acoustic_051-061-050,string_acoustic_051,61,50,38
string_acoustic_051-061-075,string_acoustic_051,61,75,38
string_acoustic_051-061-100,string_acoustic_051,61,100,38
string_acoustic_051-061-127,string_acoustic_051,61,127,38
string_acoustic_052-061-025,string_acoustic_052,61,25,38
string_acoustic_052-061-050,string_acoustic_052,61,50,38
string_acoustic_052-061-075,string_acoustic_052,61,75,38
string_acoustic_052-061-100,string_acoustic_052,61,100,38
string_acoustic_052-061-127,string_acoustic_052,61,127,38
string_acoustic_054-061-025,string_acoustic_054,61,25,38
string_acoustic_054-061-050,string_acoustic_054,61,50,38
string_acoustic_054-061-075,string_acoustic_054,61,75,38
string_acoustic_054-061-100,string_acoustic_054,61,100,38
string_acoustic_054-061-127,string_acoustic_054,61,127,38
string_acoustic_055-061-025,string_acoustic_055,61,25,38
string_acoustic_055-061-050,string_acoustic_055,61,50,38
string_acoustic_055-061-075,string_acoustic_055,61,75,38
string_acoustic_055-061-100,string_acoustic_055,61,100,38
string_acoustic_055-061-127,string_acoustic_055,61,127,38
string_acoustic_059-061-025,string_acoustic_059,61,25,38
string_acoustic_059-061-050,string_acoustic_059,61,50,38
string_acoustic_059-061-075,string_acoustic_059,61,75,38
string_acoustic_059-061-100,string_acoustic_059,61,100,38
string_acoustic_059-061-127,string_acoustic_059,61,127,38
string_acoustic_060-061-025,string_acoustic_060,61,25,38
string_acoustic_060-061-050,string_acoustic_060,61,50,38
string_acoustic_060-061-075,string_acoustic_060,61,75,38
string_acoustic_060-061-100,string_acoustic_060,61,100,38
string_acoustic_060-061-127,string_acoustic_060,61,127,38
string_acoustic_061-061-025,string_acoustic_061,61,25,38
string_acoustic_061-061-050,string_acoustic_061,61,50,38
string_acoustic_061-061-075,string_acoustic_061,61,75,38
string_acoustic_061-061-100,string_acoustic_061,61,100,38
string_acoustic_061-061-127,string_acoustic_061,61,127,38
string_acoustic_063-061-025,string_acoustic_063,61,25,38
string_acoustic_063-061-050,string_acoustic_063,61,50,38
string_acoustic_063-061-075,string_acoustic_063,61,75,38
string_acoustic_063-061-100,string_acoustic_063,61,100,38
string_acoustic_063-061-127,string_acoustic_063,61,127,38
string_acoustic_064-061-025,string_acoustic_064,61,25,38
string_acoustic_064-061-050,string_acoustic_064,61,50,38
string_acoustic_064-061-075,string_acoustic_064,61,75,38
string_acoustic_064-061-100,string_acoustic_064,61,100,38
string_acoustic_064-061-127,string_acoustic_064,61,127,38
string_acoustic_065-061-100,string_acoustic_065,61,100,32
string_acoustic_065-061-127,string_acoustic_065,61,127,32
string_acoustic_066-061-025,string_acoustic_066,61,25,38
string_acoustic_066-061-050,string_acoustic_066,61,50,38
string_acoustic_066-061-075,string_acoustic_066,61,75,38
string_acoustic_066-061-100,string_acoustic_066,61,100,38
string_acoustic_066-061-127,string_acoustic_066,61,127,38
string_acoustic_067-061-025,string_acoustic_067,61,25,38
string_acoustic_067-061-050,string_acoustic_067,61,50,38
string_acoustic_067-061-075,string_acoustic_067,61,75,38
string_acoustic_067-061-100,string_acoustic_067,61,100,38
string_acoustic_067-061-127,string_acoustic_067,61,127,38
string_acoustic_069-061-025,string_acoustic_069,61,25,38
string_acoustic_069-061-050,string_acoustic_069,61,50,38
string_acoustic_069-061-075,string_acoustic_069,61,75,38
string_acoustic_069-061-100,string_acoustic_069,61,100,38
string_acoustic_069-061-127,string_acoustic_069,61,127,38
string_acoustic_070-061-025,string_acoustic_070,61,25,38
string_acoustic_070-061-050,string_acoustic_070,61,50,38
string_acoustic_070-061-075,string_acoustic_070,61,75,38
string_acoustic_070-061-100,string_acoustic_070,61,100,38
string_acoustic_070-061-127,string_acoustic_070,61,127,38
string_acoustic_074-061-025,string_acoustic_074,61,25,38
string_acoustic_074-061-050,string_acoustic_074,61,50,38
string_acoustic_074-061-075,string_acoustic_074,61,75,38
string_acoustic_074-061-100,string_acoustic_074,61,100,38
string_acoustic_074-061-127,string_acoustic_074,61,127,38
string_acoustic_076-061-025,string_acoustic_076,61,25,38
string_acoustic_076-061-050,string_acoustic_076,61,50,38
string_acoustic_076-061-075,string_acoustic_076,61,75,38
string_acoustic_076-061-100,string_acoustic_076,61,100,38
string_acoustic_076-061-127,string_acoustic_076,61,127,38
string_acoustic_077-061-025,string_acoustic_077,61,25,38
string_acoustic_077-061-050,string_acoustic_077,61,50,38
string_acoustic_077-061-075,string_acoustic_077,61,75,38
string_acoustic_077-061-100,string_acoustic_077,61,100,38
string_acoustic_077-061-127,string_acoustic_077,61,127,38
string_acoustic_078-061-025,string_acoustic_078,61,25,38
string_acoustic_078-061-050,string_acoustic_078,61,50,38
string_acoustic_078-061-075,string_acoustic_078,61,75,38
string_acoustic_078-061-100,string_acoustic_078,61,100,38
string_acoustic_078-061-127,string_acoustic_078,61,127,38
string_acoustic_082-061-025,string_acoustic_082,61,25,38
string_acoustic_082-061-050,string_acoustic_082,61,50,38
string_acoustic_082-061-075,string_acoustic_082,61,75,38
string_acoustic_082-061-100,string_acoustic_082,61,100,38
string_acoustic_082-061-127,string_acoustic_082,61,127,38
string_acoustic_083-061-025,string_acoustic_083,61,25,38
string_acoustic_083-061-050,string_acoustic_083,61,50,38
string_acoustic_083-061-075,string_acoustic_083,61,75,38
string_acoustic_083-061-100,string_acoustic_083,61,100,38
string_acoustic_083-061-127,string_acoustic_083,61,127,38
string_acoustic_086-061-025,string_acoustic_086,61,25,38
string_acoustic_086-061-050,string_acoustic_086,61,50,38
string_acoustic_086-061-075,string_acoustic_086,61,75,38
string_acoustic_086-061-100,string_acoustic_086,61,100,38
string_acoustic_086-061-127,string_acoustic_086,61,127,38
string_acoustic_088-061-025,string_acoustic_088,61,25,38
string_acoustic_088-061-050,string_acoustic_088,61,50,38
string_acoustic_088-061-075,string_acoustic_088,61,75,38
string_acoustic_088-061-100,string_acoustic_088,61,100,38
string_acoustic_088-061-127,string_acoustic_088,61,127,38
string_acoustic_089-061-025,string_acoustic_089,61,25,38
string_acoustic_089-061-050,string_acoustic_089,61,50,38
string_acoustic_089-061-075,string_acoustic_089,61,75,38
string_acoustic_089-061-100,string_acoustic_089,61,100,38
string_acoustic_089-061-127,string_acoustic_089,61,127,38
string_acoustic_090-061-025,string_acoustic_090,61,25,38
string_acoustic_090-061-050,string_acoustic_090,61,50,38
string_acoustic_090-061-075,string_acoustic_090,61,75,38
string_acoustic_090-061-100,string_acoustic_090,61,100,38
string_acoustic_090-061-127,string_acoustic_090,61,127,38
string_acoustic_001-062-025,string_acoustic_001,62,25,38
string_acoustic_001-062-050,string_acoustic_001,62,50,38
string_acoustic_001-062-075,string_acoustic_001,62,75,38
string_acoustic_001-062-100,string_acoustic_001,62,100,38
string_acoustic_001-062-127,string_acoustic_001,62,127,38
string_acoustic_003-062-025,string_acoustic_003,62,25,38
string_acoustic_003-062-050,string_acoustic_003,62,50,38
string_acoustic_003-062-075,string_acoustic_003,62,75,38
string_acoustic_003-062-100,string_acoustic_003,62,100,38
string_acoustic_003-062-127,string_acoustic_003,62,127,38
string_acoustic_006-062-025,string_acoustic_006,62,25,38
string_acoustic_006-062-050,string_acoustic_006,62,50,38
string_acoustic_006-062-075,string_acoustic_006,62,75,38
string_acoustic_006-062-100,string_acoustic_006,62,100,38
string_acoustic_006-062-127,string_acoustic_006,62,127,38
string_acoustic_007-062-025,string_acoustic_007,62,25,38
string_acoustic_007-062-050,string_acoustic_007,62,50,38
string_acoustic_007-062-075,string_acoustic_007,62,75,38
string_acoustic_007-062-100,string_acoustic_007,62,100,38
string_acoustic_007-062-127,string_acoustic_007,62,127,38
string_acoustic_008-062-025,string_acoustic_008,62,25,38
string_acoustic_008-062-050,string_acoustic_008,62,50,38
string_acoustic_008-062-075,string_acoustic_008,62,75,38
string_acoustic_008-062-100,string_acoustic_008,62,100,38
string_acoustic_008-062-127,string_acoustic_008,62,127,38
string_acoustic_009-062-025,string_acoustic_009,62,25,38
string_acoustic_009-062-050,string_acoustic_009,62,50,38
string_acoustic_009-062-075,string_acoustic_009,62,75,38
string_acoustic_009-062-100,string_acoustic_009,62,100,38
string_acoustic_009-062-127,string_acoustic_009,62,127,38
string_acoustic_011-062-025,string_acoustic_011,62,25,38
string_acoustic_011-062-050,string_acoustic_011,62,50,38
string_acoustic_011-062-075,string_acoustic_011,62,75,38
string_acoustic_011-062-100,string_acoustic_011,62,100,38
string_acoustic_011-062-127,string_acoustic_011,62,127,38
string_acoustic_013-062-025,string_acoustic_013,62,25,38
string_acoustic_013-062-050,string_acoustic_013,62,50,38
string_acoustic_013-062-075,string_acoustic_013,62,75,38
string_acoustic_013-062-100,string_acoustic_013,62,100,38
string_acoustic_013-062-127,string_acoustic_013,62,127,38
string_acoustic_015-062-025,string_acoustic_015,62,25,38
string_acoustic_015-062-050,string_acoustic_015,62,50,38
string_acoustic_015-062-075,string_acoustic_015,62,75,38
string_acoustic_015-062-100,string_acoustic_015,62,100,38
string_acoustic_015-062-127,string_acoustic_015,62,127,38
string_acoustic_017-062-025,string_acoustic_017,62,25,38
string_acoustic_017-062-050,string_acoustic_017,62,50,38
string_acoustic_017-062-075,string_acoustic_017,62,75,38
string_acoustic_017-062-100,string_acoustic_017,62,100,38
string_acoustic_017-062-127,string_acoustic_017,62,127,38
string_acoustic_018-062-025,string_acoustic_018,62,25,38
string_acoustic_018-062-050,string_acoustic_018,62,50,38
string_acoustic_018-062-075,string_acoustic_018,62,75,38
string_acoustic_018-062-100,string_acoustic_018,62,100,38
string_acoustic_018-062-127,string_acoustic_018,62,127,38
string_acoustic_019-062-025,string_acoustic_019,62,25,38
string_acoustic_019-062-050,string_acoustic_019,62,50,38
string_acoustic_019-062-075,string_acoustic_019,62,75,38
string_acoustic_019-062-100,string_acoustic_019,62,100,38
string_acoustic_019-062-127,string_acoustic_019,62,127,38
string_acoustic_020-062-025,string_acoustic_020,62,25,38
string_acoustic_020-062-050,string_acoustic_020,62,50,38
string_acoustic_020-062-075,string_acoustic_020,62,75,38
string_acoustic_020-062-100,string_acoustic_020,62,100,38
string_acoustic_020-062-127,string_acoustic_020,62,127,38
string_acoustic_021-062-025,string_acoustic_021,62,25,38
string_acoustic_021-062-050,string_acoustic_021,62,50,38
string_acoustic_021-062-075,string_acoustic_021,62,75,38
string_acoustic_021-062-100,string_acoustic_021,62,100,38
string_acoustic_021-062-127,string_acoustic_021,62,127,38
string_acoustic_023-062-025,string_acoustic_023,62,25,38
string_acoustic_023-062-050,string_acoustic_023,62,50,38
string_acoustic_023-062-075,string_acoustic_023,62,75,38
string_acoustic_023-062-100,string_acoustic_023,62,100,38
string_acoustic_023-062-127,string_acoustic_023,62,127,38
string_acoustic_024-062-025,string_acoustic_024,62,25,38
string_acoustic_024-062-050,string_acoustic_024,62,50,38
string_acoustic_024-062-075,string_acoustic_024,62,75,38
string_acoustic_024-062-100,string_acoustic_024,62,100,38
string_acoustic_024-062-127,string_acoustic_024,62,127,38
string_acoustic_029-062-025,string_acoustic_029,62,25,38
string_acoustic_029-062-050,string_acoustic_029,62,50,38
string_acoustic_029-062-075,string_acoustic_029,62,75,38
string_acoustic_029-062-100,string_acoustic_029,62,100,38
string_acoustic_029-062-127,string_acoustic_029,62,127,38
string_acoustic_030-062-025,string_acoustic_030,62,25,38
string_acoustic_030-062-050,string_acoustic_030,62,50,38
string_acoustic_030-062-075,string_acoustic_030,62,75,38
string_acoustic_030-062-100,string_acoustic_030,62,100,38
string_acoustic_030-062-127,string_acoustic_030,62,127,38
string_acoustic_031-062-025,string_acoustic_031,62,25,28
string_acoustic_031-062-050,string_acoustic_031,62,50,28
string_acoustic_031-062-075,string_acoustic_031,62,75,28
string_acoustic_032-062-075,string_acoustic_032,62,75,12
string_acoustic_033-062-025,string_acoustic_033,62,25,38
string_acoustic_033-062-050,string_acoustic_033,62,50,38
string_acoustic_033-062-075,string_acoustic_033,62,75,38
string_acoustic_033-062-100,string_acoustic_033,62,100,38
string_acoustic_033-062-127,string_acoustic_033,62,127,38
string_acoustic_034-062-100,string_acoustic_034,62,100,20
string_acoustic_034-062-127,string_acoustic_034,62,127,20
string_acoustic_035-062-025,string_acoustic_035,62,25,38
string_acoustic_035-062-050,string_acoustic_035,62,50,38
string_acoustic_035-062-075,string_acoustic_035,62,75,38
string_acoustic_035-062-100,string_acoustic_035,62,100,38
string_acoustic_035-062-127,string_acoustic_035,62,127,38
string_acoustic_036-062-025,string_acoustic_036,62,25,38
string_acoustic_036-062-050,string_acoustic_036,62,50,38
string_acoustic_036-062-075,string_acoustic_036,62,75,38
string_acoustic_036-062-100,string_acoustic_036,62,100,38
string_acoustic_036-062-127,string_acoustic_036,62,127,38
string_acoustic_040-062-025,string_acoustic_040,62,25,38
string_acoustic_040-062-050,string_acoustic_040,62,50,38
string_acoustic_040-062-075,string_acoustic_040,62,75,38
string_acoustic_040-062-100,string_acoustic_040,62,100,38
string_acoustic_040-062-127,string_acoustic_040,62,127,38
string_acoustic_042-062-025,string_acoustic_042,62,25,38
string_acoustic_042-062-050,string_acoustic_042,62,50,38
string_acoustic_042-062-075,string_acoustic_042,62,75,38
string_acoustic_042-062-100,string_acoustic_042,62,100,38
string_acoustic_042-062-127,string_acoustic_042,62,127,38
string_acoustic_043-062-025,string_acoustic_043,62,25,38
string_acoustic_043-062-050,string_acoustic_043,62,50,38
string_acoustic_043-062-075,string_acoustic_043,62,75,38
string_acoustic_043-062-100,string_acoustic_043,62,100,38
string_acoustic_043-062-127,string_acoustic_043,62,127,38
string_acoustic_044-062-025,string_acoustic_044,62,25,38
string_acoustic_044-062-050,string_acoustic_044,62,50,38
string_acoustic_044-062-075,string_acoustic_044,62,75,38
string_acoustic_044-062-100,string_acoustic_044,62,100,38
string_acoustic_044-062-127,string_acoustic_044,62,127,38
string_acoustic_045-062-025,string_acoustic_045,62,25,38
string_acoustic_045-062-050,string_acoustic_045,62,50,38
string_acoustic_045-062-075,string_acoustic_045,62,75,38
string_acoustic_045-062-100,string_acoustic_045,62,100,38
string_acoustic_045-062-127,string_acoustic_045,62,127,38
string_acoustic_047-062-025,string_acoustic_047,62,25,38
string_acoustic_047-062-050,string_acoustic_047,62,50,38
string_acoustic_047-062-075,string_acoustic_047,62,75,38
string_acoustic_047-062-100,string_acoustic_047,62,100,38
string_acoustic_047-062-127,string_acoustic_047,62,127,38
string_acoustic_048-062-025,string_acoustic_048,62,25,38
string_acoustic_048-062-050,string_acoustic_048,62,50,38
string_acoustic_048-062-075,string_acoustic_048,62,75,38
string_acoustic_048-062-100,string_acoustic_048,62,100,38
string_acoustic_048-062-127,string_acoustic_048,62,127,38
string_acoustic_049-062-025,string_acoustic_049,62,25,38
string_acoustic_049-062-050,string_acoustic_049,62,50,38
string_acoustic_049-062-075,string_acoustic_049,62,75,38
string_acoustic_049-062-100,string_acoustic_049,62,100,38
string_acoustic_049-062-127,string_acoustic_049,62,127,38
string_acoustic_051-062-025,string_acoustic_051,62,25,38
string_acoustic_051-062-050,string_acoustic_051,62,50,38
string_acoustic_051-062-075,string_acoustic_051,62,75,38
string_acoustic_051-062-100,string_acoustic_051,62,100,38
string_acoustic_051-062-127,string_acoustic_051,62,127,38
string_acoustic_052-062-025,string_acoustic_052,62,25,38
string_acoustic_052-062-050,string_acoustic_052,62,50,38
string_acoustic_052-062-075,string_acoustic_052,62,75,38
string_acoustic_052-062-100,string_acoustic_052,62,100,38
string_acoustic_052-062-127,string_acoustic_052,62,127,38
string_acoustic_054-062-025,string_acoustic_054,62,25,38
string_acoustic_054-062-050,string_acoustic_054,62,50,38
string_acoustic_054-062-075,string_acoustic_054,62,75,38
string_acoustic_054-062-100,string_acoustic_054,62,100,38
string_acoustic_054-062-127,string_acoustic_054,62,127,38
string_acoustic_055-062-025,string_acoustic_055,62,25,38
string_acoustic_055-062-050,string_acoustic_055,62,50,38
string_acoustic_055-062-075,string_acoustic_055,62,75,38
string_acoustic_055-062-100,string_acoustic_055,62,100,38
string_acoustic_055-062-127,string_acoustic_055,62,127,38
string_acoustic_059-062-025,string_acoustic_059,62,25,38
string_acoustic_059-062-050,string_acoustic_059,62,50,38
string_acoustic_059-062-075,string_acoustic_059,62,75,38
string_acoustic_059-062-100,string_acoustic_059,62,100,38
string_acoustic_059-062-127,string_acoustic_059,62,127,38
string_acoustic_060-062-025,string_acoustic_060,62,25,38
string_acoustic_060-062-050,string_acoustic_060,62,50,38
string_acoustic_060-062-075,string_acoustic_060,62,75,38
string_acoustic_060-062-100,string_acoustic_060,62,100,38
string_acoustic_060-062-127,string_acoustic_060,62,127,38
string_acoustic_061-062-025,string_acoustic_061,62,25,38
string_acoustic_061-062-050,string_acoustic_061,62,50,38
string_acoustic_061-062-075,string_acoustic_061,62,75,38
string_acoustic_061-062-100,string_acoustic_061,62,100,38
string_acoustic_061-062-127,string_acoustic_061,62,127,38
string_acoustic_063-062-025,string_acoustic_063,62,25,38
string_acoustic_063-062-050,string_acoustic_063,62,50,38
string_acoustic_063-062-075,string_acoustic_063,62,75,38
string_acoustic_063-062-100,string_acoustic_063,62,100,38
string_acoustic_063-062-127,string_acoustic_063,62,127,38
string_acoustic_064-062-025,string_acoustic_064,62,25,38
string_acoustic_064-062-050,string_acoustic_064,62,50,38
string_acoustic_064-062-075,string_acoustic_064,62,75,38
string_acoustic_064-062-100,string_acoustic_064,62,100,38
string_acoustic_064-062-127,string_acoustic_064,62,127,38
string_acoustic_066-062-025,string_acoustic_066,62,25,38
string_acoustic_066-062-050,string_acoustic_066,62,50,38
string_acoustic_066-062-075,string_acoustic_066,62,75,38
string_acoustic_066-062-100,string_acoustic_066,62,100,38
string_acoustic_066-062-127,string_acoustic_066,62,127,38
string_acoustic_067-062-025,string_acoustic_067,62,25,38
string_acoustic_067-062-050,string_acoustic_067,62,50,38
string_acoustic_067-062-075,string_acoustic_067,62,75,38
string_acoustic_067-062-100,string_acoustic_067,62,100,38
string_acoustic_067-062-127,string_acoustic_067,62,127,38
string_acoustic_069-062-025,string_acoustic_069,62,25,38
string_acoustic_069-062-050,string_acoustic_069,62,50,38
string_acoustic_069-062-075,string_acoustic_069,62,75,38
string_acoustic_069-062-100,string_acoustic_069,62,100,38
string_acoustic_069-062-127,string_acoustic_069,62,127,38
string_acoustic_070-062-025,string_acoustic_070,62,25,38
string_acoustic_070-062-050,string_acoustic_070,62,50,38
string_acoustic_070-062-075,string_acoustic_070,62,75,38
string_acoustic_070-062-100,string_acoustic_070,62,100,38
string_acoustic_070-062-127,string_acoustic_070,62,127,38
string_acoustic_072-062-025,string_acoustic_072,62,25,38
string_acoustic_072-062-050,string_acoustic_072,62,50,38
string_acoustic_072-062-100,string_acoustic_072,62,100,38
string_acoustic_074-062-025,string_acoustic_074,62,25,38
string_acoustic_074-062-050,string_acoustic_074,62,50,38
string_acoustic_074-062-075,string_acoustic_074,62,75,38
string_acoustic_074-062-100,string_acoustic_074,62,100,38
string_acoustic_074-062-127,string_acoustic_074,62,127,38
string_acoustic_076-062-025,string_acoustic_076,62,25,38
string_acoustic_076-062-050,string_acoustic_076,62,50,38
string_acoustic_076-062-075,string_acoustic_076,62,75,38
string_acoustic_076-062-100,string_acoustic_076,62,100,38
string_acoustic_076-062-127,string_acoustic_076,62,127,38
string_acoustic_077-062-025,string_acoustic_077,62,25,38
string_acoustic_077-062-050,string_acoustic_077,62,50,38
string_acoustic_077-062-075,string_acoustic_077,62,75,38
string_acoustic_077-062-100,string_acoustic_077,62,100,38
string_acoustic_077-062-127,string_acoustic_077,62,127,38
string_acoustic_078-062-025,string_acoustic_078,62,25,38
string_acoustic_078-062-050,string_acoustic_078,62,50,38
string_acoustic_078-062-075,string_acoustic_078,62,75,38
string_acoustic_078-062-100,string_acoustic_078,62,100,38
string_acoustic_078-062-127,string_acoustic_078,62,127,38
string_acoustic_079-062-100,string_acoustic_079,62,100,21
string_acoustic_079-062-127,string_acoustic_079,62,127,21
string_acoustic_081-062-100,string_acoustic_081,62,100,21
string_acoustic_081-062-127,string_acoustic_081,62,127,21
string_acoustic_082-062-025,string_acoustic_082,62,25,38
string_acoustic_082-062-050,string_acoustic_082,62,50,38
string_acoustic_082-062-075,string_acoustic_082,62,75,38
string_acoustic_082-062-100,string_acoustic_082,62,100,38
string_acoustic_082-062-127,string_acoustic_082,62,127,38
string_acoustic_083-062-025,string_acoustic_083,62,25,38
string_acoustic_083-062-050,string_acoustic_083,62,50,38
string_acoustic_083-062-075,string_acoustic_083,62,75,38
string_acoustic_083-062-100,string_acoustic_083,62,100,38
string_acoustic_083-062-127,string_acoustic_083,62,127,38
string_acoustic_084-062-025,string_acoustic_084,62,25,33
string_acoustic_084-062-050,string_acoustic_084,62,50,33
string_acoustic_084-062-075,string_acoustic_084,62,75,32
string_acoustic_086-062-025,string_acoustic_086,62,25,38
string_acoustic_086-062-050,string_acoustic_086,62,50,38
string_acoustic_086-062-075,string_acoustic_086,62,75,38
string_acoustic_086-062-100,string_acoustic_086,62,100,38
string_acoustic_086-062-127,string_acoustic_086,62,127,38
string_acoustic_088-062-025,string_acoustic_088,62,25,38
string_acoustic_088-062-050,string_acoustic_088,62,50,38
string_acoustic_088-062-075,string_acoustic_088,62,75,38
string_acoustic_088-062-100,string_acoustic_088,62,100,38
string_acoustic_088-062-127,string_acoustic_088,62,127,38
string_acoustic_089-062-025,string_acoustic_089,62,25,38
string_acoustic_089-062-050,string_acoustic_089,62,50,38
string_acoustic_089-062-075,string_acoustic_089,62,75,38
string_acoustic_089-062-100,string_acoustic_089,62,100,38
string_acoustic_089-062-127,string_acoustic_089,62,127,38
string_acoustic_090-062-025,string_acoustic_090,62,25,38
string_acoustic_090-062-050,string_acoustic_090,62,50,38
string_acoustic_090-062-075,string_acoustic_090,62,75,38
string_acoustic_090-062-100,string_acoustic_090,62,100,38
string_acoustic_090-062-127,string_acoustic_090,62,127,38
string_acoustic_001-063-025,string_acoustic_001,63,25,38
string_acoustic_001-063-050,string_acoustic_001,63,50,38
string_acoustic_001-063-075,string_acoustic_001,63,75,38
string_acoustic_001-063-100,string_acoustic_001,63,100,38
string_acoustic_001-063-127,string_acoustic_001,63,127,38
string_acoustic_003-063-025,string_acoustic_003,63,25,38
string_acoustic_003-063-050,string_acoustic_003,63,50,38
string_acoustic_003-063-075,string_acoustic_003,63,75,38
string_acoustic_003-063-100,string_acoustic_003,63,100,38
string_acoustic_003-063-127,string_acoustic_003,63,127,38
string_acoustic_006-063-025,string_acoustic_006,63,25,38
string_acoustic_006-063-050,string_acoustic_006,63,50,38
string_acoustic_006-063-075,string_acoustic_006,63,75,38
string_acoustic_006-063-100,string_acoustic_006,63,100,38
string_acoustic_006-063-127,string_acoustic_006,63,127,38
string_acoustic_007-063-025,string_acoustic_007,63,25,38
string_acoustic_007-063-050,string_acoustic_007,63,50,38
string_acoustic_007-063-075,string_acoustic_007,63,75,38
string_acoustic_007-063-100,string_acoustic_007,63,100,38
string_acoustic_007-063-127,string_acoustic_007,63,127,38
string_acoustic_008-063-025,string_acoustic_008,63,25,38
string_acoustic_008-063-050,string_acoustic_008,63,50,38
string_acoustic_008-063-075,string_acoustic_008,63,75,38
string_acoustic_008-063-100,string_acoustic_008,63,100,38
string_acoustic_008-063-127,string_acoustic_008,63,127,38
string_acoustic_009-063-025,string_acoustic_009,63,25,38
string_acoustic_009-063-050,string_acoustic_009,63,50,38
string_acoustic_009-063-075,string_acoustic_009,63,75,38
string_acoustic_009-063-100,string_acoustic_009,63,100,38
string_acoustic_009-063-127,string_acoustic_009,63,127,38
string_acoustic_011-063-025,string_acoustic_011,63,25,38
string_acoustic_011-063-050,string_acoustic_011,63,50,38
string_acoustic_011-063-075,string_acoustic_011,63,75,38
string_acoustic_011-063-100,string_acoustic_011,63,100,38
string_acoustic_011-063-127,string_acoustic_011,63,127,38
string_acoustic_013-063-025,string_acoustic_013,63,25,38
string_acoustic_013-063-050,string_acoustic_013,63,50,38
string_acoustic_013-063-075,string_acoustic_013,63,75,38
string_acoustic_013-063-100,string_acoustic_013,63,100,38
string_acoustic_013-063-127,string_acoustic_013,63,127,38
string_acoustic_015-063-025,string_acoustic_015,63,25,38
string_acoustic_015-063-050,string_acoustic_015,63,50,38
string_acoustic_015-063-075,string_acoustic_015,63,75,38
string_acoustic_015-063-100,string_acoustic_015,63,100,38
string_acoustic_015-063-127,string_acoustic_015,63,127,38
string_acoustic_017-063-025,string_acoustic_017,63,25,38
string_acoustic_017-063-050,string_acoustic_017,63,50,38
string_acoustic_017-063-075,string_acoustic_017,63,75,38
string_acoustic_017-063-100,string_acoustic_017,63,100,38
string_acoustic_017-063-127,string_acoustic_017,63,127,38
string_acoustic_018-063-025,string_acoustic_018,63,25,38
string_acoustic_018-063-050,string_acoustic_018,63,50,38
string_acoustic_018-063-075,string_acoustic_018,63,75,38
string_acoustic_018-063-100,string_acoustic_018,63,100,38
string_acoustic_018-063-127,string_acoustic_018,63,127,38
string_acoustic_019-063-025,string_acoustic_019,63,25,38
string_acoustic_019-063-050,string_acoustic_019,63,50,38
string_acoustic_019-063-075,string_acoustic_019,63,75,38
string_acoustic_019-063-100,string_acoustic_019,63,100,38
string_acoustic_019-063-127,string_acoustic_019,63,127,38
string_acoustic_020-063-025,string_acoustic_020,63,25,38
string_acoustic_020-063-050,string_acoustic_020,63,50,38
string_acoustic_020-063-075,string_acoustic_020,63,75,38
string_acoustic_020-063-100,string_acoustic_020,63,100,38
string_acoustic_020-063-127,string_acoustic_020,63,127,38
string_acoustic_021-063-025,string_acoustic_021,63,25,38
string_acoustic_021-063-050,string_acoustic_021,63,50,38
string_acoustic_021-063-075,string_acoustic_021,63,75,38
string_acoustic_021-063-100,string_acoustic_021,63,100,38
string_acoustic_021-063-127,string_acoustic_021,63,127,38
string_acoustic_023-063-025,string_acoustic_023,63,25,38
string_acoustic_023-063-050,string_acoustic_023,63,50,38
string_acoustic_023-063-075,string_acoustic_023,63,75,38
string_acoustic_023-063-100,string_acoustic_023,63,100,38
string_acoustic_023-063-127,string_acoustic_023,63,127,38
string_acoustic_024-063-025,string_acoustic_024,63,25,38
string_acoustic_024-063-050,string_acoustic_024,63,50,38
string_acoustic_024-063-075,string_acoustic_024,63,75,38
string_acoustic_024-063-100,string_acoustic_024,63,100,38
string_acoustic_024-063-127,string_acoustic_024,63,127,38
string_acoustic_029-063-025,string_acoustic_029,63,25,38
string_acoustic_029-063-050,string_acoustic_029,63,50,38
string_acoustic_029-063-075,string_acoustic_029,63,75,38
string_acoustic_029-063-100,string_acoustic_029,63,100,38
string_acoustic_029-063-127,string_acoustic_029,63,127,38
string_acoustic_030-063-025,string_acoustic_030,63,25,38
string_acoustic_030-063-050,string_acoustic_030,63,50,38
string_acoustic_030-063-075,string_acoustic_030,63,75,38
string_acoustic_030-063-100,string_acoustic_030,63,100,38
string_acoustic_030-063-127,string_acoustic_030,63,127,38
string_acoustic_033-063-025,string_acoustic_033,63,25,38
string_acoustic_033-063-050,string_acoustic_033,63,50,38
string_acoustic_033-063-075,string_acoustic_033,63,75,38
string_acoustic_033-063-100,string_acoustic_033,63,100,38
string_acoustic_033-063-127,string_acoustic_033,63,127,38
string_acoustic_035-063-025,string_acoustic_035,63,25,38
string_acoustic_035-063-050,string_acoustic_035,63,50,38
string_acoustic_035-063-075,string_acoustic_035,63,75,38
string_acoustic_035-063-100,string_acoustic_035,63,100,38
string_acoustic_035-063-127,string_acoustic_035,63,127,38
string_acoustic_036-063-025,string_acoustic_036,63,25,38
string_acoustic_036-063-050,string_acoustic_036,63,50,38
string_acoustic_036-063-075,string_acoustic_036,63,75,38
string_acoustic_036-063-100,string_acoustic_036,63,100,38
string_acoustic_036-063-127,string_acoustic_036,63,127,38
string_acoustic_040-063-025,string_acoustic_040,63,25,38
string_acoustic_040-063-050,string_acoustic_040,63,50,38
string_acoustic_040-063-075,string_acoustic_040,63,75,38
string_acoustic_040-063-100,string_acoustic_040,63,100,38
string_acoustic_040-063-127,string_acoustic_040,63,127,38
string_acoustic_042-063-025,string_acoustic_042,63,25,38
string_acoustic_042-063-050,string_acoustic_042,63,50,38
string_acoustic_042-063-075,string_acoustic_042,63,75,38
string_acoustic_042-063-100,string_acoustic_042,63,100,38
string_acoustic_042-063-127,string_acoustic_042,63,127,38
string_acoustic_043-063-025,string_acoustic_043,63,25,38
string_acoustic_043-063-050,string_acoustic_043,63,50,38
string_acoustic_043-063-075,string_acoustic_043,63,75,38
string_acoustic_043-063-100,string_acoustic_043,63,100,38
string_acoustic_043-063-127,string_acoustic_043,63,127,38
string_acoustic_044-063-025,string_acoustic_044,63,25,38
string_acoustic_044-063-050,string_acoustic_044,63,50,38
string_acoustic_044-063-075,string_acoustic_044,63,75,38
string_acoustic_044-063-100,string_acoustic_044,63,100,38
string_acoustic_044-063-127,string_acoustic_044,63,127,38
string_acoustic_045-063-025,string_acoustic_045,63,25,38
string_acoustic_045-063-050,string_acoustic_045,63,50,38
string_acoustic_045-063-075,string_acoustic_045,63,75,38
string_acoustic_045-063-100,string_acoustic_045,63,100,38
string_acoustic_045-063-127,string_acoustic_045,63,127,38
string_acoustic_047-063-025,string_acoustic_047,63,25,38
string_acoustic_047-063-050,string_acoustic_047,63,50,38
string_acoustic_047-063-075,string_acoustic_047,63,75,38
string_acoustic_047-063-100,string_acoustic_047,63,100,38
string_acoustic_047-063-127,string_acoustic_047,63,127,38
string_acoustic_048-063-025,string_acoustic_048,63,25,38
string_acoustic_048-063-050,string_acoustic_048,63,50,38
string_acoustic_048-063-075,string_acoustic_048,63,75,38
string_acoustic_048-063-100,string_acoustic_048,63,100,38
string_acoustic_048-063-127,string_acoustic_048,63,127,38
string_acoustic_049-063-025,string_acoustic_049,63,25,38
string_acoustic_049-063-050,string_acoustic_049,63,50,38
string_acoustic_049-063-075,string_acoustic_049,63,75,38
string_acoustic_049-063-100,string_acoustic_049,63,100,38
string_acoustic_049-063-127,string_acoustic_049,63,127,38
string_acoustic_051-063-025,string_acoustic_051,63,25,38
string_acoustic_051-063-050,string_acoustic_051,63,50,38
string_acoustic_051-063-075,string_acoustic_051,63,75,38
string_acoustic_051-063-100,string_acoustic_051,63,100,38
string_acoustic_051-063-127,string_acoustic_051,63,127,38
string_acoustic_052-063-025,string_acoustic_052,63,25,38
string_acoustic_052-063-050,string_acoustic_052,63,50,38
string_acoustic_052-063-075,string_acoustic_052,63,75,38
string_acoustic_052-063-100,string_acoustic_052,63,100,38
string_acoustic_052-063-127,string_acoustic_052,63,127,38
string_acoustic_054-063-025,string_acoustic_054,63,25,38
string_acoustic_054-063-050,string_acoustic_054,63,50,38
string_acoustic_054-063-075,string_acoustic_054,63,75,38
string_acoustic_054-063-100,string_acoustic_054,63,100,38
string_acoustic_054-063-127,string_acoustic_054,63,127,38
string_acoustic_055-063-025,string_acoustic_055,63,25,38
string_acoustic_055-063-050,string_acoustic_055,63,50,38
string_acoustic_055-063-075,string_acoustic_055,63,75,38
string_acoustic_055-063-100,string_acoustic_055,63,100,38
string_acoustic_055-063-127,string_acoustic_055,63,127,38
string_acoustic_059-063-025,string_acoustic_059,63,25,38
string_acoustic_059-063-050,string_acoustic_059,63,50,38
string_acoustic_059-063-075,string_acoustic_059,63,75,38
string_acoustic_059-063-100,string_acoustic_059,63,100,38
string_acoustic_059-063-127,string_acoustic_059,63,127,38
string_acoustic_060-063-025,string_acoustic_060,63,25,38
string_acoustic_060-063-050,string_acoustic_060,63,50,38
string_acoustic_060-063-075,string_acoustic_060,63,75,38
string_acoustic_060-063-100,string_acoustic_060,63,100,38
string_acoustic_060-063-127,string_acoustic_060,63,127,38
string_acoustic_061-063-025,string_acoustic_061,63,25,38
string_acoustic_061-063-050,string_acoustic_061,63,50,38
string_acoustic_061-063-075,string_acoustic_061,63,75,38
string_acoustic_061-063-100,string_acoustic_061,63,100,38
string_acoustic_061-063-127,string_acoustic_061,63,127,38
string_acoustic_063-063-025,string_acoustic_063,63,25,38
string_acoustic_063-063-050,string_acoustic_063,63,50,38
string_acoustic_063-063-075,string_acoustic_063,63,75,38
string_acoustic_063-063-100,string_acoustic_063,63,100,38
string_acoustic_063-063-127,string_acoustic_063,63,127,38
string_acoustic_064-063-025,string_acoustic_064,63,25,38
string_acoustic_064-063-050,string_acoustic_064,63,50,38
string_acoustic_064-063-075,string_acoustic_064,63,75,38
string_acoustic_064-063-100,string_acoustic_064,63,100,38
string_acoustic_064-063-127,string_acoustic_064,63,127,38
string_acoustic_066-063-025,string_acoustic_066,63,25,38
string_acoustic_066-063-050,string_acoustic_066,63,50,38
string_acoustic_066-063-075,string_acoustic_066,63,75,38
string_acoustic_066-063-100,string_acoustic_066,63,100,38
string_acoustic_066-063-127,string_acoustic_066,63,127,38
string_acoustic_067-063-025,string_acoustic_067,63,25,38
string_acoustic_067-063-050,string_acoustic_067,63,50,38
string_acoustic_067-063-075,string_acoustic_067,63,75,38
string_acoustic_067-063-100,string_acoustic_067,63,100,38
string_acoustic_067-063-127,string_acoustic_067,63,127,38
string_acoustic_069-063-025,string_acoustic_069,63,25,38
string_acoustic_069-063-050,string_acoustic_069,63,50,38
string_acoustic_069-063-075,string_acoustic_069,63,75,38
string_acoustic_069-063-100,string_acoustic_069,63,100,38
string_acoustic_069-063-127,string_acoustic_069,63,127,38
string_acoustic_070-063-025,string_acoustic_070,63,25,38
string_acoustic_070-063-050,string_acoustic_070,63,50,38
string_acoustic_070-063-075,string_acoustic_070,63,75,38
string_acoustic_070-063-100,string_acoustic_070,63,100,38
string_acoustic_070-063-127,string_acoustic_070,63,127,38
string_acoustic_074-063-025,string_acoustic_074,63,25,38
string_acoustic_074-063-050,string_acoustic_074,63,50,38
string_acoustic_074-063-075,string_acoustic_074,63,75,38
string_acoustic_074-063-100,string_acoustic_074,63,100,38
string_acoustic_074-063-127,string_acoustic_074,63,127,38
string_acoustic_076-063-025,string_acoustic_076,63,25,38
string_acoustic_076-063-050,string_acoustic_076,63,50,38
string_acoustic_076-063-075,string_acoustic_076,63,75,38
string_acoustic_076-063-100,string_acoustic_076,63,100,38
string_acoustic_076-063-127,string_acoustic_076,63,127,38
string_acoustic_077-063-025,string_acoustic_077,63,25,38
string_acoustic_077-063-050,string_acoustic_077,63,50,38
string_acoustic_077-063-075,string_acoustic_077,63,75,38
string_acoustic_077-063-100,string_acoustic_077,63,100,38
string_acoustic_077-063-127,string_acoustic_077,63,127,38
string_acoustic_078-063-025,string_acoustic_078,63,25,38
string_acoustic_078-063-050,string_acoustic_078,63,50,38
string_acoustic_078-063-075,string_acoustic_078,63,75,38
string_acoustic_078-063-100,string_acoustic_078,63,100,38
string_acoustic_078-063-127,string_acoustic_078,63,127,38
string_acoustic_083-063-025,string_acoustic_083,63,25,38
string_acoustic_083-063-050,string_acoustic_083,63,50,38
string_acoustic_083-063-075,string_acoustic_083,63,75,38
string_acoustic_083-063-100,string_acoustic_083,63,100,38
string_acoustic_083-063-127,string_acoustic_083,63,127,38
string_acoustic_086-063-025,string_acoustic_086,63,25,38
string_acoustic_086-063-050,string_acoustic_086,63,50,38
string_acoustic_086-063-075,string_acoustic_086,63,75,38
string_acoustic_086-063-100,string_acoustic_086,63,100,38
string_acoustic_086-063-127,string_acoustic_086,63,127,38
string_acoustic_088-063-025,string_acoustic_088,63,25,38
string_acoustic_088-063-050,string_acoustic_088,63,50,38
string_acoustic_088-063-075,string_acoustic_088,63,75,38
string_acoustic_088-063-100,string_acoustic_088,63,100,38
string_acoustic_088-063-127,string_acoustic_088,63,127,38
string_acoustic_089-063-025,string_acoustic_089,63,25,38
string_acoustic_089-063-050,string_acoustic_089,63,50,38
string_acoustic_089-063-075,string_acoustic_089,63,75,38
string_acoustic_089-063-100,string_acoustic_089,63,100,38
string_acoustic_089-063-127,string_acoustic_089,63,127,38
string_acoustic_090-063-025,string_acoustic_090,63,25,38
string_acoustic_090-063-050,string_acoustic_090,63,50,38
string_acoustic_090-063-075,string_acoustic_090,63,75,38
string_acoustic_090-063-100,string_acoustic_090,63,100,38
string_acoustic_090-063-127,string_acoustic_090,63,127,38
string_acoustic_001-064-025,string_acoustic_001,64,25,38
string_acoustic_001-064-050,string_acoustic_001,64,50,38
string_acoustic_001-064-075,string_acoustic_001,64,75,38
string_acoustic_001-064-100,string_acoustic_001,64,100,38
string_acoustic_001-064-127,string_acoustic_001,64,127,38
string_acoustic_003-064-025,string_acoustic_003,64,25,38
string_acoustic_003-064-050,string_acoustic_003,64,50,38
string_acoustic_003-064-075,string_acoustic_003,64,75,38
string_acoustic_003-064-100,string_acoustic_003,64,100,38
string_acoustic_003-064-127,string_acoustic_003,64,127,38
string_acoustic_006-064-025,string_acoustic_006,64,25,38
string_acoustic_006-064-050,string_acoustic_006,64,50,38
string_acoustic_006-064-075,string_acoustic_006,64,75,38
string_acoustic_006-064-100,string_acoustic_006,64,100,38
string_acoustic_006-064-127,string_acoustic_006,64,127,38
string_acoustic_007-064-025,string_acoustic_007,64,25,38
string_acoustic_007-064-050,string_acoustic_007,64,50,38
string_acoustic_007-064-075,string_acoustic_007,64,75,38
string_acoustic_007-064-100,string_acoustic_007,64,100,38
string_acoustic_007-064-127,string_acoustic_007,64,127,38
string_acoustic_008-064-025,string_acoustic_008,64,25,38
string_acoustic_008-064-050,string_acoustic_008,64,50,38
string_acoustic_008-064-075,string_acoustic_008,64,75,38
string_acoustic_008-064-100,string_acoustic_008,64,100,38
string_acoustic_008-064-127,string_acoustic_008,64,127,38
string_acoustic_009-064-025,string_acoustic_009,64,25,38
string_acoustic_009-064-050,string_acoustic_009,64,50,38
string_acoustic_009-064-075,string_acoustic_009,64,75,38
string_acoustic_009-064-100,string_acoustic_009,64,100,38
string_acoustic_009-064-127,string_acoustic_009,64,127,38
string_acoustic_011-064-025,string_acoustic_011,64,25,38
string_acoustic_011-064-050,string_acoustic_011,64,50,38
string_acoustic_011-064-075,string_acoustic_011,64,75,38
string_acoustic_011-064-100,string_acoustic_011,64,100,38
string_acoustic_011-064-127,string_acoustic_011,64,127,38
string_acoustic_013-064-025,string_acoustic_013,64,25,38
string_acoustic_013-064-050,string_acoustic_013,64,50,38
string_acoustic_013-064-075,string_acoustic_013,64,75,38
string_acoustic_013-064-100,string_acoustic_013,64,100,38
string_acoustic_013-064-127,string_acoustic_013,64,127,38
string_acoustic_015-064-025,string_acoustic_015,64,25,38
string_acoustic_015-064-050,string_acoustic_015,64,50,38
string_acoustic_015-064-075,string_acoustic_015,64,75,38
string_acoustic_015-064-100,string_acoustic_015,64,100,38
string_acoustic_015-064-127,string_acoustic_015,64,127,38
string_acoustic_017-064-025,string_acoustic_017,64,25,38
string_acoustic_017-064-050,string_acoustic_017,64,50,38
string_acoustic_017-064-075,string_acoustic_017,64,75,38
string_acoustic_017-064-100,string_acoustic_017,64,100,38
string_acoustic_017-064-127,string_acoustic_017,64,127,38
string_acoustic_018-064-025,string_acoustic_018,64,25,38
string_acoustic_018-064-050,string_acoustic_018,64,50,38
string_acoustic_018-064-075,string_acoustic_018,64,75,38
string_acoustic_018-064-100,string_acoustic_018,64,100,38
string_acoustic_018-064-127,string_acoustic_018,64,127,38
string_acoustic_019-064-025,string_acoustic_019,64,25,38
string_acoustic_019-064-050,string_acoustic_019,64,50,38
string_acoustic_019-064-075,string_acoustic_019,64,75,38
string_acoustic_019-064-100,string_acoustic_019,64,100,38
string_acoustic_019-064-127,string_acoustic_019,64,127,38
string_acoustic_020-064-025,string_acoustic_020,64,25,38
string_acoustic_020-064-050,string_acoustic_020,64,50,38
string_acoustic_020-064-075,string_acoustic_020,64,75,38
string_acoustic_020-064-100,string_acoustic_020,64,100,38
string_acoustic_020-064-127,string_acoustic_020,64,127,38
string_acoustic_021-064-025,string_acoustic_021,64,25,38
string_acoustic_021-064-050,string_acoustic_021,64,50,38
string_acoustic_021-064-075,string_acoustic_021,64,75,38
string_acoustic_021-064-100,string_acoustic_021,64,100,38
string_acoustic_021-064-127,string_acoustic_021,64,127,38
string_acoustic_023-064-025,string_acoustic_023,64,25,38
string_acoustic_023-064-050,string_acoustic_023,64,50,38
string_acoustic_023-064-075,string_acoustic_023,64,75,38
string_acoustic_023-064-100,string_acoustic_023,64,100,38
string_acoustic_023-064-127,string_acoustic_023,64,127,38
string_acoustic_024-064-025,string_acoustic_024,64,25,38
string_acoustic_024-064-050,string_acoustic_024,64,50,38
string_acoustic_024-064-075,string_acoustic_024,64,75,38
string_acoustic_024-064-100,string_acoustic_024,64,100,38
string_acoustic_024-064-127,string_acoustic_024,64,127,38
string_acoustic_029-064-025,string_acoustic_029,64,25,38
string_acoustic_029-064-050,string_acoustic_029,64,50,38
string_acoustic_029-064-075,string_acoustic_029,64,75,38
string_acoustic_029-064-100,string_acoustic_029,64,100,38
string_acoustic_029-064-127,string_acoustic_029,64,127,38
string_acoustic_030-064-025,string_acoustic_030,64,25,38
string_acoustic_030-064-050,string_acoustic_030,64,50,38
string_acoustic_030-064-075,string_acoustic_030,64,75,38
string_acoustic_030-064-100,string_acoustic_030,64,100,38
string_acoustic_030-064-127,string_acoustic_030,64,127,38
string_acoustic_033-064-025,string_acoustic_033,64,25,38
string_acoustic_033-064-050,string_acoustic_033,64,50,38
string_acoustic_033-064-075,string_acoustic_033,64,75,38
string_acoustic_033-064-100,string_acoustic_033,64,100,38
string_acoustic_033-064-127,string_acoustic_033,64,127,38
string_acoustic_035-064-025,string_acoustic_035,64,25,38
string_acoustic_035-064-050,string_acoustic_035,64,50,38
string_acoustic_035-064-075,string_acoustic_035,64,75,38
string_acoustic_035-064-100,string_acoustic_035,64,100,38
string_acoustic_035-064-127,string_acoustic_035,64,127,38
string_acoustic_036-064-025,string_acoustic_036,64,25,38
string_acoustic_036-064-050,string_acoustic_036,64,50,38
string_acoustic_036-064-075,string_acoustic_036,64,75,38
string_acoustic_036-064-100,string_acoustic_036,64,100,38
string_acoustic_036-064-127,string_acoustic_036,64,127,38
string_acoustic_040-064-025,string_acoustic_040,64,25,38
string_acoustic_040-064-050,string_acoustic_040,64,50,38
string_acoustic_040-064-075,string_acoustic_040,64,75,38
string_acoustic_040-064-100,string_acoustic_040,64,100,38
string_acoustic_040-064-127,string_acoustic_040,64,127,38
string_acoustic_042-064-025,string_acoustic_042,64,25,38
string_acoustic_042-064-050,string_acoustic_042,64,50,38
string_acoustic_042-064-075,string_acoustic_042,64,75,38
string_acoustic_042-064-100,string_acoustic_042,64,100,38
string_acoustic_042-064-127,string_acoustic_042,64,127,38
string_acoustic_043-064-025,string_acoustic_043,64,25,38
string_acoustic_043-064-050,string_acoustic_043,64,50,38
string_acoustic_043-064-075,string_acoustic_043,64,75,38
string_acoustic_043-064-100,string_acoustic_043,64,100,38
string_acoustic_043-064-127,string_acoustic_043,64,127,38
string_acoustic_044-064-025,string_acoustic_044,64,25,38
string_acoustic_044-064-050,string_acoustic_044,64,50,38
string_acoustic_044-064-075,string_acoustic_044,64,75,38
string_acoustic_044-064-100,string_acoustic_044,64,100,38
string_acoustic_044-064-127,string_acoustic_044,64,127,38
string_acoustic_045-064-025,string_acoustic_045,64,25,38
string_acoustic_045-064-050,string_acoustic_045,64,50,38
string_acoustic_045-064-075,string_acoustic_045,64,75,38
string_acoustic_045-064-100,string_acoustic_045,64,100,38
string_acoustic_045-064-127,string_acoustic_045,64,127,38
string_acoustic_047-064-025,string_acoustic_047,64,25,38
string_acoustic_047-064-050,string_acoustic_047,64,50,38
string_acoustic_047-064-075,string_acoustic_047,64,75,38
string_acoustic_047-064-100,string_acoustic_047,64,100,38
string_acoustic_047-064-127,string_acoustic_047,64,127,38
string_acoustic_048-064-025,string_acoustic_048,64,25,38
string_acoustic_048-064-050,string_acoustic_048,64,50,38
string_acoustic_048-064-075,string_acoustic_048,64,75,38
string_acoustic_048-064-100,string_acoustic_048,64,100,38
string_acoustic_048-064-127,string_acoustic_048,64,127,38
string_acoustic_049-064-025,string_acoustic_049,64,25,38
string_acoustic_049-064-050,string_acoustic_049,64,50,38
string_acoustic_049-064-075,string_acoustic_049,64,75,38
string_acoustic_049-064-100,string_acoustic_049,64,100,38
string_acoustic_049-064-127,string_acoustic_049,64,127,38
string_acoustic_051-064-025,string_acoustic_051,64,25,38
string_acoustic_051-064-050,string_acoustic_051,64,50,38
string_acoustic_051-064-075,string_acoustic_051,64,75,38
string_acoustic_051-064-100,string_acoustic_051,64,100,38
string_acoustic_051-064-127,string_acoustic_051,64,127,38
string_acoustic_052-064-025,string_acoustic_052,64,25,38
string_acoustic_052-064-050,string_acoustic_052,64,50,38
string_acoustic_052-064-075,string_acoustic_052,64,75,38
string_acoustic_052-064-100,string_acoustic_052,64,100,38
string_acoustic_052-064-127,string_acoustic_052,64,127,38
string_acoustic_054-064-025,string_acoustic_054,64,25,38
string_acoustic_054-064-050,string_acoustic_054,64,50,38
string_acoustic_054-064-075,string_acoustic_054,64,75,38
string_acoustic_054-064-100,string_acoustic_054,64,100,38
string_acoustic_054-064-127,string_acoustic_054,64,127,38
string_acoustic_055-064-025,string_acoustic_055,64,25,38
string_acoustic_055-064-050,string_acoustic_055,64,50,38
string_acoustic_055-064-075,string_acoustic_055,64,75,38
string_acoustic_055-064-100,string_acoustic_055,64,100,38
string_acoustic_055-064-127,string_acoustic_055,64,127,38
string_acoustic_059-064-025,string_acoustic_059,64,25,38
string_acoustic_059-064-050,string_acoustic_059,64,50,38
string_acoustic_059-064-075,string_acoustic_059,64,75,38
string_acoustic_059-064-100,string_acoustic_059,64,100,38
string_acoustic_059-064-127,string_acoustic_059,64,127,38
string_acoustic_060-064-025,string_acoustic_060,64,25,38
string_acoustic_060-064-050,string_acoustic_060,64,50,38
string_acoustic_060-064-075,string_acoustic_060,64,75,38
string_acoustic_060-064-100,string_acoustic_060,64,100,38
string_acoustic_060-064-127,string_acoustic_060,64,127,38
string_acoustic_061-064-025,string_acoustic_061,64,25,38
string_acoustic_061-064-050,string_acoustic_061,64,50,38
string_acoustic_061-064-075,string_acoustic_061,64,75,38
string_acoustic_061-064-100,string_acoustic_061,64,100,38
string_acoustic_061-064-127,string_acoustic_061,64,127,38
string_acoustic_063-064-025,string_acoustic_063,64,25,38
string_acoustic_063-064-050,string_acoustic_063,64,50,38
string_acoustic_063-064-075,string_acoustic_063,64,75,38
string_acoustic_063-064-100,string_acoustic_063,64,100,38
string_acoustic_063-064-127,string_acoustic_063,64,127,38
string_acoustic_064-064-025,string_acoustic_064,64,25,38
string_acoustic_064-064-050,string_acoustic_064,64,50,38
string_acoustic_064-064-075,string_acoustic_064,64,75,38
string_acoustic_064-064-100,string_acoustic_064,64,100,38
string_acoustic_064-064-127,string_acoustic_064,64,127,38
string_acoustic_066-064-025,string_acoustic_066,64,25,38
string_acoustic_066-064-050,string_acoustic_066,64,50,38
string_acoustic_066-064-075,string_acoustic_066,64,75,38
string_acoustic_066-064-100,string_acoustic_066,64,100,38
string_acoustic_066-064-127,string_acoustic_066,64,127,38
string_acoustic_067-064-025,string_acoustic_067,64,25,38
string_acoustic_067-064-050,string_acoustic_067,64,50,38
string_acoustic_067-064-075,string_acoustic_067,64,75,38
string_acoustic_067-064-100,string_acoustic_067,64,100,38
string_acoustic_067-064-127,string_acoustic_067,64,127,38
string_acoustic_069-064-025,string_acoustic_069,64,25,38
string_acoustic_069-064-050,string_acoustic_069,64,50,38
string_acoustic_069-064-075,string_acoustic_069,64,75,38
string_acoustic_069-064-100,string_acoustic_069,64,100,38
string_acoustic_069-064-127,string_acoustic_069,64,127,38
string_acoustic_070-064-025,string_acoustic_070,64,25,38
string_acoustic_070-064-050,string_acoustic_070,64,50,38
string_acoustic_070-064-075,string_acoustic_070,64,75,38
string_acoustic_070-064-100,string_acoustic_070,64,100,38
string_acoustic_070-064-127,string_acoustic_070,64,127,38
string_acoustic_072-064-025,string_acoustic_072,64,25,38
string_acoustic_072-064-050,string_acoustic_072,64,50,38
string_acoustic_074-064-025,string_acoustic_074,64,25,38
string_acoustic_074-064-050,string_acoustic_074,64,50,38
string_acoustic_074-064-075,string_acoustic_074,64,75,38
string_acoustic_074-064-100,string_acoustic_074,64,100,38
string_acoustic_074-064-127,string_acoustic_074,64,127,38
string_acoustic_076-064-025,string_acoustic_076,64,25,38
string_acoustic_076-064-050,string_acoustic_076,64,50,38
string_acoustic_076-064-075,string_acoustic_076,64,75,38
string_acoustic_076-064-100,string_acoustic_076,64,100,38
string_acoustic_076-064-127,string_acoustic_076,64,127,38
string_acoustic_077-064-025,string_acoustic_077,64,25,38
string_acoustic_077-064-050,string_acoustic_077,64,50,38
string_acoustic_077-064-075,string_acoustic_077,64,75,38
string_acoustic_077-064-100,string_acoustic_077,64,100,38
string_acoustic_077-064-127,string_acoustic_077,64,127,38
string_acoustic_078-064-025,string_acoustic_078,64,25,38
string_acoustic_078-064-050,string_acoustic_078,64,50,38
string_acoustic_078-064-075,string_acoustic_078,64,75,38
string_acoustic_078-064-100,string_acoustic_078,64,100,38
string_acoustic_078-064-127,string_acoustic_078,64,127,38
string_acoustic_083-064-025,string_acoustic_083,64,25,38
string_acoustic_083-064-050,string_acoustic_083,64,50,38
string_acoustic_083-064-075,string_acoustic_083,64,75,38
string_acoustic_083-064-100,string_acoustic_083,64,100,38
string_acoustic_083-064-127,string_acoustic_083,64,127,38
string_acoustic_084-064-100,string_acoustic_084,64,100,33
string_acoustic_086-064-025,string_acoustic_086,64,25,38
string_acoustic_086-064-050,string_acoustic_086,64,50,38
string_acoustic_086-064-075,string_acoustic_086,64,75,38
string_acoustic_086-064-100,string_acoustic_086,64,100,38
string_acoustic_086-064-127,string_acoustic_086,64,127,38
string_acoustic_088-064-025,string_acoustic_088,64,25,38
string_acoustic_088-064-050,string_acoustic_088,64,50,38
string_acoustic_088-064-075,string_acoustic_088,64,75,38
string_acoustic_088-064-100,string_acoustic_088,64,100,38
string_acoustic_088-064-127,string_acoustic_088,64,127,38
string_acoustic_089-064-025,string_acoustic_089,64,25,38
string_acoustic_089-064-050,string_acoustic_089,64,50,38
string_acoustic_089-064-075,string_acoustic_089,64,75,38
string_acoustic_089-064-100,string_acoustic_089,64,100,38
string_acoustic_089-064-127,string_acoustic_089,64,127,38
string_acoustic_090-064-025,string_acoustic_090,64,25,38
string_acoustic_090-064-050,string_acoustic_090,64,50,38
string_acoustic_090-064-075,string_acoustic_090,64,75,38
string_acoustic_090-064-100,string_acoustic_090,64,100,38
string_acoustic_090-064-127,string_acoustic_090,64,127,38
string_acoustic_001-065-025,string_acoustic_001,65,25,38
string_acoustic_001-065-050,string_acoustic_001,65,50,38
string_acoustic_001-065-075,string_acoustic_001,65,75,38
string_acoustic_001-065-100,string_acoustic_001,65,100,38
string_acoustic_001-065-127,string_acoustic_001,65,127,38
string_acoustic_003-065-025,string_acoustic_003,65,25,38
string_acoustic_003-065-050,string_acoustic_003,65,50,38
string_acoustic_003-065-075,string_acoustic_003,65,75,38
string_acoustic_003-065-100,string_acoustic_003,65,100,38
string_acoustic_003-065-127,string_acoustic_003,65,127,38
string_acoustic_006-065-025,string_acoustic_006,65,25,38
string_acoustic_006-065-050,string_acoustic_006,65,50,38
string_acoustic_006-065-075,string_acoustic_006,65,75,38
string_acoustic_006-065-100,string_acoustic_006,65,100,38
string_acoustic_006-065-127,string_acoustic_006,65,127,38
string_acoustic_007-065-025,string_acoustic_007,65,25,38
string_acoustic_007-065-050,string_acoustic_007,65,50,38
string_acoustic_007-065-075,string_acoustic_007,65,75,38
string_acoustic_007-065-100,string_acoustic_007,65,100,38
string_acoustic_007-065-127,string_acoustic_007,65,127,38
string_acoustic_008-065-025,string_acoustic_008,65,25,38
string_acoustic_008-065-050,string_acoustic_008,65,50,38
string_acoustic_008-065-075,string_acoustic_008,65,75,38
string_acoustic_008-065-100,string_acoustic_008,65,100,38
string_acoustic_008-065-127,string_acoustic_008,65,127,38
string_acoustic_009-065-025,string_acoustic_009,65,25,38
string_acoustic_009-065-050,string_acoustic_009,65,50,38
string_acoustic_009-065-075,string_acoustic_009,65,75,38
string_acoustic_009-065-100,string_acoustic_009,65,100,38
string_acoustic_009-065-127,string_acoustic_009,65,127,38
string_acoustic_010-065-075,string_acoustic_010,65,75,18
string_acoustic_010-065-100,string_acoustic_010,65,100,18
string_acoustic_011-065-025,string_acoustic_011,65,25,38
string_acoustic_011-065-050,string_acoustic_011,65,50,38
string_acoustic_011-065-075,string_acoustic_011,65,75,38
string_acoustic_011-065-100,string_acoustic_011,65,100,38
string_acoustic_011-065-127,string_acoustic_011,65,127,38
string_acoustic_013-065-025,string_acoustic_013,65,25,38
string_acoustic_013-065-050,string_acoustic_013,65,50,38
string_acoustic_013-065-075,string_acoustic_013,65,75,38
string_acoustic_013-065-100,string_acoustic_013,65,100,38
string_acoustic_013-065-127,string_acoustic_013,65,127,38
string_acoustic_015-065-025,string_acoustic_015,65,25,38
string_acoustic_015-065-050,string_acoustic_015,65,50,38
string_acoustic_015-065-075,string_acoustic_015,65,75,38
string_acoustic_015-065-100,string_acoustic_015,65,100,38
string_acoustic_015-065-127,string_acoustic_015,65,127,38
string_acoustic_017-065-025,string_acoustic_017,65,25,38
string_acoustic_017-065-050,string_acoustic_017,65,50,38
string_acoustic_017-065-075,string_acoustic_017,65,75,38
string_acoustic_017-065-100,string_acoustic_017,65,100,38
string_acoustic_017-065-127,string_acoustic_017,65,127,38
string_acoustic_018-065-025,string_acoustic_018,65,25,38
string_acoustic_018-065-050,string_acoustic_018,65,50,38
string_acoustic_018-065-075,string_acoustic_018,65,75,38
string_acoustic_018-065-100,string_acoustic_018,65,100,38
string_acoustic_018-065-127,string_acoustic_018,65,127,38
string_acoustic_019-065-025,string_acoustic_019,65,25,38
string_acoustic_019-065-050,string_acoustic_019,65,50,38
string_acoustic_019-065-075,string_acoustic_019,65,75,38
string_acoustic_019-065-100,string_acoustic_019,65,100,38
string_acoustic_019-065-127,string_acoustic_019,65,127,38
string_acoustic_020-065-025,string_acoustic_020,65,25,38
string_acoustic_020-065-050,string_acoustic_020,65,50,38
string_acoustic_020-065-075,string_acoustic_020,65,75,38
string_acoustic_020-065-100,string_acoustic_020,65,100,38
string_acoustic_020-065-127,string_acoustic_020,65,127,38
string_acoustic_021-065-025,string_acoustic_021,65,25,38
string_acoustic_021-065-050,string_acoustic_021,65,50,38
string_acoustic_021-065-075,string_acoustic_021,65,75,38
string_acoustic_021-065-100,string_acoustic_021,65,100,38
string_acoustic_021-065-127,string_acoustic_021,65,127,38
string_acoustic_023-065-025,string_acoustic_023,65,25,38
string_acoustic_023-065-050,string_acoustic_023,65,50,38
string_acoustic_023-065-075,string_acoustic_023,65,75,38
string_acoustic_023-065-100,string_acoustic_023,65,100,38
string_acoustic_023-065-127,string_acoustic_023,65,127,38
string_acoustic_024-065-025,string_acoustic_024,65,25,38
string_acoustic_024-065-050,string_acoustic_024,65,50,38
string_acoustic_024-065-075,string_acoustic_024,65,75,38
string_acoustic_024-065-100,string_acoustic_024,65,100,38
string_acoustic_024-065-127,string_acoustic_024,65,127,38
string_acoustic_029-065-025,string_acoustic_029,65,25,38
string_acoustic_029-065-050,string_acoustic_029,65,50,38
string_acoustic_029-065-075,string_acoustic_029,65,75,38
string_acoustic_029-065-100,string_acoustic_029,65,100,38
string_acoustic_029-065-127,string_acoustic_029,65,127,38
string_acoustic_030-065-025,string_acoustic_030,65,25,38
string_acoustic_030-065-050,string_acoustic_030,65,50,38
string_acoustic_030-065-075,string_acoustic_030,65,75,38
string_acoustic_030-065-100,string_acoustic_030,65,100,38
string_acoustic_030-065-127,string_acoustic_030,65,127,38
string_acoustic_033-065-025,string_acoustic_033,65,25,38
string_acoustic_033-065-050,string_acoustic_033,65,50,38
string_acoustic_033-065-075,string_acoustic_033,65,75,38
string_acoustic_033-065-100,string_acoustic_033,65,100,38
string_acoustic_033-065-127,string_acoustic_033,65,127,38
string_acoustic_035-065-025,string_acoustic_035,65,25,38
string_acoustic_035-065-050,string_acoustic_035,65,50,38
string_acoustic_035-065-075,string_acoustic_035,65,75,38
string_acoustic_035-065-100,string_acoustic_035,65,100,38
string_acoustic_035-065-127,string_acoustic_035,65,127,38
string_acoustic_036-065-025,string_acoustic_036,65,25,38
string_acoustic_036-065-050,string_acoustic_036,65,50,38
string_acoustic_036-065-075,string_acoustic_036,65,75,38
string_acoustic_036-065-100,string_acoustic_036,65,100,38
string_acoustic_036-065-127,string_acoustic_036,65,127,38
string_acoustic_040-065-025,string_acoustic_040,65,25,38
string_acoustic_040-065-050,string_acoustic_040,65,50,38
string_acoustic_040-065-075,string_acoustic_040,65,75,38
string_acoustic_040-065-100,string_acoustic_040,65,100,38
string_acoustic_040-065-127,string_acoustic_040,65,127,38
string_acoustic_042-065-025,string_acoustic_042,65,25,38
string_acoustic_042-065-050,string_acoustic_042,65,50,38
string_acoustic_042-065-075,string_acoustic_042,65,75,38
string_acoustic_042-065-100,string_acoustic_042,65,100,38
string_acoustic_042-065-127,string_acoustic_042,65,127,38
string_acoustic_043-065-025,string_acoustic_043,65,25,38
string_acoustic_043-065-050,string_acoustic_043,65,50,38
string_acoustic_043-065-075,string_acoustic_043,65,75,38
string_acoustic_043-065-100,string_acoustic_043,65,100,38
string_acoustic_043-065-127,string_acoustic_043,65,127,38
string_acoustic_044-065-025,string_acoustic_044,65,25,38
string_acoustic_044-065-050,string_acoustic_044,65,50,38
string_acoustic_044-065-075,string_acoustic_044,65,75,38
string_acoustic_044-065-100,string_acoustic_044,65,100,38
string_acoustic_044-065-127,string_acoustic_044,65,127,38
string_acoustic_045-065-025,string_acoustic_045,65,25,38
string_acoustic_045-065-050,string_acoustic_045,65,50,38
string_acoustic_045-065-075,string_acoustic_045,65,75,38
string_acoustic_045-065-100,string_acoustic_045,65,100,38
string_acoustic_045-065-127,string_acoustic_045,65,127,38
string_acoustic_047-065-025,string_acoustic_047,65,25,38
string_acoustic_047-065-050,string_acoustic_047,65,50,38
string_acoustic_047-065-075,string_acoustic_047,65,75,38
string_acoustic_047-065-100,string_acoustic_047,65,100,38
string_acoustic_047-065-127,string_acoustic_047,65,127,38
string_acoustic_048-065-025,string_acoustic_048,65,25,38
string_acoustic_048-065-050,string_acoustic_048,65,50,38
string_acoustic_048-065-075,string_acoustic_048,65,75,38
string_acoustic_048-065-100,string_acoustic_048,65,100,38
string_acoustic_048-065-127,string_acoustic_048,65,127,38
string_acoustic_049-065-025,string_acoustic_049,65,25,38
string_acoustic_049-065-050,string_acoustic_049,65,50,38
string_acoustic_049-065-075,string_acoustic_049,65,75,38
string_acoustic_049-065-100,string_acoustic_049,65,100,38
string_acoustic_049-065-127,string_acoustic_049,65,127,38
string_acoustic_051-065-025,string_acoustic_051,65,25,38
string_acoustic_051-065-050,string_acoustic_051,65,50,38
string_acoustic_051-065-075,string_acoustic_051,65,75,38
string_acoustic_051-065-100,string_acoustic_051,65,100,38
string_acoustic_051-065-127,string_acoustic_051,65,127,38
string_acoustic_052-065-025,string_acoustic_052,65,25,38
string_acoustic_052-065-050,string_acoustic_052,65,50,38
string_acoustic_052-065-075,string_acoustic_052,65,75,38
string_acoustic_052-065-100,string_acoustic_052,65,100,38
string_acoustic_052-065-127,string_acoustic_052,65,127,38
string_acoustic_054-065-025,string_acoustic_054,65,25,38
string_acoustic_054-065-050,string_acoustic_054,65,50,38
string_acoustic_054-065-075,string_acoustic_054,65,75,38
string_acoustic_054-065-100,string_acoustic_054,65,100,38
string_acoustic_054-065-127,string_acoustic_054,65,127,38
string_acoustic_055-065-025,string_acoustic_055,65,25,38
string_acoustic_055-065-050,string_acoustic_055,65,50,38
string_acoustic_055-065-075,string_acoustic_055,65,75,38
string_acoustic_055-065-100,string_acoustic_055,65,100,38
string_acoustic_055-065-127,string_acoustic_055,65,127,38
string_acoustic_059-065-025,string_acoustic_059,65,25,38
string_acoustic_059-065-050,string_acoustic_059,65,50,38
string_acoustic_059-065-075,string_acoustic_059,65,75,38
string_acoustic_059-065-100,string_acoustic_059,65,100,38
string_acoustic_059-065-127,string_acoustic_059,65,127,38
string_acoustic_060-065-025,string_acoustic_060,65,25,38
string_acoustic_060-065-050,string_acoustic_060,65,50,38
string_acoustic_060-065-075,string_acoustic_060,65,75,38
string_acoustic_060-065-100,string_acoustic_060,65,100,38
string_acoustic_060-065-127,string_acoustic_060,65,127,38
string_acoustic_061-065-025,string_acoustic_061,65,25,38
string_acoustic_061-065-050,string_acoustic_061,65,50,38
string_acoustic_061-065-075,string_acoustic_061,65,75,38
string_acoustic_061-065-100,string_acoustic_061,65,100,38
string_acoustic_061-065-127,string_acoustic_061,65,127,38
string_acoustic_063-065-025,string_acoustic_063,65,25,38
string_acoustic_063-065-050,string_acoustic_063,65,50,38
string_acoustic_063-065-075,string_acoustic_063,65,75,38
string_acoustic_063-065-100,string_acoustic_063,65,100,38
string_acoustic_063-065-127,string_acoustic_063,65,127,38
string_acoustic_064-065-025,string_acoustic_064,65,25,38
string_acoustic_064-065-050,string_acoustic_064,65,50,38
string_acoustic_064-065-075,string_acoustic_064,65,75,38
string_acoustic_064-065-100,string_acoustic_064,65,100,38
string_acoustic_064-065-127,string_acoustic_064,65,127,38
string_acoustic_066-065-025,string_acoustic_066,65,25,38
string_acoustic_066-065-050,string_acoustic_066,65,50,38
string_acoustic_066-065-075,string_acoustic_066,65,75,38
string_acoustic_066-065-100,string_acoustic_066,65,100,38
string_acoustic_066-065-127,string_acoustic_066,65,127,38
string_acoustic_067-065-025,string_acoustic_067,65,25,38
string_acoustic_067-065-050,string_acoustic_067,65,50,38
string_acoustic_067-065-075,string_acoustic_067,65,75,38
string_acoustic_067-065-100,string_acoustic_067,65,100,38
string_acoustic_067-065-127,string_acoustic_067,65,127,38
string_acoustic_069-065-025,string_acoustic_069,65,25,38
string_acoustic_069-065-050,string_acoustic_069,65,50,38
string_acoustic_069-065-075,string_acoustic_069,65,75,38
string_acoustic_069-065-100,string_acoustic_069,65,100,38
string_acoustic_069-065-127,string_acoustic_069,65,127,38
string_acoustic_070-065-025,string_acoustic_070,65,25,38
string_acoustic_070-065-050,string_acoustic_070,65,50,38
string_acoustic_070-065-075,string_acoustic_070,65,75,38
string_acoustic_070-065-100,string_acoustic_070,65,100,38
string_acoustic_070-065-127,string_acoustic_070,65,127,38
string_acoustic_072-065-025,string_acoustic_072,65,25,38
string_acoustic_072-065-050,string_acoustic_072,65,50,37
string_acoustic_074-065-025,string_acoustic_074,65,25,38
string_acoustic_074-065-050,string_acoustic_074,65,50,38
string_acoustic_074-065-075,string_acoustic_074,65,75,38
string_acoustic_074-065-100,string_acoustic_074,65,100,38
string_acoustic_074-065-127,string_acoustic_074,65,127,38
string_acoustic_076-065-025,string_acoustic_076,65,25,38
string_acoustic_076-065-050,string_acoustic_076,65,50,38
string_acoustic_076-065-075,string_acoustic_076,65,75,38
string_acoustic_076-065-100,string_acoustic_076,65,100,38
string_acoustic_076-065-127,string_acoustic_076,65,127,38
string_acoustic_077-065-025,string_acoustic_077,65,25,38
string_acoustic_077-065-050,string_acoustic_077,65,50,38
string_acoustic_077-065-075,string_acoustic_077,65,75,38
string_acoustic_077-065-100,string_acoustic_077,65,100,38
string_acoustic_077-065-127,string_acoustic_077,65,127,38
string_acoustic_078-065-025,string_acoustic_078,65,25,38
string_acoustic_078-065-050,string_acoustic_078,65,50,38
string_acoustic_078-065-075,string_acoustic_078,65,75,38
string_acoustic_078-065-100,string_acoustic_078,65,100,38
string_acoustic_078-065-127,string_acoustic_078,65,127,38
string_acoustic_083-065-025,string_acoustic_083,65,25,38
string_acoustic_083-065-050,string_acoustic_083,65,50,38
string_acoustic_083-065-075,string_acoustic_083,65,75,38
string_acoustic_083-065-100,string_acoustic_083,65,100,38
string_acoustic_083-065-127,string_acoustic_083,65,127,38
string_acoustic_084-065-127,string_acoustic_084,65,127,27
string_acoustic_086-065-025,string_acoustic_086,65,25,38
string_acoustic_086-065-050,string_acoustic_086,65,50,38
string_acoustic_086-065-075,string_acoustic_086,65,75,38
string_acoustic_086-065-100,string_acoustic_086,65,100,38
string_acoustic_086-065-127,string_acoustic_086,65,127,38
string_acoustic_088-065-025,string_acoustic_088,65,25,38
string_acoustic_088-065-050,string_acoustic_088,65,50,38
string_acoustic_088-065-075,string_acoustic_088,65,75,38
string_acoustic_088-065-100,string_acoustic_088,65,100,38
string_acoustic_088-065-127,string_acoustic_088,65,127,38
string_acoustic_089-065-025,string_acoustic_089,65,25,38
string_acoustic_089-065-050,string_acoustic_089,65,50,38
string_acoustic_089-065-075,string_acoustic_089,65,75,38
string_acoustic_089-065-100,string_acoustic_089,65,100,38
string_acoustic_089-065-127,string_acoustic_089,65,127,38
string_acoustic_090-065-025,string_acoustic_090,65,25,38
string_acoustic_090-065-050,string_acoustic_090,65,50,38
string_acoustic_090-065-075,string_acoustic_090,65,75,38
string_acoustic_090-065-100,string_acoustic_090,65,100,38
string_acoustic_090-065-127,string_acoustic_090,65,127,38
string_acoustic_001-066-025,string_acoustic_001,66,25,38
string_acoustic_001-066-050,string_acoustic_001,66,50,38
string_acoustic_001-066-075,string_acoustic_001,66,75,38
string_acoustic_001-066-100,string_acoustic_001,66,100,38
string_acoustic_001-066-127,string_acoustic_001,66,127,38
string_acoustic_003-066-025,string_acoustic_003,66,25,38
string_acoustic_003-066-050,string_acoustic_003,66,50,38
string_acoustic_003-066-075,string_acoustic_003,66,75,38
string_acoustic_003-066-100,string_acoustic_003,66,100,38
string_acoustic_003-066-127,string_acoustic_003,66,127,38
string_acoustic_006-066-025,string_acoustic_006,66,25,38
string_acoustic_006-066-050,string_acoustic_006,66,50,38
string_acoustic_006-066-075,string_acoustic_006,66,75,38
string_acoustic_006-066-100,string_acoustic_006,66,100,38
string_acoustic_006-066-127,string_acoustic_006,66,127,38
string_acoustic_007-066-025,string_acoustic_007,66,25,38
string_acoustic_007-066-050,string_acoustic_007,66,50,38
string_acoustic_007-066-075,string_acoustic_007,66,75,38
string_acoustic_007-066-100,string_acoustic_007,66,100,38
string_acoustic_007-066-127,string_acoustic_007,66,127,38
string_acoustic_008-066-025,string_acoustic_008,66,25,38
string_acoustic_008-066-050,string_acoustic_008,66,50,38
string_acoustic_008-066-075,string_acoustic_008,66,75,38
string_acoustic_008-066-100,string_acoustic_008,66,100,38
string_acoustic_008-066-127,string_acoustic_008,66,127,38
string_acoustic_009-066-025,string_acoustic_009,66,25,38
string_acoustic_009-066-050,string_acoustic_009,66,50,38
string_acoustic_009-066-075,string_acoustic_009,66,75,38
string_acoustic_009-066-100,string_acoustic_009,66,100,38
string_acoustic_009-066-127,string_acoustic_009,66,127,38
string_acoustic_010-066-075,string_acoustic_010,66,75,17
string_acoustic_010-066-100,string_acoustic_010,66,100,17
string_acoustic_011-066-025,string_acoustic_011,66,25,38
string_acoustic_011-066-050,string_acoustic_011,66,50,38
string_acoustic_011-066-075,string_acoustic_011,66,75,38
string_acoustic_011-066-100,string_acoustic_011,66,100,38
string_acoustic_011-066-127,string_acoustic_011,66,127,38
string_acoustic_013-066-025,string_acoustic_013,66,25,38
string_acoustic_013-066-050,string_acoustic_013,66,50,38
string_acoustic_013-066-075,string_acoustic_013,66,75,38
string_acoustic_013-066-100,string_acoustic_013,66,100,38
string_acoustic_013-066-127,string_acoustic_013,66,127,38
string_acoustic_015-066-025,string_acoustic_015,66,25,38
string_acoustic_015-066-050,string_acoustic_015,66,50,38
string_acoustic_015-066-075,string_acoustic_015,66,75,38
string_acoustic_015-066-100,string_acoustic_015,66,100,38
string_acoustic_015-066-127,string_acoustic_015,66,127,38
string_acoustic_017-066-025,string_acoustic_017,66,25,38
string_acoustic_017-066-050,string_acoustic_017,66,50,38
string_acoustic_017-066-075,string_acoustic_017,66,75,38
string_acoustic_017-066-100,string_acoustic_017,66,100,38
string_acoustic_017-066-127,string_acoustic_017,66,127,38
string_acoustic_018-066-025,string_acoustic_018,66,25,38
string_acoustic_018-066-050,string_acoustic_018,66,50,38
string_acoustic_018-066-075,string_acoustic_018,66,75,38
string_acoustic_018-066-100,string_acoustic_018,66,100,38
string_acoustic_018-066-127,string_acoustic_018,66,127,38
string_acoustic_019-066-025,string_acoustic_019,66,25,38
string_acoustic_019-066-050,string_acoustic_019,66,50,38
string_acoustic_019-066-075,string_acoustic_019,66,75,38
string_acoustic_019-066-100,string_acoustic_019,66,100,38
string_acoustic_019-066-127,string_acoustic_019,66,127,38
string_acoustic_020-066-025,string_acoustic_020,66,25,38
string_acoustic_020-066-050,string_acoustic_020,66,50,38
string_acoustic_020-066-075,string_acoustic_020,66,75,38
string_acoustic_020-066-100,string_acoustic_020,66,100,38
string_acoustic_020-066-127,string_acoustic_020,66,127,38
string_acoustic_023-066-025,string_acoustic_023,66,25,38
string_acoustic_023-066-050,string_acoustic_023,66,50,38
string_acoustic_023-066-075,string_acoustic_023,66,75,38
string_acoustic_023-066-100,string_acoustic_023,66,100,38
string_acoustic_023-066-127,string_acoustic_023,66,127,38
string_acoustic_024-066-025,string_acoustic_024,66,25,38
string_acoustic_024-066-050,string_acoustic_024,66,50,38
string_acoustic_024-066-075,string_acoustic_024,66,75,38
string_acoustic_024-066-100,string_acoustic_024,66,100,38
string_acoustic_024-066-127,string_acoustic_024,66,127,38
string_acoustic_029-066-025,string_acoustic_029,66,25,38
string_acoustic_029-066-050,string_acoustic_029,66,50,38
string_acoustic_029-066-075,string_acoustic_029,66,75,38
string_acoustic_029-066-100,string_acoustic_029,66,100,38
string_acoustic_029-066-127,string_acoustic_029,66,127,38
string_acoustic_030-066-025,string_acoustic_030,66,25,38
string_acoustic_030-066-050,string_acoustic_030,66,50,38
string_acoustic_030-066-075,string_acoustic_030,66,75,38
string_acoustic_030-066-100,string_acoustic_030,66,100,38
string_acoustic_030-066-127,string_acoustic_030,66,127,38
string_acoustic_033-066-025,string_acoustic_033,66,25,38
string_acoustic_033-066-050,string_acoustic_033,66,50,38
string_acoustic_033-066-075,string_acoustic_033,66,75,38
string_acoustic_033-066-100,string_acoustic_033,66,100,38
string_acoustic_033-066-127,string_acoustic_033,66,127,38
string_acoustic_035-066-025,string_acoustic_035,66,25,38
string_acoustic_035-066-050,string_acoustic_035,66,50,38
string_acoustic_035-066-075,string_acoustic_035,66,75,38
string_acoustic_035-066-100,string_acoustic_035,66,100,38
string_acoustic_035-066-127,string_acoustic_035,66,127,38
string_acoustic_036-066-025,string_acoustic_036,66,25,38
string_acoustic_036-066-050,string_acoustic_036,66,50,38
string_acoustic_036-066-075,string_acoustic_036,66,75,38
string_acoustic_036-066-100,string_acoustic_036,66,100,38
string_acoustic_036-066-127,string_acoustic_036,66,127,38
string_acoustic_040-066-025,string_acoustic_040,66,25,38
string_acoustic_040-066-050,string_acoustic_040,66,50,38
string_acoustic_040-066-075,string_acoustic_040,66,75,38
string_acoustic_040-066-100,string_acoustic_040,66,100,38
string_acoustic_040-066-127,string_acoustic_040,66,127,38
string_acoustic_042-066-025,string_acoustic_042,66,25,38
string_acoustic_042-066-050,string_acoustic_042,66,50,38
string_acoustic_042-066-075,string_acoustic_042,66,75,38
string_acoustic_042-066-100,string_acoustic_042,66,100,38
string_acoustic_042-066-127,string_acoustic_042,66,127,38
string_acoustic_043-066-025,string_acoustic_043,66,25,38
string_acoustic_043-066-050,string_acoustic_043,66,50,38
string_acoustic_043-066-075,string_acoustic_043,66,75,38
string_acoustic_043-066-100,string_acoustic_043,66,100,38
string_acoustic_043-066-127,string_acoustic_043,66,127,38
string_acoustic_044-066-025,string_acoustic_044,66,25,38
string_acoustic_044-066-050,string_acoustic_044,66,50,38
string_acoustic_044-066-075,string_acoustic_044,66,75,38
string_acoustic_044-066-100,string_acoustic_044,66,100,38
string_acoustic_044-066-127,string_acoustic_044,66,127,38
string_acoustic_047-066-025,string_acoustic_047,66,25,38
string_acoustic_047-066-050,string_acoustic_047,66,50,38
string_acoustic_047-066-075,string_acoustic_047,66,75,38
string_acoustic_047-066-100,string_acoustic_047,66,100,38
string_acoustic_047-066-127,string_acoustic_047,66,127,38
string_acoustic_048-066-025,string_acoustic_048,66,25,38
string_acoustic_048-066-050,string_acoustic_048,66,50,38
string_acoustic_048-066-075,string_acoustic_048,66,75,38
string_acoustic_048-066-100,string_acoustic_048,66,100,38
string_acoustic_048-066-127,string_acoustic_048,66,127,38
string_acoustic_049-066-025,string_acoustic_049,66,25,38
string_acoustic_049-066-050,string_acoustic_049,66,50,38
string_acoustic_049-066-075,string_acoustic_049,66,75,38
string_acoustic_049-066-100,string_acoustic_049,66,100,38
string_acoustic_049-066-127,string_acoustic_049,66,127,38
string_acoustic_051-066-025,string_acoustic_051,66,25,38
string_acoustic_051-066-050,string_acoustic_051,66,50,38
string_acoustic_051-066-075,string_acoustic_051,66,75,38
string_acoustic_051-066-100,string_acoustic_051,66,100,38
string_acoustic_051-066-127,string_acoustic_051,66,127,38
string_acoustic_052-066-025,string_acoustic_052,66,25,38
string_acoustic_052-066-050,string_acoustic_052,66,50,38
string_acoustic_052-066-075,string_acoustic_052,66,75,38
string_acoustic_052-066-100,string_acoustic_052,66,100,38
string_acoustic_052-066-127,string_acoustic_052,66,127,38
string_acoustic_054-066-025,string_acoustic_054,66,25,38
string_acoustic_054-066-050,string_acoustic_054,66,50,38
string_acoustic_054-066-075,string_acoustic_054,66,75,38
string_acoustic_054-066-100,string_acoustic_054,66,100,38
string_acoustic_054-066-127,string_acoustic_054,66,127,38
string_acoustic_055-066-025,string_acoustic_055,66,25,38
string_acoustic_055-066-050,string_acoustic_055,66,50,38
string_acoustic_055-066-075,string_acoustic_055,66,75,38
string_acoustic_055-066-100,string_acoustic_055,66,100,38
string_acoustic_055-066-127,string_acoustic_055,66,127,38
string_acoustic_059-066-025,string_acoustic_059,66,25,38
string_acoustic_059-066-050,string_acoustic_059,66,50,38
string_acoustic_059-066-075,string_acoustic_059,66,75,38
string_acoustic_059-066-100,string_acoustic_059,66,100,38
string_acoustic_059-066-127,string_acoustic_059,66,127,38
string_acoustic_060-066-025,string_acoustic_060,66,25,38
string_acoustic_060-066-050,string_acoustic_060,66,50,38
string_acoustic_060-066-075,string_acoustic_060,66,75,38
string_acoustic_060-066-100,string_acoustic_060,66,100,38
string_acoustic_060-066-127,string_acoustic_060,66,127,38
string_acoustic_061-066-025,string_acoustic_061,66,25,38
string_acoustic_061-066-050,string_acoustic_061,66,50,38
string_acoustic_061-066-075,string_acoustic_061,66,75,38
string_acoustic_061-066-100,string_acoustic_061,66,100,38
string_acoustic_061-066-127,string_acoustic_061,66,127,38
string_acoustic_063-066-025,string_acoustic_063,66,25,38
string_acoustic_063-066-050,string_acoustic_063,66,50,38
string_acoustic_063-066-075,string_acoustic_063,66,75,38
string_acoustic_063-066-100,string_acoustic_063,66,100,38
string_acoustic_063-066-127,string_acoustic_063,66,127,38
string_acoustic_064-066-025,string_acoustic_064,66,25,38
string_acoustic_064-066-050,string_acoustic_064,66,50,38
string_acoustic_064-066-075,string_acoustic_064,66,75,38
string_acoustic_064-066-100,string_acoustic_064,66,100,38
string_acoustic_064-066-127,string_acoustic_064,66,127,38
string_acoustic_066-066-025,string_acoustic_066,66,25,38
string_acoustic_066-066-050,string_acoustic_066,66,50,38
string_acoustic_066-066-075,string_acoustic_066,66,75,38
string_acoustic_066-066-100,string_acoustic_066,66,100,38
string_acoustic_066-066-127,string_acoustic_066,66,127,38
string_acoustic_067-066-025,string_acoustic_067,66,25,38
string_acoustic_067-066-050,string_acoustic_067,66,50,38
string_acoustic_067-066-075,string_acoustic_067,66,75,38
string_acoustic_067-066-100,string_acoustic_067,66,100,38
string_acoustic_067-066-127,string_acoustic_067,66,127,38
string_acoustic_069-066-025,string_acoustic_069,66,25,38
string_acoustic_069-066-050,string_acoustic_069,66,50,38
string_acoustic_069-066-075,string_acoustic_069,66,75,38
string_acoustic_069-066-100,string_acoustic_069,66,100,38
string_acoustic_069-066-127,string_acoustic_069,66,127,38
string_acoustic_070-066-025,string_acoustic_070,66,25,38
string_acoustic_070-066-050,string_acoustic_070,66,50,38
string_acoustic_070-066-075,string_acoustic_070,66,75,38
string_acoustic_070-066-100,string_acoustic_070,66,100,38
string_acoustic_070-066-127,string_acoustic_070,66,127,38
string_acoustic_074-066-025,string_acoustic_074,66,25,38
string_acoustic_074-066-050,string_acoustic_074,66,50,38
string_acoustic_074-066-075,string_acoustic_074,66,75,38
string_acoustic_074-066-100,string_acoustic_074,66,100,38
string_acoustic_074-066-127,string_acoustic_074,66,127,38
string_acoustic_076-066-025,string_acoustic_076,66,25,38
string_acoustic_076-066-050,string_acoustic_076,66,50,38
string_acoustic_076-066-075,string_acoustic_076,66,75,38
string_acoustic_076-066-100,string_acoustic_076,66,100,38
string_acoustic_076-066-127,string_acoustic_076,66,127,38
string_acoustic_077-066-025,string_acoustic_077,66,25,38
string_acoustic_077-066-050,string_acoustic_077,66,50,38
string_acoustic_077-066-075,string_acoustic_077,66,75,38
string_acoustic_077-066-100,string_acoustic_077,66,100,38
string_acoustic_077-066-127,string_acoustic_077,66,127,38
string_acoustic_078-066-025,string_acoustic_078,66,25,38
string_acoustic_078-066-050,string_acoustic_078,66,50,38
string_acoustic_078-066-075,string_acoustic_078,66,75,38
string_acoustic_078-066-100,string_acoustic_078,66,100,38
string_acoustic_078-066-127,string_acoustic_078,66,127,38
string_acoustic_083-066-025,string_acoustic_083,66,25,38
string_acoustic_083-066-050,string_acoustic_083,66,50,38
string_acoustic_083-066-075,string_acoustic_083,66,75,38
string_acoustic_083-066-100,string_acoustic_083,66,100,38
string_acoustic_083-066-127,string_acoustic_083,66,127,38
string_acoustic_086-066-025,string_acoustic_086,66,25,38
string_acoustic_086-066-050,string_acoustic_086,66,50,38
string_acoustic_086-066-075,string_acoustic_086,66,75,38
string_acoustic_086-066-100,string_acoustic_086,66,100,38
string_acoustic_086-066-127,string_acoustic_086,66,127,38
string_acoustic_088-066-025,string_acoustic_088,66,25,38
string_acoustic_088-066-050,string_acoustic_088,66,50,38
string_acoustic_088-066-075,string_acoustic_088,66,75,38
string_acoustic_088-066-100,string_acoustic_088,66,100,38
string_acoustic_088-066-127,string_acoustic_088,66,127,38
string_acoustic_089-066-025,string_acoustic_089,66,25,38
string_acoustic_089-066-050,string_acoustic_089,66,50,38
string_acoustic_089-066-075,string_acoustic_089,66,75,38
string_acoustic_089-066-100,string_acoustic_089,66,100,38
string_acoustic_089-066-127,string_acoustic_089,66,127,38
string_acoustic_090-066-025,string_acoustic_090,66,25,38
string_acoustic_090-066-050,string_acoustic_090,66,50,38
string_acoustic_090-066-075,string_acoustic_090,66,75,38
string_acoustic_090-066-100,string_acoustic_090,66,100,38
string_acoustic_090-066-127,string_acoustic_090,66,127,38
string_acoustic_001-067-025,string_acoustic_001,67,25,38
string_acoustic_001-067-050,string_acoustic_001,67,50,38
string_acoustic_001-067-075,string_acoustic_001,67,75,38
string_acoustic_001-067-100,string_acoustic_001,67,100,38
string_acoustic_001-067-127,string_acoustic_001,67,127,38
string_acoustic_003-067-025,string_acoustic_003,67,25,38
string_acoustic_003-067-050,string_acoustic_003,67,50,38
string_acoustic_003-067-075,string_acoustic_003,67,75,38
string_acoustic_003-067-100,string_acoustic_003,67,100,38
string_acoustic_003-067-127,string_acoustic_003,67,127,38
string_acoustic_006-067-025,string_acoustic_006,67,25,38
string_acoustic_006-067-050,string_acoustic_006,67,50,38
string_acoustic_006-067-075,string_acoustic_006,67,75,38
string_acoustic_006-067-100,string_acoustic_006,67,100,38
string_acoustic_006-067-127,string_acoustic_006,67,127,38
string_acoustic_007-067-025,string_acoustic_007,67,25,38
string_acoustic_007-067-050,string_acoustic_007,67,50,38
string_acoustic_007-067-075,string_acoustic_007,67,75,38
string_acoustic_007-067-100,string_acoustic_007,67,100,38
string_acoustic_007-067-127,string_acoustic_007,67,127,38
string_acoustic_008-067-025,string_acoustic_008,67,25,38
string_acoustic_008-067-050,string_acoustic_008,67,50,38
string_acoustic_008-067-075,string_acoustic_008,67,75,38
string_acoustic_008-067-100,string_acoustic_008,67,100,38
string_acoustic_008-067-127,string_acoustic_008,67,127,38
string_acoustic_009-067-025,string_acoustic_009,67,25,38
string_acoustic_009-067-050,string_acoustic_009,67,50,38
string_acoustic_009-067-075,string_acoustic_009,67,75,38
string_acoustic_009-067-100,string_acoustic_009,67,100,38
string_acoustic_009-067-127,string_acoustic_009,67,127,38
string_acoustic_011-067-025,string_acoustic_011,67,25,38
string_acoustic_011-067-050,string_acoustic_011,67,50,38
string_acoustic_011-067-075,string_acoustic_011,67,75,38
string_acoustic_011-067-100,string_acoustic_011,67,100,38
string_acoustic_011-067-127,string_acoustic_011,67,127,38
string_acoustic_013-067-025,string_acoustic_013,67,25,38
string_acoustic_013-067-050,string_acoustic_013,67,50,38
string_acoustic_013-067-075,string_acoustic_013,67,75,38
string_acoustic_013-067-100,string_acoustic_013,67,100,38
string_acoustic_013-067-127,string_acoustic_013,67,127,38
string_acoustic_015-067-025,string_acoustic_015,67,25,38
string_acoustic_015-067-050,string_acoustic_015,67,50,38
string_acoustic_015-067-075,string_acoustic_015,67,75,38
string_acoustic_015-067-100,string_acoustic_015,67,100,38
string_acoustic_015-067-127,string_acoustic_015,67,127,38
string_acoustic_017-067-025,string_acoustic_017,67,25,38
string_acoustic_017-067-050,string_acoustic_017,67,50,38
string_acoustic_017-067-075,string_acoustic_017,67,75,38
string_acoustic_017-067-100,string_acoustic_017,67,100,38
string_acoustic_017-067-127,string_acoustic_017,67,127,38
string_acoustic_018-067-025,string_acoustic_018,67,25,38
string_acoustic_018-067-050,string_acoustic_018,67,50,38
string_acoustic_018-067-075,string_acoustic_018,67,75,38
string_acoustic_018-067-100,string_acoustic_018,67,100,38
string_acoustic_018-067-127,string_acoustic_018,67,127,38
string_acoustic_019-067-025,string_acoustic_019,67,25,38
string_acoustic_019-067-050,string_acoustic_019,67,50,38
string_acoustic_019-067-075,string_acoustic_019,67,75,38
string_acoustic_019-067-100,string_acoustic_019,67,100,38
string_acoustic_019-067-127,string_acoustic_019,67,127,38
string_acoustic_020-067-025,string_acoustic_020,67,25,38
string_acoustic_020-067-050,string_acoustic_020,67,50,38
string_acoustic_020-067-075,string_acoustic_020,67,75,38
string_acoustic_020-067-100,string_acoustic_020,67,100,38
string_acoustic_020-067-127,string_acoustic_020,67,127,38
string_acoustic_023-067-025,string_acoustic_023,67,25,38
string_acoustic_023-067-050,string_acoustic_023,67,50,38
string_acoustic_023-067-075,string_acoustic_023,67,75,38
string_acoustic_023-067-100,string_acoustic_023,67,100,38
string_acoustic_023-067-127,string_acoustic_023,67,127,38
string_acoustic_024-067-025,string_acoustic_024,67,25,38
string_acoustic_024-067-050,string_acoustic_024,67,50,38
string_acoustic_024-067-075,string_acoustic_024,67,75,38
string_acoustic_024-067-100,string_acoustic_024,67,100,38
string_acoustic_024-067-127,string_acoustic_024,67,127,38
string_acoustic_029-067-025,string_acoustic_029,67,25,38
string_acoustic_029-067-050,string_acoustic_029,67,50,38
string_acoustic_029-067-075,string_acoustic_029,67,75,38
string_acoustic_029-067-100,string_acoustic_029,67,100,38
string_acoustic_029-067-127,string_acoustic_029,67,127,38
string_acoustic_030-067-025,string_acoustic_030,67,25,38
string_acoustic_030-067-050,string_acoustic_030,67,50,38
string_acoustic_030-067-075,string_acoustic_030,67,75,38
string_acoustic_030-067-100,string_acoustic_030,67,100,38
string_acoustic_030-067-127,string_acoustic_030,67,127,38
string_acoustic_033-067-025,string_acoustic_033,67,25,38
string_acoustic_033-067-050,string_acoustic_033,67,50,38
string_acoustic_033-067-075,string_acoustic_033,67,75,38
string_acoustic_033-067-100,string_acoustic_033,67,100,38
string_acoustic_033-067-127,string_acoustic_033,67,127,38
string_acoustic_035-067-025,string_acoustic_035,67,25,38
string_acoustic_035-067-050,string_acoustic_035,67,50,38
string_acoustic_035-067-075,string_acoustic_035,67,75,38
string_acoustic_035-067-100,string_acoustic_035,67,100,38
string_acoustic_035-067-127,string_acoustic_035,67,127,38
string_acoustic_036-067-025,string_acoustic_036,67,25,38
string_acoustic_036-067-050,string_acoustic_036,67,50,38
string_acoustic_036-067-075,string_acoustic_036,67,75,38
string_acoustic_036-067-100,string_acoustic_036,67,100,38
string_acoustic_036-067-127,string_acoustic_036,67,127,38
string_acoustic_040-067-025,string_acoustic_040,67,25,38
string_acoustic_040-067-050,string_acoustic_040,67,50,38
string_acoustic_040-067-075,string_acoustic_040,67,75,38
string_acoustic_040-067-100,string_acoustic_040,67,100,38
string_acoustic_040-067-127,string_acoustic_040,67,127,38
string_acoustic_042-067-025,string_acoustic_042,67,25,38
string_acoustic_042-067-050,string_acoustic_042,67,50,38
string_acoustic_042-067-075,string_acoustic_042,67,75,38
string_acoustic_042-067-100,string_acoustic_042,67,100,38
string_acoustic_042-067-127,string_acoustic_042,67,127,38
string_acoustic_043-067-025,string_acoustic_043,67,25,38
string_acoustic_043-067-050,string_acoustic_043,67,50,38
string_acoustic_043-067-075,string_acoustic_043,67,75,38
string_acoustic_043-067-100,string_acoustic_043,67,100,38
string_acoustic_043-067-127,string_acoustic_043,67,127,38
string_acoustic_044-067-025,string_acoustic_044,67,25,38
string_acoustic_044-067-050,string_acoustic_044,67,50,38
string_acoustic_044-067-075,string_acoustic_044,67,75,38
string_acoustic_044-067-100,string_acoustic_044,67,100,38
string_acoustic_044-067-127,string_acoustic_044,67,127,38
string_acoustic_047-067-025,string_acoustic_047,67,25,38
string_acoustic_047-067-050,string_acoustic_047,67,50,38
string_acoustic_047-067-075,string_acoustic_047,67,75,38
string_acoustic_047-067-100,string_acoustic_047,67,100,38
string_acoustic_047-067-127,string_acoustic_047,67,127,38
string_acoustic_048-067-025,string_acoustic_048,67,25,38
string_acoustic_048-067-050,string_acoustic_048,67,50,38
string_acoustic_048-067-075,string_acoustic_048,67,75,38
string_acoustic_048-067-100,string_acoustic_048,67,100,38
string_acoustic_048-067-127,string_acoustic_048,67,127,38
string_acoustic_049-067-025,string_acoustic_049,67,25,38
string_acoustic_049-067-050,string_acoustic_049,67,50,38
string_acoustic_049-067-075,string_acoustic_049,67,75,38
string_acoustic_049-067-100,string_acoustic_049,67,100,38
string_acoustic_049-067-127,string_acoustic_049,67,127,38
string_acoustic_051-067-025,string_acoustic_051,67,25,38
string_acoustic_051-067-050,string_acoustic_051,67,50,38
string_acoustic_051-067-075,string_acoustic_051,67,75,38
string_acoustic_051-067-100,string_acoustic_051,67,100,38
string_acoustic_051-067-127,string_acoustic_051,67,127,38
string_acoustic_052-067-025,string_acoustic_052,67,25,38
string_acoustic_052-067-050,string_acoustic_052,67,50,38
string_acoustic_052-067-075,string_acoustic_052,67,75,38
string_acoustic_052-067-100,string_acoustic_052,67,100,38
string_acoustic_052-067-127,string_acoustic_052,67,127,38
string_acoustic_054-067-025,string_acoustic_054,67,25,38
string_acoustic_054-067-050,string_acoustic_054,67,50,38
string_acoustic_054-067-075,string_acoustic_054,67,75,38
string_acoustic_054-067-100,string_acoustic_054,67,100,38
string_acoustic_054-067-127,string_acoustic_054,67,127,38
string_acoustic_055-067-025,string_acoustic_055,67,25,38
string_acoustic_055-067-050,string_acoustic_055,67,50,38
string_acoustic_055-067-075,string_acoustic_055,67,75,38
string_acoustic_055-067-100,string_acoustic_055,67,100,38
string_acoustic_055-067-127,string_acoustic_055,67,127,38
string_acoustic_059-067-025,string_acoustic_059,67,25,38
string_acoustic_059-067-050,string_acoustic_059,67,50,38
string_acoustic_059-067-075,string_acoustic_059,67,75,38
string_acoustic_059-067-100,string_acoustic_059,67,100,38
string_acoustic_059-067-127,string_acoustic_059,67,127,38
string_acoustic_060-067-025,string_acoustic_060,67,25,38
string_acoustic_060-067-050,string_acoustic_060,67,50,38
string_acoustic_060-067-075,string_acoustic_060,67,75,38
string_acoustic_060-067-100,string_acoustic_060,67,100,38
string_acoustic_060-067-127,string_acoustic_060,67,127,38
string_acoustic_061-067-025,string_acoustic_061,67,25,38
string_acoustic_061-067-050,string_acoustic_061,67,50,38
string_acoustic_061-067-075,string_acoustic_061,67,75,38
string_acoustic_061-067-100,string_acoustic_061,67,100,38
string_acoustic_061-067-127,string_acoustic_061,67,127,38
string_acoustic_063-067-025,string_acoustic_063,67,25,38
string_acoustic_063-067-050,string_acoustic_063,67,50,38
string_acoustic_063-067-075,string_acoustic_063,67,75,38
string_acoustic_063-067-100,string_acoustic_063,67,100,38
string_acoustic_063-067-127,string_acoustic_063,67,127,38
string_acoustic_064-067-025,string_acoustic_064,67,25,38
string_acoustic_064-067-050,string_acoustic_064,67,50,38
string_acoustic_064-067-075,string_acoustic_064,67,75,38
string_acoustic_064-067-100,string_acoustic_064,67,100,38
string_acoustic_064-067-127,string_acoustic_064,67,127,38
string_acoustic_066-067-025,string_acoustic_066,67,25,38
string_acoustic_066-067-050,string_acoustic_066,67,50,38
string_acoustic_066-067-075,string_acoustic_066,67,75,38
string_acoustic_066-067-100,string_acoustic_066,67,100,38
string_acoustic_066-067-127,string_acoustic_066,67,127,38
string_acoustic_067-067-025,string_acoustic_067,67,25,38
string_acoustic_067-067-050,string_acoustic_067,67,50,38
string_acoustic_067-067-075,string_acoustic_067,67,75,38
string_acoustic_067-067-100,string_acoustic_067,67,100,38
string_acoustic_067-067-127,string_acoustic_067,67,127,38
string_acoustic_069-067-025,string_acoustic_069,67,25,38
string_acoustic_069-067-050,string_acoustic_069,67,50,38
string_acoustic_069-067-075,string_acoustic_069,67,75,38
string_acoustic_069-067-100,string_acoustic_069,67,100,38
string_acoustic_069-067-127,string_acoustic_069,67,127,38
string_acoustic_070-067-025,string_acoustic_070,67,25,38
string_acoustic_070-067-050,string_acoustic_070,67,50,38
string_acoustic_070-067-075,string_acoustic_070,67,75,38
string_acoustic_070-067-100,string_acoustic_070,67,100,38
string_acoustic_070-067-127,string_acoustic_070,67,127,38
string_acoustic_072-067-025,string_acoustic_072,67,25,38
string_acoustic_072-067-050,string_acoustic_072,67,50,38
string_acoustic_074-067-025,string_acoustic_074,67,25,38
string_acoustic_074-067-050,string_acoustic_074,67,50,38
string_acoustic_074-067-075,string_acoustic_074,67,75,38
string_acoustic_074-067-100,string_acoustic_074,67,100,38
string_acoustic_074-067-127,string_acoustic_074,67,127,38
string_acoustic_076-067-025,string_acoustic_076,67,25,38
string_acoustic_076-067-050,string_acoustic_076,67,50,38
string_acoustic_076-067-075,string_acoustic_076,67,75,38
string_acoustic_076-067-100,string_acoustic_076,67,100,38
string_acoustic_076-067-127,string_acoustic_076,67,127,38
string_acoustic_077-067-025,string_acoustic_077,67,25,38
string_acoustic_077-067-050,string_acoustic_077,67,50,38
string_acoustic_077-067-075,string_acoustic_077,67,75,38
string_acoustic_077-067-100,string_acoustic_077,67,100,38
string_acoustic_077-067-127,string_acoustic_077,67,127,38
string_acoustic_078-067-025,string_acoustic_078,67,25,38
string_acoustic_078-067-050,string_acoustic_078,67,50,38
string_acoustic_078-067-075,string_acoustic_078,67,75,38
string_acoustic_078-067-100,string_acoustic_078,67,100,38
string_acoustic_078-067-127,string_acoustic_078,67,127,38
string_acoustic_079-067-100,string_acoustic_079,67,100,20
string_acoustic_079-067-127,string_acoustic_079,67,127,20
string_acoustic_081-067-100,string_acoustic_081,67,100,20
string_acoustic_081-067-127,string_acoustic_081,67,127,20
string_acoustic_083-067-025,string_acoustic_083,67,25,38
string_acoustic_083-067-050,string_acoustic_083,67,50,38
string_acoustic_083-067-075,string_acoustic_083,67,75,38
string_acoustic_083-067-100,string_acoustic_083,67,100,38
string_acoustic_083-067-127,string_acoustic_083,67,127,38
string_acoustic_086-067-025,string_acoustic_086,67,25,38
string_acoustic_086-067-050,string_acoustic_086,67,50,38
string_acoustic_086-067-075,string_acoustic_086,67,75,38
string_acoustic_086-067-100,string_acoustic_086,67,100,38
string_acoustic_086-067-127,string_acoustic_086,67,127,38
string_acoustic_088-067-025,string_acoustic_088,67,25,38
string_acoustic_088-067-050,string_acoustic_088,67,50,38
string_acoustic_088-067-075,string_acoustic_088,67,75,38
string_acoustic_088-067-100,string_acoustic_088,67,100,38
string_acoustic_088-067-127,string_acoustic_088,67,127,38
string_acoustic_089-067-025,string_acoustic_089,67,25,38
string_acoustic_089-067-050,string_acoustic_089,67,50,38
string_acoustic_089-067-075,string_acoustic_089,67,75,38
string_acoustic_089-067-100,string_acoustic_089,67,100,38
string_acoustic_089-067-127,string_acoustic_089,67,127,38
string_acoustic_090-067-025,string_acoustic_090,67,25,38
string_acoustic_090-067-050,string_acoustic_090,67,50,38
string_acoustic_090-067-075,string_acoustic_090,67,75,38
string_acoustic_090-067-100,string_acoustic_090,67,100,38
string_acoustic_090-067-127,string_acoustic_090,67,127,38
string_acoustic_001-068-025,string_acoustic_001,68,25,38
string_acoustic_001-068-050,string_acoustic_001,68,50,38
string_acoustic_001-068-075,string_acoustic_001,68,75,38
string_acoustic_001-068-100,string_acoustic_001,68,100,38
string_acoustic_001-068-127,string_acoustic_001,68,127,38
string_acoustic_003-068-025,string_acoustic_003,68,25,38
string_acoustic_003-068-050,string_acoustic_003,68,50,38
string_acoustic_003-068-075,string_acoustic_003,68,75,38
string_acoustic_003-068-100,string_acoustic_003,68,100,38
string_acoustic_003-068-127,string_acoustic_003,68,127,38
string_acoustic_006-068-025,string_acoustic_006,68,25,38
string_acoustic_006-068-050,string_acoustic_006,68,50,38
string_acoustic_006-068-075,string_acoustic_006,68,75,38
string_acoustic_006-068-100,string_acoustic_006,68,100,38
string_acoustic_006-068-127,string_acoustic_006,68,127,38
string_acoustic_007-068-025,string_acoustic_007,68,25,38
string_acoustic_007-068-050,string_acoustic_007,68,50,38
string_acoustic_007-068-075,string_acoustic_007,68,75,38
string_acoustic_007-068-100,string_acoustic_007,68,100,38
string_acoustic_007-068-127,string_acoustic_007,68,127,38
string_acoustic_009-068-025,string_acoustic_009,68,25,38
string_acoustic_009-068-050,string_acoustic_009,68,50,38
string_acoustic_009-068-075,string_acoustic_009,68,75,38
string_acoustic_009-068-100,string_acoustic_009,68,100,38
string_acoustic_009-068-127,string_acoustic_009,68,127,38
string_acoustic_011-068-025,string_acoustic_011,68,25,38
string_acoustic_011-068-050,string_acoustic_011,68,50,38
string_acoustic_011-068-075,string_acoustic_011,68,75,38
string_acoustic_011-068-100,string_acoustic_011,68,100,38
string_acoustic_011-068-127,string_acoustic_011,68,127,38
string_acoustic_015-068-025,string_acoustic_015,68,25,38
string_acoustic_015-068-050,string_acoustic_015,68,50,38
string_acoustic_015-068-075,string_acoustic_015,68,75,38
string_acoustic_015-068-100,string_acoustic_015,68,100,38
string_acoustic_015-068-127,string_acoustic_015,68,127,38
string_acoustic_017-068-025,string_acoustic_017,68,25,38
string_acoustic_017-068-050,string_acoustic_017,68,50,38
string_acoustic_017-068-075,string_acoustic_017,68,75,38
string_acoustic_017-068-100,string_acoustic_017,68,100,38
string_acoustic_017-068-127,string_acoustic_017,68,127,38
string_acoustic_018-068-025,string_acoustic_018,68,25,38
string_acoustic_018-068-050,string_acoustic_018,68,50,38
string_acoustic_018-068-075,string_acoustic_018,68,75,38
string_acoustic_018-068-100,string_acoustic_018,68,100,38
string_acoustic_018-068-127,string_acoustic_018,68,127,38
string_acoustic_019-068-025,string_acoustic_019,68,25,38
string_acoustic_019-068-050,string_acoustic_019,68,50,38
string_acoustic_019-068-075,string_acoustic_019,68,75,37
string_acoustic_019-068-100,string_acoustic_019,68,100,37
string_acoustic_019-068-127,string_acoustic_019,68,127,38
string_acoustic_020-068-025,string_acoustic_020,68,25,38
string_acoustic_020-068-050,string_acoustic_020,68,50,38
string_acoustic_020-068-075,string_acoustic_020,68,75,38
string_acoustic_020-068-100,string_acoustic_020,68,100,38
string_acoustic_020-068-127,string_acoustic_020,68,127,38
string_acoustic_023-068-025,string_acoustic_023,68,25,38
string_acoustic_023-068-050,string_acoustic_023,68,50,38
string_acoustic_023-068-075,string_acoustic_023,68,75,38
string_acoustic_023-068-100,string_acoustic_023,68,100,38
string_acoustic_023-068-127,string_acoustic_023,68,127,38
string_acoustic_024-068-025,string_acoustic_024,68,25,38
string_acoustic_024-068-050,string_acoustic_024,68,50,38
string_acoustic_024-068-075,string_acoustic_024,68,75,38
string_acoustic_024-068-100,string_acoustic_024,68,100,38
string_acoustic_024-068-127,string_acoustic_024,68,127,38
string_acoustic_029-068-025,string_acoustic_029,68,25,38
string_acoustic_029-068-050,string_acoustic_029,68,50,38
string_acoustic_029-068-075,string_acoustic_029,68,75,38
string_acoustic_029-068-100,string_acoustic_029,68,100,38
string_acoustic_029-068-127,string_acoustic_029,68,127,38
string_acoustic_030-068-025,string_acoustic_030,68,25,38
string_acoustic_030-068-050,string_acoustic_030,68,50,38
string_acoustic_030-068-075,string_acoustic_030,68,75,38
string_acoustic_030-068-100,string_acoustic_030,68,100,38
string_acoustic_030-068-127,string_acoustic_030,68,127,38
string_acoustic_033-068-025,string_acoustic_033,68,25,38
string_acoustic_033-068-050,string_acoustic_033,68,50,38
string_acoustic_033-068-075,string_acoustic_033,68,75,38
string_acoustic_033-068-100,string_acoustic_033,68,100,38
string_acoustic_033-068-127,string_acoustic_033,68,127,38
string_acoustic_035-068-025,string_acoustic_035,68,25,38
string_acoustic_035-068-050,string_acoustic_035,68,50,38
string_acoustic_035-068-075,string_acoustic_035,68,75,38
string_acoustic_035-068-100,string_acoustic_035,68,100,38
string_acoustic_035-068-127,string_acoustic_035,68,127,38
string_acoustic_036-068-025,string_acoustic_036,68,25,38
string_acoustic_036-068-050,string_acoustic_036,68,50,38
string_acoustic_036-068-075,string_acoustic_036,68,75,38
string_acoustic_036-068-100,string_acoustic_036,68,100,38
string_acoustic_036-068-127,string_acoustic_036,68,127,38
string_acoustic_040-068-025,string_acoustic_040,68,25,38
string_acoustic_040-068-050,string_acoustic_040,68,50,38
string_acoustic_040-068-075,string_acoustic_040,68,75,38
string_acoustic_040-068-100,string_acoustic_040,68,100,38
string_acoustic_040-068-127,string_acoustic_040,68,127,38
string_acoustic_042-068-025,string_acoustic_042,68,25,38
string_acoustic_042-068-050,string_acoustic_042,68,50,38
string_acoustic_042-068-075,string_acoustic_042,68,75,38
string_acoustic_042-068-100,string_acoustic_042,68,100,38
string_acoustic_042-068-127,string_acoustic_042,68,127,38
string_acoustic_043-068-025,string_acoustic_043,68,25,38
string_acoustic_043-068-050,string_acoustic_043,68,50,38
string_acoustic_043-068-075,string_acoustic_043,68,75,38
string_acoustic_043-068-100,string_acoustic_043,68,100,38
string_acoustic_043-068-127,string_acoustic_043,68,127,38
string_acoustic_044-068-025,string_acoustic_044,68,25,38
string_acoustic_044-068-050,string_acoustic_044,68,50,38
string_acoustic_044-068-075,string_acoustic_044,68,75,38
string_acoustic_044-068-100,string_acoustic_044,68,100,38
string_acoustic_044-068-127,string_acoustic_044,68,127,38
string_acoustic_047-068-025,string_acoustic_047,68,25,38
string_acoustic_047-068-050,string_acoustic_047,68,50,38
string_acoustic_047-068-075,string_acoustic_047,68,75,38
string_acoustic_047-068-100,string_acoustic_047,68,100,38
string_acoustic_047-068-127,string_acoustic_047,68,127,38
string_acoustic_048-068-025,string_acoustic_048,68,25,38
string_acoustic_048-068-050,string_acoustic_048,68,50,38
string_acoustic_048-068-075,string_acoustic_048,68,75,38
string_acoustic_048-068-100,string_acoustic_048,68,100,38
string_acoustic_048-068-127,string_acoustic_048,68,127,38
string_acoustic_049-068-025,string_acoustic_049,68,25,38
string_acoustic_049-068-050,string_acoustic_049,68,50,38
string_acoustic_049-068-075,string_acoustic_049,68,75,38
string_acoustic_049-068-100,string_acoustic_049,68,100,38
string_acoustic_049-068-127,string_acoustic_049,68,127,38
string_acoustic_051-068-025,string_acoustic_051,68,25,38
string_acoustic_051-068-050,string_acoustic_051,68,50,38
string_acoustic_051-068-075,string_acoustic_051,68,75,38
string_acoustic_051-068-100,string_acoustic_051,68,100,38
string_acoustic_051-068-127,string_acoustic_051,68,127,38
string_acoustic_052-068-025,string_acoustic_052,68,25,38
string_acoustic_052-068-050,string_acoustic_052,68,50,38
string_acoustic_052-068-075,string_acoustic_052,68,75,38
string_acoustic_052-068-100,string_acoustic_052,68,100,38
string_acoustic_052-068-127,string_acoustic_052,68,127,38
string_acoustic_054-068-025,string_acoustic_054,68,25,38
string_acoustic_054-068-050,string_acoustic_054,68,50,38
string_acoustic_054-068-075,string_acoustic_054,68,75,38
string_acoustic_054-068-100,string_acoustic_054,68,100,38
string_acoustic_054-068-127,string_acoustic_054,68,127,38
string_acoustic_055-068-025,string_acoustic_055,68,25,38
string_acoustic_055-068-050,string_acoustic_055,68,50,38
string_acoustic_055-068-075,string_acoustic_055,68,75,38
string_acoustic_055-068-100,string_acoustic_055,68,100,38
string_acoustic_055-068-127,string_acoustic_055,68,127,38
string_acoustic_059-068-025,string_acoustic_059,68,25,38
string_acoustic_059-068-050,string_acoustic_059,68,50,38
string_acoustic_059-068-075,string_acoustic_059,68,75,38
string_acoustic_059-068-100,string_acoustic_059,68,100,38
string_acoustic_059-068-127,string_acoustic_059,68,127,38
string_acoustic_060-068-025,string_acoustic_060,68,25,38
string_acoustic_060-068-050,string_acoustic_060,68,50,38
string_acoustic_060-068-075,string_acoustic_060,68,75,38
string_acoustic_060-068-100,string_acoustic_060,68,100,38
string_acoustic_060-068-127,string_acoustic_060,68,127,38
string_acoustic_061-068-025,string_acoustic_061,68,25,38
string_acoustic_061-068-050,string_acoustic_061,68,50,38
string_acoustic_061-068-075,string_acoustic_061,68,75,38
string_acoustic_061-068-100,string_acoustic_061,68,100,38
string_acoustic_061-068-127,string_acoustic_061,68,127,38
string_acoustic_063-068-025,string_acoustic_063,68,25,38
string_acoustic_063-068-050,string_acoustic_063,68,50,38
string_acoustic_063-068-075,string_acoustic_063,68,75,38
string_acoustic_063-068-100,string_acoustic_063,68,100,38
string_acoustic_063-068-127,string_acoustic_063,68,127,38
string_acoustic_064-068-025,string_acoustic_064,68,25,38
string_acoustic_064-068-050,string_acoustic_064,68,50,38
string_acoustic_064-068-075,string_acoustic_064,68,75,38
string_acoustic_064-068-100,string_acoustic_064,68,100,38
string_acoustic_064-068-127,string_acoustic_064,68,127,38
string_acoustic_066-068-025,string_acoustic_066,68,25,38
string_acoustic_066-068-050,string_acoustic_066,68,50,38
string_acoustic_066-068-075,string_acoustic_066,68,75,38
string_acoustic_066-068-100,string_acoustic_066,68,100,38
string_acoustic_066-068-127,string_acoustic_066,68,127,38
string_acoustic_067-068-025,string_acoustic_067,68,25,38
string_acoustic_067-068-050,string_acoustic_067,68,50,38
string_acoustic_067-068-075,string_acoustic_067,68,75,38
string_acoustic_067-068-100,string_acoustic_067,68,100,38
string_acoustic_067-068-127,string_acoustic_067,68,127,38
string_acoustic_069-068-025,string_acoustic_069,68,25,38
string_acoustic_069-068-050,string_acoustic_069,68,50,38
string_acoustic_069-068-075,string_acoustic_069,68,75,38
string_acoustic_069-068-100,string_acoustic_069,68,100,38
string_acoustic_069-068-127,string_acoustic_069,68,127,38
string_acoustic_070-068-025,string_acoustic_070,68,25,38
string_acoustic_070-068-050,string_acoustic_070,68,50,38
string_acoustic_070-068-075,string_acoustic_070,68,75,38
string_acoustic_070-068-100,string_acoustic_070,68,100,38
string_acoustic_070-068-127,string_acoustic_070,68,127,38
string_acoustic_074-068-025,string_acoustic_074,68,25,38
string_acoustic_074-068-050,string_acoustic_074,68,50,38
string_acoustic_074-068-075,string_acoustic_074,68,75,38
string_acoustic_074-068-100,string_acoustic_074,68,100,38
string_acoustic_074-068-127,string_acoustic_074,68,127,38
string_acoustic_076-068-025,string_acoustic_076,68,25,38
string_acoustic_076-068-050,string_acoustic_076,68,50,38
string_acoustic_076-068-075,string_acoustic_076,68,75,38
string_acoustic_076-068-100,string_acoustic_076,68,100,38
string_acoustic_076-068-127,string_acoustic_076,68,127,38
string_acoustic_078-068-025,string_acoustic_078,68,25,38
string_acoustic_078-068-050,string_acoustic_078,68,50,38
string_acoustic_078-068-075,string_acoustic_078,68,75,38
string_acoustic_078-068-100,string_acoustic_078,68,100,38
string_acoustic_078-068-127,string_acoustic_078,68,127,38
string_acoustic_083-068-025,string_acoustic_083,68,25,38
string_acoustic_083-068-050,string_acoustic_083,68,50,38
string_acoustic_083-068-075,string_acoustic_083,68,75,38
string_acoustic_083-068-100,string_acoustic_083,68,100,38
string_acoustic_083-068-127,string_acoustic_083,68,127,38
string_acoustic_086-068-025,string_acoustic_086,68,25,38
string_acoustic_086-068-050,string_acoustic_086,68,50,38
string_acoustic_086-068-075,string_acoustic_086,68,75,38
string_acoustic_086-068-100,string_acoustic_086,68,100,38
string_acoustic_086-068-127,string_acoustic_086,68,127,38
string_acoustic_088-068-025,string_acoustic_088,68,25,38
string_acoustic_088-068-050,string_acoustic_088,68,50,38
string_acoustic_088-068-075,string_acoustic_088,68,75,38
string_acoustic_088-068-100,string_acoustic_088,68,100,38
string_acoustic_088-068-127,string_acoustic_088,68,127,38
string_acoustic_089-068-025,string_acoustic_089,68,25,38
string_acoustic_089-068-050,string_acoustic_089,68,50,38
string_acoustic_089-068-075,string_acoustic_089,68,75,38
string_acoustic_089-068-100,string_acoustic_089,68,100,38
string_acoustic_089-068-127,string_acoustic_089,68,127,38
string_acoustic_090-068-025,string_acoustic_090,68,25,38
string_acoustic_090-068-050,string_acoustic_090,68,50,38
string_acoustic_090-068-075,string_acoustic_090,68,75,38
string_acoustic_090-068-100,string_acoustic_090,68,100,38
string_acoustic_090-068-127,string_acoustic_090,68,127,38
string_acoustic_001-069-025,string_acoustic_001,69,25,38
string_acoustic_001-069-050,string_acoustic_001,69,50,38
string_acoustic_001-069-075,string_acoustic_001,69,75,38
string_acoustic_001-069-100,string_acoustic_001,69,100,38
string_acoustic_001-069-127,string_acoustic_001,69,127,38
string_acoustic_003-069-025,string_acoustic_003,69,25,38
string_acoustic_003-069-050,string_acoustic_003,69,50,38
string_acoustic_003-069-075,string_acoustic_003,69,75,38
string_acoustic_003-069-100,string_acoustic_003,69,100,38
string_acoustic_003-069-127,string_acoustic_003,69,127,38
string_acoustic_006-069-025,string_acoustic_006,69,25,38
string_acoustic_006-069-050,string_acoustic_006,69,50,38
string_acoustic_006-069-075,string_acoustic_006,69,75,38
string_acoustic_006-069-100,string_acoustic_006,69,100,38
string_acoustic_006-069-127,string_acoustic_006,69,127,38
string_acoustic_007-069-025,string_acoustic_007,69,25,38
string_acoustic_007-069-050,string_acoustic_007,69,50,38
string_acoustic_007-069-075,string_acoustic_007,69,75,38
string_acoustic_007-069-100,string_acoustic_007,69,100,38
string_acoustic_007-069-127,string_acoustic_007,69,127,38
string_acoustic_009-069-025,string_acoustic_009,69,25,38
string_acoustic_009-069-050,string_acoustic_009,69,50,38
string_acoustic_009-069-075,string_acoustic_009,69,75,38
string_acoustic_009-069-100,string_acoustic_009,69,100,38
string_acoustic_009-069-127,string_acoustic_009,69,127,38
string_acoustic_011-069-025,string_acoustic_011,69,25,38
string_acoustic_011-069-050,string_acoustic_011,69,50,38
string_acoustic_011-069-075,string_acoustic_011,69,75,38
string_acoustic_011-069-100,string_acoustic_011,69,100,38
string_acoustic_011-069-127,string_acoustic_011,69,127,38
string_acoustic_015-069-025,string_acoustic_015,69,25,38
string_acoustic_015-069-050,string_acoustic_015,69,50,38
string_acoustic_015-069-075,string_acoustic_015,69,75,38
string_acoustic_015-069-100,string_acoustic_015,69,100,38
string_acoustic_015-069-127,string_acoustic_015,69,127,38
string_acoustic_017-069-025,string_acoustic_017,69,25,38
string_acoustic_017-069-050,string_acoustic_017,69,50,38
string_acoustic_017-069-075,string_acoustic_017,69,75,38
string_acoustic_017-069-100,string_acoustic_017,69,100,38
string_acoustic_017-069-127,string_acoustic_017,69,127,38
string_acoustic_018-069-025,string_acoustic_018,69,25,38
string_acoustic_018-069-050,string_acoustic_018,69,50,38
string_acoustic_018-069-075,string_acoustic_018,69,75,38
string_acoustic_018-069-100,string_acoustic_018,69,100,38
string_acoustic_018-069-127,string_acoustic_018,69,127,38
string_acoustic_019-069-025,string_acoustic_019,69,25,38
string_acoustic_019-069-050,string_acoustic_019,69,50,38
string_acoustic_019-069-075,string_acoustic_019,69,75,38
string_acoustic_019-069-100,string_acoustic_019,69,100,38
string_acoustic_019-069-127,string_acoustic_019,69,127,38
string_acoustic_020-069-025,string_acoustic_020,69,25,38
string_acoustic_020-069-050,string_acoustic_020,69,50,38
string_acoustic_020-069-075,string_acoustic_020,69,75,38
string_acoustic_020-069-100,string_acoustic_020,69,100,38
string_acoustic_020-069-127,string_acoustic_020,69,127,38
string_acoustic_023-069-025,string_acoustic_023,69,25,38
string_acoustic_023-069-050,string_acoustic_023,69,50,38
string_acoustic_023-069-075,string_acoustic_023,69,75,38
string_acoustic_023-069-100,string_acoustic_023,69,100,38
string_acoustic_023-069-127,string_acoustic_023,69,127,38
string_acoustic_024-069-025,string_acoustic_024,69,25,38
string_acoustic_024-069-050,string_acoustic_024,69,50,38
string_acoustic_024-069-075,string_acoustic_024,69,75,38
string_acoustic_024-069-100,string_acoustic_024,69,100,38
string_acoustic_024-069-127,string_acoustic_024,69,127,38
string_acoustic_029-069-025,string_acoustic_029,69,25,38
string_acoustic_029-069-050,string_acoustic_029,69,50,38
string_acoustic_029-069-075,string_acoustic_029,69,75,38
string_acoustic_029-069-100,string_acoustic_029,69,100,38
string_acoustic_029-069-127,string_acoustic_029,69,127,38
string_acoustic_030-069-025,string_acoustic_030,69,25,38
string_acoustic_030-069-050,string_acoustic_030,69,50,38
string_acoustic_030-069-075,string_acoustic_030,69,75,38
string_acoustic_030-069-100,string_acoustic_030,69,100,38
string_acoustic_030-069-127,string_acoustic_030,69,127,38
string_acoustic_033-069-025,string_acoustic_033,69,25,38
string_acoustic_033-069-050,string_acoustic_033,69,50,38
string_acoustic_033-069-075,string_acoustic_033,69,75,38
string_acoustic_033-069-100,string_acoustic_033,69,100,38
string_acoustic_033-069-127,string_acoustic_033,69,127,38
string_acoustic_035-069-025,string_acoustic_035,69,25,38
string_acoustic_035-069-050,string_acoustic_035,69,50,38
string_acoustic_035-069-075,string_acoustic_035,69,75,38
string_acoustic_035-069-100,string_acoustic_035,69,100,38
string_acoustic_035-069-127,string_acoustic_035,69,127,38
string_acoustic_036-069-025,string_acoustic_036,69,25,38
string_acoustic_036-069-050,string_acoustic_036,69,50,38
string_acoustic_036-069-075,string_acoustic_036,69,75,38
string_acoustic_036-069-100,string_acoustic_036,69,100,38
string_acoustic_036-069-127,string_acoustic_036,69,127,38
string_acoustic_040-069-025,string_acoustic_040,69,25,38
string_acoustic_040-069-050,string_acoustic_040,69,50,38
string_acoustic_040-069-075,string_acoustic_040,69,75,38
string_acoustic_040-069-100,string_acoustic_040,69,100,38
string_acoustic_040-069-127,string_acoustic_040,69,127,38
string_acoustic_042-069-025,string_acoustic_042,69,25,38
string_acoustic_042-069-050,string_acoustic_042,69,50,38
string_acoustic_042-069-075,string_acoustic_042,69,75,38
string_acoustic_042-069-100,string_acoustic_042,69,100,38
string_acoustic_042-069-127,string_acoustic_042,69,127,38
string_acoustic_043-069-025,string_acoustic_043,69,25,38
string_acoustic_043-069-050,string_acoustic_043,69,50,38
string_acoustic_043-069-075,string_acoustic_043,69,75,38
string_acoustic_043-069-100,string_acoustic_043,69,100,38
string_acoustic_043-069-127,string_acoustic_043,69,127,38
string_acoustic_044-069-025,string_acoustic_044,69,25,38
string_acoustic_044-069-050,string_acoustic_044,69,50,38
string_acoustic_044-069-075,string_acoustic_044,69,75,38
string_acoustic_044-069-100,string_acoustic_044,69,100,38
string_acoustic_044-069-127,string_acoustic_044,69,127,38
string_acoustic_047-069-025,string_acoustic_047,69,25,38
string_acoustic_047-069-050,string_acoustic_047,69,50,38
string_acoustic_047-069-075,string_acoustic_047,69,75,38
string_acoustic_047-069-100,string_acoustic_047,69,100,38
string_acoustic_047-069-127,string_acoustic_047,69,127,38
string_acoustic_048-069-025,string_acoustic_048,69,25,38
string_acoustic_048-069-050,string_acoustic_048,69,50,38
string_acoustic_048-069-075,string_acoustic_048,69,75,38
string_acoustic_048-069-100,string_acoustic_048,69,100,38
string_acoustic_048-069-127,string_acoustic_048,69,127,38
string_acoustic_049-069-025,string_acoustic_049,69,25,38
string_acoustic_049-069-050,string_acoustic_049,69,50,38
string_acoustic_049-069-075,string_acoustic_049,69,75,38
string_acoustic_049-069-100,string_acoustic_049,69,100,38
string_acoustic_049-069-127,string_acoustic_049,69,127,38
string_acoustic_051-069-025,string_acoustic_051,69,25,38
string_acoustic_051-069-050,string_acoustic_051,69,50,38
string_acoustic_051-069-075,string_acoustic_051,69,75,38
string_acoustic_051-069-100,string_acoustic_051,69,100,38
string_acoustic_051-069-127,string_acoustic_051,69,127,38
string_acoustic_052-069-025,string_acoustic_052,69,25,38
string_acoustic_052-069-050,string_acoustic_052,69,50,38
string_acoustic_052-069-075,string_acoustic_052,69,75,38
string_acoustic_052-069-100,string_acoustic_052,69,100,38
string_acoustic_052-069-127,string_acoustic_052,69,127,38
string_acoustic_054-069-025,string_acoustic_054,69,25,38
string_acoustic_054-069-050,string_acoustic_054,69,50,38
string_acoustic_054-069-075,string_acoustic_054,69,75,38
string_acoustic_054-069-100,string_acoustic_054,69,100,38
string_acoustic_054-069-127,string_acoustic_054,69,127,38
string_acoustic_055-069-025,string_acoustic_055,69,25,38
string_acoustic_055-069-050,string_acoustic_055,69,50,38
string_acoustic_055-069-075,string_acoustic_055,69,75,38
string_acoustic_055-069-100,string_acoustic_055,69,100,38
string_acoustic_055-069-127,string_acoustic_055,69,127,38
string_acoustic_059-069-025,string_acoustic_059,69,25,38
string_acoustic_059-069-050,string_acoustic_059,69,50,38
string_acoustic_059-069-075,string_acoustic_059,69,75,38
string_acoustic_059-069-100,string_acoustic_059,69,100,38
string_acoustic_059-069-127,string_acoustic_059,69,127,38
string_acoustic_060-069-025,string_acoustic_060,69,25,38
string_acoustic_060-069-050,string_acoustic_060,69,50,38
string_acoustic_060-069-075,string_acoustic_060,69,75,38
string_acoustic_060-069-100,string_acoustic_060,69,100,38
string_acoustic_060-069-127,string_acoustic_060,69,127,38
string_acoustic_061-069-025,string_acoustic_061,69,25,38
string_acoustic_061-069-050,string_acoustic_061,69,50,38
string_acoustic_061-069-075,string_acoustic_061,69,75,38
string_acoustic_061-069-100,string_acoustic_061,69,100,38
string_acoustic_061-069-127,string_acoustic_061,69,127,38
string_acoustic_063-069-025,string_acoustic_063,69,25,38
string_acoustic_063-069-050,string_acoustic_063,69,50,38
string_acoustic_063-069-075,string_acoustic_063,69,75,38
string_acoustic_063-069-100,string_acoustic_063,69,100,38
string_acoustic_063-069-127,string_acoustic_063,69,127,38
string_acoustic_064-069-025,string_acoustic_064,69,25,38
string_acoustic_064-069-050,string_acoustic_064,69,50,38
string_acoustic_064-069-075,string_acoustic_064,69,75,38
string_acoustic_064-069-100,string_acoustic_064,69,100,38
string_acoustic_064-069-127,string_acoustic_064,69,127,38
string_acoustic_066-069-025,string_acoustic_066,69,25,38
string_acoustic_066-069-050,string_acoustic_066,69,50,38
string_acoustic_066-069-075,string_acoustic_066,69,75,38
string_acoustic_066-069-100,string_acoustic_066,69,100,38
string_acoustic_066-069-127,string_acoustic_066,69,127,38
string_acoustic_067-069-025,string_acoustic_067,69,25,38
string_acoustic_067-069-050,string_acoustic_067,69,50,38
string_acoustic_067-069-075,string_acoustic_067,69,75,38
string_acoustic_067-069-100,string_acoustic_067,69,100,38
string_acoustic_067-069-127,string_acoustic_067,69,127,38
string_acoustic_069-069-025,string_acoustic_069,69,25,38
string_acoustic_069-069-050,string_acoustic_069,69,50,38
string_acoustic_069-069-075,string_acoustic_069,69,75,38
string_acoustic_069-069-100,string_acoustic_069,69,100,38
string_acoustic_069-069-127,string_acoustic_069,69,127,38
string_acoustic_070-069-025,string_acoustic_070,69,25,38
string_acoustic_070-069-050,string_acoustic_070,69,50,38
string_acoustic_070-069-075,string_acoustic_070,69,75,38
string_acoustic_070-069-100,string_acoustic_070,69,100,38
string_acoustic_070-069-127,string_acoustic_070,69,127,38
string_acoustic_072-069-025,string_acoustic_072,69,25,37
string_acoustic_072-069-050,string_acoustic_072,69,50,34
string_acoustic_074-069-025,string_acoustic_074,69,25,38
string_acoustic_074-069-050,string_acoustic_074,69,50,38
string_acoustic_074-069-075,string_acoustic_074,69,75,38
string_acoustic_074-069-100,string_acoustic_074,69,100,38
string_acoustic_074-069-127,string_acoustic_074,69,127,38
string_acoustic_076-069-025,string_acoustic_076,69,25,38
string_acoustic_076-069-050,string_acoustic_076,69,50,38
string_acoustic_076-069-075,string_acoustic_076,69,75,38
string_acoustic_076-069-100,string_acoustic_076,69,100,38
string_acoustic_076-069-127,string_acoustic_076,69,127,38
string_acoustic_078-069-025,string_acoustic_078,69,25,38
string_acoustic_078-069-050,string_acoustic_078,69,50,38
string_acoustic_078-069-075,string_acoustic_078,69,75,38
string_acoustic_078-069-100,string_acoustic_078,69,100,38
string_acoustic_078-069-127,string_acoustic_078,69,127,38
string_acoustic_083-069-025,string_acoustic_083,69,25,38
string_acoustic_083-069-050,string_acoustic_083,69,50,38
string_acoustic_083-069-075,string_acoustic_083,69,75,38
string_acoustic_083-069-100,string_acoustic_083,69,100,38
string_acoustic_083-069-127,string_acoustic_083,69,127,38
string_acoustic_084-069-025,string_acoustic_084,69,25,38
string_acoustic_084-069-050,string_acoustic_084,69,50,36
string_acoustic_084-069-075,string_acoustic_084,69,75,36
string_acoustic_084-069-100,string_acoustic_084,69,100,36
string_acoustic_084-069-127,string_acoustic_084,69,127,36
string_acoustic_086-069-025,string_acoustic_086,69,25,38
string_acoustic_086-069-050,string_acoustic_086,69,50,38
string_acoustic_086-069-075,string_acoustic_086,69,75,38
string_acoustic_086-069-100,string_acoustic_086,69,100,38
string_acoustic_086-069-127,string_acoustic_086,69,127,38
string_acoustic_088-069-025,string_acoustic_088,69,25,38
string_acoustic_088-069-050,string_acoustic_088,69,50,38
string_acoustic_088-069-075,string_acoustic_088,69,75,38
string_acoustic_088-069-100,string_acoustic_088,69,100,38
string_acoustic_088-069-127,string_acoustic_088,69,127,38
string_acoustic_089-069-025,string_acoustic_089,69,25,38
string_acoustic_089-069-050,string_acoustic_089,69,50,38
string_acoustic_089-069-075,string_acoustic_089,69,75,38
string_acoustic_089-069-100,string_acoustic_089,69,100,38
string_acoustic_089-069-127,string_acoustic_089,69,127,38
string_acoustic_090-069-025,string_acoustic_090,69,25,38
string_acoustic_090-069-050,string_acoustic_090,69,50,38
string_acoustic_090-069-075,string_acoustic_090,69,75,38
string_acoustic_090-069-100,string_acoustic_090,69,100,38
string_acoustic_090-069-127,string_acoustic_090,69,127,38
string_acoustic_001-070-025,string_acoustic_001,70,25,38
string_acoustic_001-070-050,string_acoustic_001,70,50,38
string_acoustic_001-070-075,string_acoustic_001,70,75,38
string_acoustic_001-070-100,string_acoustic_001,70,100,38
string_acoustic_001-070-127,string_acoustic_001,70,127,38
string_acoustic_003-070-025,string_acoustic_003,70,25,38
string_acoustic_003-070-050,string_acoustic_003,70,50,38
string_acoustic_003-070-075,string_acoustic_003,70,75,38
string_acoustic_003-070-100,string_acoustic_003,70,100,38
string_acoustic_003-070-127,string_acoustic_003,70,127,38
string_acoustic_006-070-025,string_acoustic_006,70,25,38
string_acoustic_006-070-050,string_acoustic_006,70,50,38
string_acoustic_006-070-075,string_acoustic_006,70,75,38
string_acoustic_006-070-100,string_acoustic_006,70,100,38
string_acoustic_006-070-127,string_acoustic_006,70,127,38
string_acoustic_007-070-025,string_acoustic_007,70,25,38
string_acoustic_007-070-050,string_acoustic_007,70,50,38
string_acoustic_007-070-075,string_acoustic_007,70,75,38
string_acoustic_007-070-100,string_acoustic_007,70,100,38
string_acoustic_007-070-127,string_acoustic_007,70,127,38
string_acoustic_009-070-025,string_acoustic_009,70,25,38
string_acoustic_009-070-050,string_acoustic_009,70,50,38
string_acoustic_009-070-075,string_acoustic_009,70,75,38
string_acoustic_009-070-100,string_acoustic_009,70,100,38
string_acoustic_009-070-127,string_acoustic_009,70,127,38
string_acoustic_011-070-025,string_acoustic_011,70,25,38
string_acoustic_011-070-050,string_acoustic_011,70,50,38
string_acoustic_011-070-075,string_acoustic_011,70,75,38
string_acoustic_011-070-100,string_acoustic_011,70,100,38
string_acoustic_011-070-127,string_acoustic_011,70,127,38
string_acoustic_015-070-025,string_acoustic_015,70,25,38
string_acoustic_015-070-050,string_acoustic_015,70,50,38
string_acoustic_015-070-075,string_acoustic_015,70,75,38
string_acoustic_015-070-100,string_acoustic_015,70,100,38
string_acoustic_015-070-127,string_acoustic_015,70,127,38
string_acoustic_017-070-025,string_acoustic_017,70,25,38
string_acoustic_017-070-050,string_acoustic_017,70,50,38
string_acoustic_017-070-075,string_acoustic_017,70,75,38
string_acoustic_017-070-100,string_acoustic_017,70,100,38
string_acoustic_017-070-127,string_acoustic_017,70,127,38
string_acoustic_018-070-025,string_acoustic_018,70,25,38
string_acoustic_018-070-050,string_acoustic_018,70,50,38
string_acoustic_018-070-075,string_acoustic_018,70,75,38
string_acoustic_018-070-100,string_acoustic_018,70,100,38
string_acoustic_018-070-127,string_acoustic_018,70,127,38
string_acoustic_019-070-025,string_acoustic_019,70,25,36
string_acoustic_019-070-050,string_acoustic_019,70,50,36
string_acoustic_019-070-075,string_acoustic_019,70,75,38
string_acoustic_019-070-100,string_acoustic_019,70,100,38
string_acoustic_019-070-127,string_acoustic_019,70,127,38
string_acoustic_020-070-025,string_acoustic_020,70,25,38
string_acoustic_020-070-050,string_acoustic_020,70,50,38
string_acoustic_020-070-075,string_acoustic_020,70,75,38
string_acoustic_020-070-100,string_acoustic_020,70,100,38
string_acoustic_020-070-127,string_acoustic_020,70,127,38
string_acoustic_023-070-025,string_acoustic_023,70,25,38
string_acoustic_023-070-050,string_acoustic_023,70,50,38
string_acoustic_023-070-075,string_acoustic_023,70,75,38
string_acoustic_023-070-100,string_acoustic_023,70,100,38
string_acoustic_023-070-127,string_acoustic_023,70,127,38
string_acoustic_024-070-025,string_acoustic_024,70,25,38
string_acoustic_024-070-050,string_acoustic_024,70,50,38
string_acoustic_024-070-075,string_acoustic_024,70,75,38
string_acoustic_024-070-100,string_acoustic_024,70,100,38
string_acoustic_024-070-127,string_acoustic_024,70,127,38
string_acoustic_029-070-025,string_acoustic_029,70,25,38
string_acoustic_029-070-050,string_acoustic_029,70,50,38
string_acoustic_029-070-075,string_acoustic_029,70,75,38
string_acoustic_029-070-100,string_acoustic_029,70,100,38
string_acoustic_029-070-127,string_acoustic_029,70,127,38
string_acoustic_030-070-025,string_acoustic_030,70,25,38
string_acoustic_030-070-050,string_acoustic_030,70,50,38
string_acoustic_030-070-075,string_acoustic_030,70,75,38
string_acoustic_030-070-100,string_acoustic_030,70,100,38
string_acoustic_030-070-127,string_acoustic_030,70,127,38
string_acoustic_033-070-025,string_acoustic_033,70,25,38
string_acoustic_033-070-050,string_acoustic_033,70,50,38
string_acoustic_033-070-075,string_acoustic_033,70,75,38
string_acoustic_033-070-100,string_acoustic_033,70,100,38
string_acoustic_033-070-127,string_acoustic_033,70,127,38
string_acoustic_035-070-025,string_acoustic_035,70,25,38
string_acoustic_035-070-050,string_acoustic_035,70,50,38
string_acoustic_035-070-075,string_acoustic_035,70,75,38
string_acoustic_035-070-100,string_acoustic_035,70,100,38
string_acoustic_035-070-127,string_acoustic_035,70,127,38
string_acoustic_036-070-025,string_acoustic_036,70,25,38
string_acoustic_036-070-050,string_acoustic_036,70,50,38
string_acoustic_036-070-075,string_acoustic_036,70,75,38
string_acoustic_036-070-100,string_acoustic_036,70,100,38
string_acoustic_036-070-127,string_acoustic_036,70,127,38
string_acoustic_040-070-025,string_acoustic_040,70,25,38
string_acoustic_040-070-050,string_acoustic_040,70,50,38
string_acoustic_040-070-075,string_acoustic_040,70,75,38
string_acoustic_040-070-100,string_acoustic_040,70,100,38
string_acoustic_040-070-127,string_acoustic_040,70,127,38
string_acoustic_042-070-025,string_acoustic_042,70,25,38
string_acoustic_042-070-050,string_acoustic_042,70,50,38
string_acoustic_042-070-075,string_acoustic_042,70,75,38
string_acoustic_042-070-100,string_acoustic_042,70,100,38
string_acoustic_042-070-127,string_acoustic_042,70,127,38
string_acoustic_043-070-025,string_acoustic_043,70,25,38
string_acoustic_043-070-050,string_acoustic_043,70,50,38
string_acoustic_043-070-075,string_acoustic_043,70,75,38
string_acoustic_043-070-100,string_acoustic_043,70,100,38
string_acoustic_043-070-127,string_acoustic_043,70,127,38
string_acoustic_044-070-025,string_acoustic_044,70,25,38
string_acoustic_044-070-050,string_acoustic_044,70,50,38
string_acoustic_044-070-075,string_acoustic_044,70,75,38
string_acoustic_044-070-100,string_acoustic_044,70,100,38
string_acoustic_044-070-127,string_acoustic_044,70,127,38
string_acoustic_047-070-025,string_acoustic_047,70,25,38
string_acoustic_047-070-050,string_acoustic_047,70,50,38
string_acoustic_047-070-075,string_acoustic_047,70,75,38
string_acoustic_047-070-100,string_acoustic_047,70,100,38
string_acoustic_047-070-127,string_acoustic_047,70,127,38
string_acoustic_048-070-025,string_acoustic_048,70,25,38
string_acoustic_048-070-050,string_acoustic_048,70,50,38
string_acoustic_048-070-075,string_acoustic_048,70,75,38
string_acoustic_048-070-100,string_acoustic_048,70,100,38
string_acoustic_048-070-127,string_acoustic_048,70,127,38
string_acoustic_049-070-025,string_acoustic_049,70,25,38
string_acoustic_049-070-050,string_acoustic_049,70,50,38
string_acoustic_049-070-075,string_acoustic_049,70,75,38
string_acoustic_049-070-100,string_acoustic_049,70,100,38
string_acoustic_049-070-127,string_acoustic_049,70,127,38
string_acoustic_051-070-025,string_acoustic_051,70,25,38
string_acoustic_051-070-050,string_acoustic_051,70,50,38
string_acoustic_051-070-075,string_acoustic_051,70,75,38
string_acoustic_051-070-100,string_acoustic_051,70,100,38
string_acoustic_051-070-127,string_acoustic_051,70,127,38
string_acoustic_052-070-025,string_acoustic_052,70,25,38
string_acoustic_052-070-050,string_acoustic_052,70,50,38
string_acoustic_052-070-075,string_acoustic_052,70,75,38
string_acoustic_052-070-100,string_acoustic_052,70,100,38
string_acoustic_052-070-127,string_acoustic_052,70,127,38
string_acoustic_054-070-025,string_acoustic_054,70,25,38
string_acoustic_054-070-050,string_acoustic_054,70,50,38
string_acoustic_054-070-075,string_acoustic_054,70,75,38
string_acoustic_054-070-100,string_acoustic_054,70,100,38
string_acoustic_054-070-127,string_acoustic_054,70,127,38
string_acoustic_055-070-025,string_acoustic_055,70,25,38
string_acoustic_055-070-050,string_acoustic_055,70,50,38
string_acoustic_055-070-075,string_acoustic_055,70,75,38
string_acoustic_055-070-100,string_acoustic_055,70,100,38
string_acoustic_055-070-127,string_acoustic_055,70,127,38
string_acoustic_059-070-025,string_acoustic_059,70,25,38
string_acoustic_059-070-050,string_acoustic_059,70,50,38
string_acoustic_059-070-075,string_acoustic_059,70,75,38
string_acoustic_059-070-100,string_acoustic_059,70,100,38
string_acoustic_059-070-127,string_acoustic_059,70,127,38
string_acoustic_060-070-025,string_acoustic_060,70,25,38
string_acoustic_060-070-050,string_acoustic_060,70,50,38
string_acoustic_060-070-075,string_acoustic_060,70,75,38
string_acoustic_060-070-100,string_acoustic_060,70,100,38
string_acoustic_060-070-127,string_acoustic_060,70,127,38
string_acoustic_061-070-025,string_acoustic_061,70,25,38
string_acoustic_061-070-050,string_acoustic_061,70,50,38
string_acoustic_061-070-075,string_acoustic_061,70,75,38
string_acoustic_061-070-100,string_acoustic_061,70,100,38
string_acoustic_061-070-127,string_acoustic_061,70,127,38
string_acoustic_063-070-025,string_acoustic_063,70,25,38
string_acoustic_063-070-050,string_acoustic_063,70,50,38
string_acoustic_063-070-075,string_acoustic_063,70,75,38
string_acoustic_063-070-100,string_acoustic_063,70,100,38
string_acoustic_063-070-127,string_acoustic_063,70,127,38
string_acoustic_064-070-025,string_acoustic_064,70,25,38
string_acoustic_064-070-050,string_acoustic_064,70,50,38
string_acoustic_064-070-075,string_acoustic_064,70,75,38
string_acoustic_064-070-100,string_acoustic_064,70,100,38
string_acoustic_064-070-127,string_acoustic_064,70,127,38
string_acoustic_066-070-025,string_acoustic_066,70,25,38
string_acoustic_066-070-050,string_acoustic_066,70,50,38
string_acoustic_066-070-075,string_acoustic_066,70,75,38
string_acoustic_066-070-100,string_acoustic_066,70,100,38
string_acoustic_066-070-127,string_acoustic_066,70,127,38
string_acoustic_067-070-025,string_acoustic_067,70,25,38
string_acoustic_067-070-050,string_acoustic_067,70,50,38
string_acoustic_067-070-075,string_acoustic_067,70,75,38
string_acoustic_067-070-100,string_acoustic_067,70,100,38
string_acoustic_067-070-127,string_acoustic_067,70,127,38
string_acoustic_069-070-025,string_acoustic_069,70,25,38
string_acoustic_069-070-050,string_acoustic_069,70,50,38
string_acoustic_069-070-075,string_acoustic_069,70,75,38
string_acoustic_069-070-100,string_acoustic_069,70,100,38
string_acoustic_069-070-127,string_acoustic_069,70,127,38
string_acoustic_070-070-025,string_acoustic_070,70,25,38
string_acoustic_070-070-050,string_acoustic_070,70,50,38
string_acoustic_070-070-075,string_acoustic_070,70,75,38
string_acoustic_070-070-100,string_acoustic_070,70,100,38
string_acoustic_070-070-127,string_acoustic_070,70,127,38
string_acoustic_074-070-025,string_acoustic_074,70,25,38
string_acoustic_074-070-050,string_acoustic_074,70,50,38
string_acoustic_074-070-075,string_acoustic_074,70,75,38
string_acoustic_074-070-100,string_acoustic_074,70,100,38
string_acoustic_074-070-127,string_acoustic_074,70,127,38
string_acoustic_076-070-025,string_acoustic_076,70,25,38
string_acoustic_076-070-050,string_acoustic_076,70,50,38
string_acoustic_076-070-075,string_acoustic_076,70,75,38
string_acoustic_076-070-100,string_acoustic_076,70,100,38
string_acoustic_076-070-127,string_acoustic_076,70,127,38
string_acoustic_078-070-025,string_acoustic_078,70,25,38
string_acoustic_078-070-050,string_acoustic_078,70,50,38
string_acoustic_078-070-075,string_acoustic_078,70,75,38
string_acoustic_078-070-100,string_acoustic_078,70,100,38
string_acoustic_078-070-127,string_acoustic_078,70,127,38
string_acoustic_083-070-025,string_acoustic_083,70,25,38
string_acoustic_083-070-050,string_acoustic_083,70,50,38
string_acoustic_083-070-075,string_acoustic_083,70,75,38
string_acoustic_083-070-100,string_acoustic_083,70,100,38
string_acoustic_083-070-127,string_acoustic_083,70,127,38
string_acoustic_086-070-025,string_acoustic_086,70,25,38
string_acoustic_086-070-050,string_acoustic_086,70,50,38
string_acoustic_086-070-075,string_acoustic_086,70,75,38
string_acoustic_086-070-100,string_acoustic_086,70,100,38
string_acoustic_086-070-127,string_acoustic_086,70,127,38
string_acoustic_088-070-025,string_acoustic_088,70,25,38
string_acoustic_088-070-050,string_acoustic_088,70,50,38
string_acoustic_088-070-075,string_acoustic_088,70,75,38
string_acoustic_088-070-100,string_acoustic_088,70,100,38
string_acoustic_088-070-127,string_acoustic_088,70,127,38
string_acoustic_089-070-025,string_acoustic_089,70,25,38
string_acoustic_089-070-050,string_acoustic_089,70,50,38
string_acoustic_089-070-075,string_acoustic_089,70,75,38
string_acoustic_089-070-100,string_acoustic_089,70,100,38
string_acoustic_089-070-127,string_acoustic_089,70,127,38
string_acoustic_090-070-025,string_acoustic_090,70,25,38
string_acoustic_090-070-050,string_acoustic_090,70,50,38
string_acoustic_090-070-075,string_acoustic_090,70,75,38
string_acoustic_090-070-100,string_acoustic_090,70,100,38
string_acoustic_090-070-127,string_acoustic_090,70,127,38
string_acoustic_001-071-025,string_acoustic_001,71,25,38
string_acoustic_001-071-050,string_acoustic_001,71,50,38
string_acoustic_001-071-075,string_acoustic_001,71,75,38
string_acoustic_001-071-100,string_acoustic_001,71,100,38
string_acoustic_001-071-127,string_acoustic_001,71,127,38
string_acoustic_003-071-025,string_acoustic_003,71,25,38
string_acoustic_003-071-050,string_acoustic_003,71,50,38
string_acoustic_003-071-075,string_acoustic_003,71,75,38
string_acoustic_003-071-100,string_acoustic_003,71,100,38
string_acoustic_003-071-127,string_acoustic_003,71,127,38
string_acoustic_006-071-025,string_acoustic_006,71,25,38
string_acoustic_006-071-050,string_acoustic_006,71,50,38
string_acoustic_006-071-075,string_acoustic_006,71,75,38
string_acoustic_006-071-100,string_acoustic_006,71,100,38
string_acoustic_006-071-127,string_acoustic_006,71,127,38
string_acoustic_007-071-025,string_acoustic_007,71,25,38
string_acoustic_007-071-050,string_acoustic_007,71,50,38
string_acoustic_007-071-075,string_acoustic_007,71,75,38
string_acoustic_007-071-100,string_acoustic_007,71,100,38
string_acoustic_007-071-127,string_acoustic_007,71,127,38
string_acoustic_009-071-025,string_acoustic_009,71,25,38
string_acoustic_009-071-050,string_acoustic_009,71,50,38
string_acoustic_009-071-075,string_acoustic_009,71,75,38
string_acoustic_009-071-100,string_acoustic_009,71,100,38
string_acoustic_009-071-127,string_acoustic_009,71,127,38
string_acoustic_011-071-025,string_acoustic_011,71,25,38
string_acoustic_011-071-050,string_acoustic_011,71,50,38
string_acoustic_011-071-075,string_acoustic_011,71,75,38
string_acoustic_011-071-100,string_acoustic_011,71,100,38
string_acoustic_011-071-127,string_acoustic_011,71,127,38
string_acoustic_015-071-025,string_acoustic_015,71,25,38
string_acoustic_015-071-050,string_acoustic_015,71,50,38
string_acoustic_015-071-075,string_acoustic_015,71,75,38
string_acoustic_015-071-100,string_acoustic_015,71,100,38
string_acoustic_015-071-127,string_acoustic_015,71,127,38
string_acoustic_017-071-025,string_acoustic_017,71,25,38
string_acoustic_017-071-050,string_acoustic_017,71,50,38
string_acoustic_017-071-075,string_acoustic_017,71,75,38
string_acoustic_017-071-100,string_acoustic_017,71,100,38
string_acoustic_017-071-127,string_acoustic_017,71,127,38
string_acoustic_018-071-025,string_acoustic_018,71,25,38
string_acoustic_018-071-050,string_acoustic_018,71,50,38
string_acoustic_018-071-075,string_acoustic_018,71,75,38
string_acoustic_018-071-100,string_acoustic_018,71,100,38
string_acoustic_018-071-127,string_acoustic_018,71,127,38
string_acoustic_019-071-025,string_acoustic_019,71,25,38
string_acoustic_019-071-050,string_acoustic_019,71,50,38
string_acoustic_019-071-075,string_acoustic_019,71,75,38
string_acoustic_019-071-100,string_acoustic_019,71,100,38
string_acoustic_019-071-127,string_acoustic_019,71,127,38
string_acoustic_020-071-025,string_acoustic_020,71,25,38
string_acoustic_020-071-050,string_acoustic_020,71,50,38
string_acoustic_020-071-075,string_acoustic_020,71,75,38
string_acoustic_020-071-100,string_acoustic_020,71,100,38
string_acoustic_020-071-127,string_acoustic_020,71,127,38
string_acoustic_023-071-025,string_acoustic_023,71,25,38
string_acoustic_023-071-050,string_acoustic_023,71,50,38
string_acoustic_023-071-075,string_acoustic_023,71,75,38
string_acoustic_023-071-100,string_acoustic_023,71,100,38
string_acoustic_023-071-127,string_acoustic_023,71,127,38
string_acoustic_024-071-025,string_acoustic_024,71,25,38
string_acoustic_024-071-050,string_acoustic_024,71,50,38
string_acoustic_024-071-075,string_acoustic_024,71,75,38
string_acoustic_024-071-100,string_acoustic_024,71,100,38
string_acoustic_024-071-127,string_acoustic_024,71,127,38
string_acoustic_029-071-025,string_acoustic_029,71,25,38
string_acoustic_029-071-050,string_acoustic_029,71,50,38
string_acoustic_029-071-075,string_acoustic_029,71,75,38
string_acoustic_029-071-100,string_acoustic_029,71,100,38
string_acoustic_029-071-127,string_acoustic_029,71,127,38
string_acoustic_030-071-025,string_acoustic_030,71,25,38
string_acoustic_030-071-050,string_acoustic_030,71,50,38
string_acoustic_030-071-075,string_acoustic_030,71,75,38
string_acoustic_030-071-100,string_acoustic_030,71,100,38
string_acoustic_030-071-127,string_acoustic_030,71,127,38
string_acoustic_033-071-025,string_acoustic_033,71,25,38
string_acoustic_033-071-050,string_acoustic_033,71,50,38
string_acoustic_033-071-075,string_acoustic_033,71,75,38
string_acoustic_033-071-100,string_acoustic_033,71,100,38
string_acoustic_033-071-127,string_acoustic_033,71,127,38
string_acoustic_035-071-025,string_acoustic_035,71,25,38
string_acoustic_035-071-050,string_acoustic_035,71,50,38
string_acoustic_035-071-075,string_acoustic_035,71,75,38
string_acoustic_035-071-100,string_acoustic_035,71,100,38
string_acoustic_035-071-127,string_acoustic_035,71,127,38
string_acoustic_036-071-025,string_acoustic_036,71,25,38
string_acoustic_036-071-050,string_acoustic_036,71,50,38
string_acoustic_036-071-075,string_acoustic_036,71,75,38
string_acoustic_036-071-100,string_acoustic_036,71,100,38
string_acoustic_036-071-127,string_acoustic_036,71,127,38
string_acoustic_040-071-025,string_acoustic_040,71,25,38
string_acoustic_040-071-050,string_acoustic_040,71,50,38
string_acoustic_040-071-075,string_acoustic_040,71,75,38
string_acoustic_040-071-100,string_acoustic_040,71,100,38
string_acoustic_040-071-127,string_acoustic_040,71,127,38
string_acoustic_042-071-025,string_acoustic_042,71,25,38
string_acoustic_042-071-050,string_acoustic_042,71,50,38
string_acoustic_042-071-075,string_acoustic_042,71,75,38
string_acoustic_042-071-100,string_acoustic_042,71,100,38
string_acoustic_042-071-127,string_acoustic_042,71,127,38
string_acoustic_043-071-025,string_acoustic_043,71,25,38
string_acoustic_043-071-050,string_acoustic_043,71,50,38
string_acoustic_043-071-075,string_acoustic_043,71,75,38
string_acoustic_043-071-100,string_acoustic_043,71,100,38
string_acoustic_043-071-127,string_acoustic_043,71,127,38
string_acoustic_044-071-025,string_acoustic_044,71,25,38
string_acoustic_044-071-050,string_acoustic_044,71,50,38
string_acoustic_044-071-075,string_acoustic_044,71,75,38
string_acoustic_044-071-100,string_acoustic_044,71,100,38
string_acoustic_044-071-127,string_acoustic_044,71,127,38
string_acoustic_047-071-025,string_acoustic_047,71,25,38
string_acoustic_047-071-050,string_acoustic_047,71,50,38
string_acoustic_047-071-075,string_acoustic_047,71,75,38
string_acoustic_047-071-100,string_acoustic_047,71,100,38
string_acoustic_047-071-127,string_acoustic_047,71,127,38
string_acoustic_048-071-025,string_acoustic_048,71,25,38
string_acoustic_048-071-050,string_acoustic_048,71,50,38
string_acoustic_048-071-075,string_acoustic_048,71,75,38
string_acoustic_048-071-100,string_acoustic_048,71,100,38
string_acoustic_048-071-127,string_acoustic_048,71,127,38
string_acoustic_049-071-025,string_acoustic_049,71,25,38
string_acoustic_049-071-050,string_acoustic_049,71,50,38
string_acoustic_049-071-075,string_acoustic_049,71,75,38
string_acoustic_049-071-100,string_acoustic_049,71,100,38
string_acoustic_049-071-127,string_acoustic_049,71,127,38
string_acoustic_051-071-025,string_acoustic_051,71,25,38
string_acoustic_051-071-050,string_acoustic_051,71,50,38
string_acoustic_051-071-075,string_acoustic_051,71,75,38
string_acoustic_051-071-100,string_acoustic_051,71,100,38
string_acoustic_051-071-127,string_acoustic_051,71,127,38
string_acoustic_052-071-025,string_acoustic_052,71,25,38
string_acoustic_052-071-050,string_acoustic_052,71,50,38
string_acoustic_052-071-075,string_acoustic_052,71,75,38
string_acoustic_052-071-100,string_acoustic_052,71,100,38
string_acoustic_052-071-127,string_acoustic_052,71,127,38
string_acoustic_054-071-025,string_acoustic_054,71,25,38
string_acoustic_054-071-050,string_acoustic_054,71,50,38
string_acoustic_054-071-075,string_acoustic_054,71,75,38
string_acoustic_054-071-100,string_acoustic_054,71,100,38
string_acoustic_054-071-127,string_acoustic_054,71,127,38
string_acoustic_055-071-025,string_acoustic_055,71,25,38
string_acoustic_055-071-050,string_acoustic_055,71,50,38
string_acoustic_055-071-075,string_acoustic_055,71,75,38
string_acoustic_055-071-100,string_acoustic_055,71,100,38
string_acoustic_055-071-127,string_acoustic_055,71,127,38
string_acoustic_059-071-025,string_acoustic_059,71,25,38
string_acoustic_059-071-050,string_acoustic_059,71,50,38
string_acoustic_059-071-075,string_acoustic_059,71,75,38
string_acoustic_059-071-100,string_acoustic_059,71,100,38
string_acoustic_059-071-127,string_acoustic_059,71,127,38
string_acoustic_060-071-025,string_acoustic_060,71,25,38
string_acoustic_060-071-050,string_acoustic_060,71,50,38
string_acoustic_060-071-075,string_acoustic_060,71,75,38
string_acoustic_060-071-100,string_acoustic_060,71,100,38
string_acoustic_060-071-127,string_acoustic_060,71,127,38
string_acoustic_061-071-025,string_acoustic_061,71,25,38
string_acoustic_061-071-050,string_acoustic_061,71,50,38
string_acoustic_061-071-075,string_acoustic_061,71,75,38
string_acoustic_061-071-100,string_acoustic_061,71,100,38
string_acoustic_061-071-127,string_acoustic_061,71,127,38
string_acoustic_063-071-025,string_acoustic_063,71,25,38
string_acoustic_063-071-050,string_acoustic_063,71,50,38
string_acoustic_063-071-075,string_acoustic_063,71,75,38
string_acoustic_063-071-100,string_acoustic_063,71,100,38
string_acoustic_063-071-127,string_acoustic_063,71,127,38
string_acoustic_064-071-025,string_acoustic_064,71,25,38
string_acoustic_064-071-050,string_acoustic_064,71,50,38
string_acoustic_064-071-075,string_acoustic_064,71,75,38
string_acoustic_064-071-100,string_acoustic_064,71,100,38
string_acoustic_064-071-127,string_acoustic_064,71,127,38
string_acoustic_066-071-025,string_acoustic_066,71,25,38
string_acoustic_066-071-050,string_acoustic_066,71,50,38
string_acoustic_066-071-075,string_acoustic_066,71,75,38
string_acoustic_066-071-100,string_acoustic_066,71,100,38
string_acoustic_066-071-127,string_acoustic_066,71,127,38
string_acoustic_067-071-025,string_acoustic_067,71,25,38
string_acoustic_067-071-050,string_acoustic_067,71,50,38
string_acoustic_067-071-075,string_acoustic_067,71,75,38
string_acoustic_067-071-100,string_acoustic_067,71,100,38
string_acoustic_067-071-127,string_acoustic_067,71,127,38
string_acoustic_069-071-025,string_acoustic_069,71,25,38
string_acoustic_069-071-050,string_acoustic_069,71,50,38
string_acoustic_069-071-075,string_acoustic_069,71,75,38
string_acoustic_069-071-100,string_acoustic_069,71,100,38
string_acoustic_069-071-127,string_acoustic_069,71,127,38
string_acoustic_070-071-025,string_acoustic_070,71,25,38
string_acoustic_070-071-050,string_acoustic_070,71,50,38
string_acoustic_070-071-075,string_acoustic_070,71,75,38
string_acoustic_070-071-100,string_acoustic_070,71,100,38
string_acoustic_070-071-127,string_acoustic_070,71,127,38
string_acoustic_072-071-025,string_acoustic_072,71,25,35
string_acoustic_072-071-050,string_acoustic_072,71,50,37
string_acoustic_074-071-025,string_acoustic_074,71,25,38
string_acoustic_074-071-050,string_acoustic_074,71,50,38
string_acoustic_074-071-075,string_acoustic_074,71,75,38
string_acoustic_074-071-100,string_acoustic_074,71,100,38
string_acoustic_074-071-127,string_acoustic_074,71,127,38
string_acoustic_076-071-025,string_acoustic_076,71,25,38
string_acoustic_076-071-050,string_acoustic_076,71,50,38
string_acoustic_076-071-075,string_acoustic_076,71,75,38
string_acoustic_076-071-100,string_acoustic_076,71,100,38
string_acoustic_076-071-127,string_acoustic_076,71,127,38
string_acoustic_078-071-025,string_acoustic_078,71,25,38
string_acoustic_078-071-050,string_acoustic_078,71,50,38
string_acoustic_078-071-075,string_acoustic_078,71,75,38
string_acoustic_078-071-100,string_acoustic_078,71,100,38
string_acoustic_078-071-127,string_acoustic_078,71,127,38
string_acoustic_083-071-025,string_acoustic_083,71,25,38
string_acoustic_083-071-050,string_acoustic_083,71,50,38
string_acoustic_083-071-075,string_acoustic_083,71,75,38
string_acoustic_083-071-100,string_acoustic_083,71,100,38
string_acoustic_083-071-127,string_acoustic_083,71,127,38
string_acoustic_084-071-050,string_acoustic_084,71,50,29
string_acoustic_086-071-025,string_acoustic_086,71,25,38
string_acoustic_086-071-050,string_acoustic_086,71,50,38
string_acoustic_086-071-075,string_acoustic_086,71,75,38
string_acoustic_086-071-100,string_acoustic_086,71,100,38
string_acoustic_086-071-127,string_acoustic_086,71,127,38
string_acoustic_088-071-025,string_acoustic_088,71,25,38
string_acoustic_088-071-050,string_acoustic_088,71,50,38
string_acoustic_088-071-075,string_acoustic_088,71,75,38
string_acoustic_088-071-100,string_acoustic_088,71,100,38
string_acoustic_088-071-127,string_acoustic_088,71,127,38
string_acoustic_089-071-025,string_acoustic_089,71,25,38
string_acoustic_089-071-050,string_acoustic_089,71,50,38
string_acoustic_089-071-075,string_acoustic_089,71,75,38
string_acoustic_089-071-100,string_acoustic_089,71,100,38
string_acoustic_089-071-127,string_acoustic_089,71,127,38
string_acoustic_090-071-025,string_acoustic_090,71,25,38
string_acoustic_090-071-050,string_acoustic_090,71,50,38
string_acoustic_090-071-075,string_acoustic_090,71,75,38
string_acoustic_090-071-100,string_acoustic_090,71,100,38
string_acoustic_090-071-127,string_acoustic_090,71,127,38
string_acoustic_001-072-025,string_acoustic_001,72,25,38
string_acoustic_001-072-050,string_acoustic_001,72,50,38
string_acoustic_001-072-075,string_acoustic_001,72,75,38
string_acoustic_001-072-100,string_acoustic_001,72,100,38
string_acoustic_001-072-127,string_acoustic_001,72,127,38
string_acoustic_003-072-025,string_acoustic_003,72,25,38
string_acoustic_003-072-050,string_acoustic_003,72,50,38
string_acoustic_003-072-075,string_acoustic_003,72,75,38
string_acoustic_003-072-100,string_acoustic_003,72,100,38
string_acoustic_003-072-127,string_acoustic_003,72,127,38
string_acoustic_006-072-025,string_acoustic_006,72,25,38
string_acoustic_006-072-050,string_acoustic_006,72,50,38
string_acoustic_006-072-075,string_acoustic_006,72,75,38
string_acoustic_006-072-100,string_acoustic_006,72,100,38
string_acoustic_006-072-127,string_acoustic_006,72,127,38
string_acoustic_007-072-025,string_acoustic_007,72,25,38
string_acoustic_007-072-050,string_acoustic_007,72,50,38
string_acoustic_007-072-075,string_acoustic_007,72,75,38
string_acoustic_007-072-100,string_acoustic_007,72,100,38
string_acoustic_007-072-127,string_acoustic_007,72,127,38
string_acoustic_009-072-025,string_acoustic_009,72,25,38
string_acoustic_009-072-050,string_acoustic_009,72,50,38
string_acoustic_009-072-075,string_acoustic_009,72,75,38
string_acoustic_009-072-100,string_acoustic_009,72,100,38
string_acoustic_009-072-127,string_acoustic_009,72,127,38
string_acoustic_011-072-025,string_acoustic_011,72,25,38
string_acoustic_011-072-050,string_acoustic_011,72,50,38
string_acoustic_011-072-075,string_acoustic_011,72,75,38
string_acoustic_011-072-100,string_acoustic_011,72,100,38
string_acoustic_011-072-127,string_acoustic_011,72,127,38
string_acoustic_015-072-025,string_acoustic_015,72,25,38
string_acoustic_015-072-050,string_acoustic_015,72,50,38
string_acoustic_015-072-075,string_acoustic_015,72,75,38
string_acoustic_015-072-100,string_acoustic_015,72,100,38
string_acoustic_015-072-127,string_acoustic_015,72,127,38
string_acoustic_017-072-025,string_acoustic_017,72,25,38
string_acoustic_017-072-050,string_acoustic_017,72,50,38
string_acoustic_017-072-075,string_acoustic_017,72,75,38
string_acoustic_017-072-100,string_acoustic_017,72,100,38
string_acoustic_017-072-127,string_acoustic_017,72,127,38
string_acoustic_018-072-025,string_acoustic_018,72,25,38
string_acoustic_018-072-050,string_acoustic_018,72,50,38
string_acoustic_018-072-075,string_acoustic_018,72,75,38
string_acoustic_018-072-100,string_acoustic_018,72,100,38
string_acoustic_018-072-127,string_acoustic_018,72,127,38
string_acoustic_019-072-025,string_acoustic_019,72,25,38
string_acoustic_019-072-050,string_acoustic_019,72,50,38
string_acoustic_019-072-075,string_acoustic_019,72,75,38
string_acoustic_019-072-100,string_acoustic_019,72,100,38
string_acoustic_019-072-127,string_acoustic_019,72,127,38
string_acoustic_020-072-025,string_acoustic_020,72,25,38
string_acoustic_020-072-050,string_acoustic_020,72,50,38
string_acoustic_020-072-075,string_acoustic_020,72,75,38
string_acoustic_020-072-100,string_acoustic_020,72,100,38
string_acoustic_020-072-127,string_acoustic_020,72,127,38
string_acoustic_023-072-025,string_acoustic_023,72,25,38
string_acoustic_023-072-050,string_acoustic_023,72,50,38
string_acoustic_023-072-075,string_acoustic_023,72,75,38
string_acoustic_023-072-100,string_acoustic_023,72,100,38
string_acoustic_023-072-127,string_acoustic_023,72,127,38
string_acoustic_024-072-025,string_acoustic_024,72,25,38
string_acoustic_024-072-050,string_acoustic_024,72,50,38
string_acoustic_024-072-075,string_acoustic_024,72,75,38
string_acoustic_024-072-100,string_acoustic_024,72,100,38
string_acoustic_024-072-127,string_acoustic_024,72,127,38
string_acoustic_029-072-025,string_acoustic_029,72,25,38
string_acoustic_029-072-050,string_acoustic_029,72,50,38
string_acoustic_029-072-075,string_acoustic_029,72,75,38
string_acoustic_029-072-100,string_acoustic_029,72,100,38
string_acoustic_029-072-127,string_acoustic_029,72,127,38
string_acoustic_030-072-025,string_acoustic_030,72,25,38
string_acoustic_030-072-050,string_acoustic_030,72,50,38
string_acoustic_030-072-075,string_acoustic_030,72,75,38
string_acoustic_030-072-100,string_acoustic_030,72,100,38
string_acoustic_030-072-127,string_acoustic_030,72,127,38
string_acoustic_033-072-025,string_acoustic_033,72,25,38
string_acoustic_033-072-050,string_acoustic_033,72,50,38
string_acoustic_033-072-075,string_acoustic_033,72,75,38
string_acoustic_033-072-100,string_acoustic_033,72,100,38
string_acoustic_033-072-127,string_acoustic_033,72,127,38
string_acoustic_035-072-025,string_acoustic_035,72,25,38
string_acoustic_035-072-050,string_acoustic_035,72,50,38
string_acoustic_035-072-075,string_acoustic_035,72,75,38
string_acoustic_035-072-100,string_acoustic_035,72,100,38
string_acoustic_035-072-127,string_acoustic_035,72,127,38
string_acoustic_036-072-025,string_acoustic_036,72,25,38
string_acoustic_036-072-050,string_acoustic_036,72,50,38
string_acoustic_036-072-075,string_acoustic_036,72,75,38
string_acoustic_036-072-100,string_acoustic_036,72,100,38
string_acoustic_036-072-127,string_acoustic_036,72,127,38
string_acoustic_040-072-025,string_acoustic_040,72,25,38
string_acoustic_040-072-050,string_acoustic_040,72,50,38
string_acoustic_040-072-075,string_acoustic_040,72,75,38
string_acoustic_040-072-100,string_acoustic_040,72,100,38
string_acoustic_040-072-127,string_acoustic_040,72,127,38
string_acoustic_042-072-025,string_acoustic_042,72,25,38
string_acoustic_042-072-050,string_acoustic_042,72,50,38
string_acoustic_042-072-075,string_acoustic_042,72,75,38
string_acoustic_042-072-100,string_acoustic_042,72,100,38
string_acoustic_042-072-127,string_acoustic_042,72,127,38
string_acoustic_043-072-025,string_acoustic_043,72,25,38
string_acoustic_043-072-050,string_acoustic_043,72,50,38
string_acoustic_043-072-075,string_acoustic_043,72,75,38
string_acoustic_043-072-100,string_acoustic_043,72,100,38
string_acoustic_043-072-127,string_acoustic_043,72,127,38
string_acoustic_044-072-025,string_acoustic_044,72,25,38
string_acoustic_044-072-050,string_acoustic_044,72,50,38
string_acoustic_044-072-075,string_acoustic_044,72,75,38
string_acoustic_044-072-100,string_acoustic_044,72,100,38
string_acoustic_044-072-127,string_acoustic_044,72,127,38
string_acoustic_047-072-025,string_acoustic_047,72,25,38
string_acoustic_047-072-050,string_acoustic_047,72,50,38
string_acoustic_047-072-075,string_acoustic_047,72,75,38
string_acoustic_047-072-100,string_acoustic_047,72,100,38
string_acoustic_047-072-127,string_acoustic_047,72,127,38
string_acoustic_048-072-025,string_acoustic_048,72,25,38
string_acoustic_048-072-050,string_acoustic_048,72,50,38
string_acoustic_048-072-075,string_acoustic_048,72,75,38
string_acoustic_048-072-100,string_acoustic_048,72,100,38
string_acoustic_048-072-127,string_acoustic_048,72,127,38
string_acoustic_049-072-025,string_acoustic_049,72,25,38
string_acoustic_049-072-050,string_acoustic_049,72,50,38
string_acoustic_049-072-075,string_acoustic_049,72,75,38
string_acoustic_049-072-100,string_acoustic_049,72,100,38
string_acoustic_049-072-127,string_acoustic_049,72,127,38
string_acoustic_051-072-025,string_acoustic_051,72,25,38
string_acoustic_051-072-050,string_acoustic_051,72,50,38
string_acoustic_051-072-075,string_acoustic_051,72,75,38
string_acoustic_051-072-100,string_acoustic_051,72,100,38
string_acoustic_051-072-127,string_acoustic_051,72,127,38
string_acoustic_052-072-025,string_acoustic_052,72,25,38
string_acoustic_052-072-050,string_acoustic_052,72,50,38
string_acoustic_052-072-075,string_acoustic_052,72,75,38
string_acoustic_052-072-100,string_acoustic_052,72,100,38
string_acoustic_052-072-127,string_acoustic_052,72,127,38
string_acoustic_054-072-025,string_acoustic_054,72,25,38
string_acoustic_054-072-050,string_acoustic_054,72,50,38
string_acoustic_054-072-075,string_acoustic_054,72,75,38
string_acoustic_054-072-100,string_acoustic_054,72,100,38
string_acoustic_054-072-127,string_acoustic_054,72,127,38
string_acoustic_055-072-025,string_acoustic_055,72,25,38
string_acoustic_055-072-050,string_acoustic_055,72,50,38
string_acoustic_055-072-075,string_acoustic_055,72,75,38
string_acoustic_055-072-100,string_acoustic_055,72,100,38
string_acoustic_055-072-127,string_acoustic_055,72,127,38
string_acoustic_059-072-025,string_acoustic_059,72,25,38
string_acoustic_059-072-050,string_acoustic_059,72,50,38
string_acoustic_059-072-075,string_acoustic_059,72,75,38
string_acoustic_059-072-100,string_acoustic_059,72,100,38
string_acoustic_059-072-127,string_acoustic_059,72,127,38
string_acoustic_060-072-025,string_acoustic_060,72,25,38
string_acoustic_060-072-050,string_acoustic_060,72,50,38
string_acoustic_060-072-075,string_acoustic_060,72,75,38
string_acoustic_060-072-100,string_acoustic_060,72,100,38
string_acoustic_060-072-127,string_acoustic_060,72,127,38
string_acoustic_061-072-025,string_acoustic_061,72,25,38
string_acoustic_061-072-050,string_acoustic_061,72,50,38
string_acoustic_061-072-075,string_acoustic_061,72,75,38
string_acoustic_061-072-100,string_acoustic_061,72,100,38
string_acoustic_061-072-127,string_acoustic_061,72,127,38
string_acoustic_063-072-025,string_acoustic_063,72,25,38
string_acoustic_063-072-050,string_acoustic_063,72,50,38
string_acoustic_063-072-075,string_acoustic_063,72,75,38
string_acoustic_063-072-100,string_acoustic_063,72,100,38
string_acoustic_063-072-127,string_acoustic_063,72,127,38
string_acoustic_064-072-025,string_acoustic_064,72,25,38
string_acoustic_064-072-050,string_acoustic_064,72,50,38
string_acoustic_064-072-075,string_acoustic_064,72,75,38
string_acoustic_064-072-100,string_acoustic_064,72,100,38
string_acoustic_064-072-127,string_acoustic_064,72,127,38
string_acoustic_066-072-025,string_acoustic_066,72,25,38
string_acoustic_066-072-050,string_acoustic_066,72,50,38
string_acoustic_066-072-075,string_acoustic_066,72,75,38
string_acoustic_066-072-100,string_acoustic_066,72,100,38
string_acoustic_066-072-127,string_acoustic_066,72,127,38
string_acoustic_067-072-025,string_acoustic_067,72,25,38
string_acoustic_067-072-050,string_acoustic_067,72,50,38
string_acoustic_067-072-075,string_acoustic_067,72,75,38
string_acoustic_067-072-100,string_acoustic_067,72,100,38
string_acoustic_067-072-127,string_acoustic_067,72,127,38
string_acoustic_069-072-025,string_acoustic_069,72,25,38
string_acoustic_069-072-050,string_acoustic_069,72,50,38
string_acoustic_069-072-075,string_acoustic_069,72,75,38
string_acoustic_069-072-100,string_acoustic_069,72,100,38
string_acoustic_069-072-127,string_acoustic_069,72,127,38
string_acoustic_070-072-025,string_acoustic_070,72,25,38
string_acoustic_070-072-050,string_acoustic_070,72,50,38
string_acoustic_070-072-075,string_acoustic_070,72,75,38
string_acoustic_070-072-100,string_acoustic_070,72,100,38
string_acoustic_070-072-127,string_acoustic_070,72,127,38
string_acoustic_072-072-025,string_acoustic_072,72,25,38
string_acoustic_074-072-025,string_acoustic_074,72,25,38
string_acoustic_074-072-050,string_acoustic_074,72,50,38
string_acoustic_074-072-075,string_acoustic_074,72,75,38
string_acoustic_074-072-100,string_acoustic_074,72,100,38
string_acoustic_074-072-127,string_acoustic_074,72,127,38
string_acoustic_076-072-025,string_acoustic_076,72,25,38
string_acoustic_076-072-050,string_acoustic_076,72,50,38
string_acoustic_076-072-075,string_acoustic_076,72,75,38
string_acoustic_076-072-100,string_acoustic_076,72,100,38
string_acoustic_076-072-127,string_acoustic_076,72,127,38
string_acoustic_078-072-025,string_acoustic_078,72,25,38
string_acoustic_078-072-050,string_acoustic_078,72,50,38
string_acoustic_078-072-075,string_acoustic_078,72,75,38
string_acoustic_078-072-100,string_acoustic_078,72,100,38
string_acoustic_078-072-127,string_acoustic_078,72,127,38
string_acoustic_083-072-025,string_acoustic_083,72,25,38
string_acoustic_083-072-050,string_acoustic_083,72,50,38
string_acoustic_083-072-075,string_acoustic_083,72,75,38
string_acoustic_083-072-100,string_acoustic_083,72,100,38
string_acoustic_083-072-127,string_acoustic_083,72,127,38
string_acoustic_086-072-025,string_acoustic_086,72,25,38
string_acoustic_086-072-050,string_acoustic_086,72,50,38
string_acoustic_086-072-075,string_acoustic_086,72,75,38
string_acoustic_086-072-100,string_acoustic_086,72,100,38
string_acoustic_086-072-127,string_acoustic_086,72,127,38
string_acoustic_088-072-025,string_acoustic_088,72,25,38
string_acoustic_088-072-050,string_acoustic_088,72,50,38
string_acoustic_088-072-075,string_acoustic_088,72,75,38
string_acoustic_088-072-100,string_acoustic_088,72,100,38
string_acoustic_088-072-127,string_acoustic_088,72,127,38
string_acoustic_089-072-025,string_acoustic_089,72,25,38
string_acoustic_089-072-050,string_acoustic_089,72,50,38
string_acoustic_089-072-075,string_acoustic_089,72,75,38
string_acoustic_089-072-100,string_acoustic_089,72,100,38
string_acoustic_089-072-127,string_acoustic_089,72,127,38
string_acoustic_090-072-025,string_acoustic_090,72,25,38
string_acoustic_090-072-050,string_acoustic_090,72,50,38
string_acoustic_090-072-075,string_acoustic_090,72,75,38
string_acoustic_090-072-100,string_acoustic_090,72,100,38
string_acoustic_090-072-127,string_acoustic_090,72,127,38
